timestamp,quote,symbol,digit
1700000000,1000.005,R_100,5
1700000001,1000.016,R_100,6
1700000002,1000.021,R_100,1
1700000003,1000.021,R_100,1
1700000004,1000.02,R_100,0
1700000005,1000.013,R_100,3
1700000006,1000.016,R_100,6
1700000007,1000.013,R_100,3
1700000008,1000.016,R_100,6
1700000009,1000.019,R_100,9
1700000010,1000.023,R_100,3
1700000011,1000.039,R_100,9
1700000012,1000.049,R_100,9
1700000013,1000.05,R_100,0
1700000014,1000.05,R_100,0
1700000015,1000.052,R_100,2
1700000016,1000.052,R_100,2
1700000017,1000.059,R_100,9
1700000018,1000.052,R_100,2
1700000019,1000.059,R_100,9
1700000020,1000.055,R_100,5
1700000021,1000.061,R_100,1
1700000022,1000.069,R_100,9
1700000023,1000.078,R_100,8
1700000024,1000.085,R_100,5
1700000025,1000.087,R_100,7
1700000026,1000.093,R_100,3
1700000027,1000.093,R_100,3
1700000028,1000.094,R_100,4
1700000029,1000.105,R_100,5
1700000030,1000.114,R_100,4
1700000031,1000.111,R_100,1
1700000032,1000.116,R_100,6
1700000033,1000.115,R_100,5
1700000034,1000.117,R_100,7
1700000035,1000.121,R_100,1
1700000036,1000.129,R_100,9
1700000037,1000.135,R_100,5
1700000038,1000.145,R_100,5
1700000039,1000.159,R_100,9
1700000040,1000.161,R_100,1
1700000041,1000.164,R_100,4
1700000042,1000.161,R_100,1
1700000043,1000.164,R_100,4
1700000044,1000.167,R_100,7
1700000045,1000.176,R_100,6
1700000046,1000.175,R_100,5
1700000047,1000.177,R_100,7
1700000048,1000.179,R_100,9
1700000049,1000.18,R_100,0
1700000050,1000.184,R_100,4
1700000051,1000.183,R_100,3
1700000052,1000.187,R_100,7
1700000053,1000.197,R_100,7
1700000054,1000.204,R_100,4
1700000055,1000.216,R_100,6
1700000056,1000.224,R_100,4
1700000057,1000.235,R_100,5
1700000058,1000.246,R_100,6
1700000059,1000.242,R_100,2
1700000060,1000.242,R_100,2
1700000061,1000.243,R_100,3
1700000062,1000.249,R_100,9
1700000063,1000.244,R_100,4
1700000064,1000.246,R_100,6
1700000065,1000.259,R_100,9
1700000066,1000.262,R_100,2
1700000067,1000.278,R_100,8
1700000068,1000.28,R_100,0
1700000069,1000.288,R_100,8
1700000070,1000.296,R_100,6
1700000071,1000.307,R_100,7
1700000072,1000.3,R_100,0
1700000073,1000.303,R_100,3
1700000074,1000.301,R_100,1
1700000075,1000.3,R_100,0
1700000076,1000.309,R_100,9
1700000077,1000.311,R_100,1
1700000078,1000.319,R_100,9
1700000079,1000.323,R_100,3
1700000080,1000.322,R_100,2
1700000081,1000.325,R_100,5
1700000082,1000.327,R_100,7
1700000083,1000.337,R_100,7
1700000084,1000.347,R_100,7
1700000085,1000.344,R_100,4
1700000086,1000.351,R_100,1
1700000087,1000.354,R_100,4
1700000088,1000.352,R_100,2
1700000089,1000.363,R_100,3
1700000090,1000.368,R_100,8
1700000091,1000.378,R_100,8
1700000092,1000.388,R_100,8
1700000093,1000.391,R_100,1
1700000094,1000.394,R_100,4
1700000095,1000.392,R_100,2
1700000096,1000.393,R_100,3
1700000097,1000.398,R_100,8
1700000098,1000.403,R_100,3
1700000099,1000.413,R_100,3
1700000100,1000.416,R_100,6
1700000101,1000.413,R_100,3
1700000102,1000.417,R_100,7
1700000103,1000.42,R_100,0
1700000104,1000.424,R_100,4
1700000105,1000.433,R_100,3
1700000106,1000.435,R_100,5
1700000107,1000.445,R_100,5
1700000108,1000.445,R_100,5
1700000109,1000.441,R_100,1
1700000110,1000.443,R_100,3
1700000111,1000.447,R_100,7
1700000112,1000.459,R_100,9
1700000113,1000.467,R_100,7
1700000114,1000.475,R_100,5
1700000115,1000.481,R_100,1
1700000116,1000.491,R_100,1
1700000117,1000.493,R_100,3
1700000118,1000.492,R_100,2
1700000119,1000.495,R_100,5
1700000120,1000.506,R_100,6
1700000121,1000.511,R_100,1
1700000122,1000.522,R_100,2
1700000123,1000.52,R_100,0
1700000124,1000.527,R_100,7
1700000125,1000.532,R_100,2
1700000126,1000.549,R_100,9
1700000127,1000.555,R_100,5
1700000128,1000.558,R_100,8
1700000129,1000.56,R_100,0
1700000130,1000.561,R_100,1
1700000131,1000.562,R_100,2
1700000132,1000.573,R_100,3
1700000133,1000.573,R_100,3
1700000134,1000.573,R_100,3
1700000135,1000.583,R_100,3
1700000136,1000.585,R_100,5
1700000137,1000.596,R_100,6
1700000138,1000.6,R_100,0
1700000139,1000.605,R_100,5
1700000140,1000.619,R_100,9
1700000141,1000.628,R_100,8
1700000142,1000.628,R_100,8
1700000143,1000.632,R_100,2
1700000144,1000.64,R_100,0
1700000145,1000.642,R_100,2
1700000146,1000.642,R_100,2
1700000147,1000.647,R_100,7
1700000148,1000.651,R_100,1
1700000149,1000.655,R_100,5
1700000150,1000.668,R_100,8
1700000151,1000.671,R_100,1
1700000152,1000.67,R_100,0
1700000153,1000.664,R_100,4
1700000154,1000.661,R_100,1
1700000155,1000.668,R_100,8
1700000156,1000.671,R_100,1
1700000157,1000.689,R_100,9
1700000158,1000.699,R_100,9
1700000159,1000.704,R_100,4
1700000160,1000.718,R_100,8
1700000161,1000.728,R_100,8
1700000162,1000.738,R_100,8
1700000163,1000.744,R_100,4
1700000164,1000.753,R_100,3
1700000165,1000.752,R_100,2
1700000166,1000.756,R_100,6
1700000167,1000.761,R_100,1
1700000168,1000.766,R_100,6
1700000169,1000.774,R_100,4
1700000170,1000.782,R_100,2
1700000171,1000.785,R_100,5
1700000172,1000.792,R_100,2
1700000173,1000.793,R_100,3
1700000174,1000.791,R_100,1
1700000175,1000.797,R_100,7
1700000176,1000.793,R_100,3
1700000177,1000.806,R_100,6
1700000178,1000.806,R_100,6
1700000179,1000.803,R_100,3
1700000180,1000.801,R_100,1
1700000181,1000.8,R_100,0
1700000182,1000.807,R_100,7
1700000183,1000.81,R_100,0
1700000184,1000.818,R_100,8
1700000185,1000.828,R_100,8
1700000186,1000.831,R_100,1
1700000187,1000.843,R_100,3
1700000188,1000.841,R_100,1
1700000189,1000.844,R_100,4
1700000190,1000.842,R_100,2
1700000191,1000.852,R_100,2
1700000192,1000.854,R_100,4
1700000193,1000.868,R_100,8
1700000194,1000.879,R_100,9
1700000195,1000.885,R_100,5
1700000196,1000.89,R_100,0
1700000197,1000.892,R_100,2
1700000198,1000.891,R_100,1
1700000199,1000.89,R_100,0
1700000200,1000.894,R_100,4
1700000201,1000.893,R_100,3
1700000202,1000.891,R_100,1
1700000203,1000.905,R_100,5
1700000204,1000.916,R_100,6
1700000205,1000.924,R_100,4
1700000206,1000.92,R_100,0
1700000207,1000.923,R_100,3
1700000208,1000.922,R_100,2
1700000209,1000.922,R_100,2
1700000210,1000.924,R_100,4
1700000211,1000.938,R_100,8
1700000212,1000.944,R_100,4
1700000213,1000.942,R_100,2
1700000214,1000.95,R_100,0
1700000215,1000.95,R_100,0
1700000216,1000.958,R_100,8
1700000217,1000.963,R_100,3
1700000218,1000.973,R_100,3
1700000219,1000.981,R_100,1
1700000220,1000.986,R_100,6
1700000221,1000.998,R_100,8
1700000222,1001.006,R_100,6
1700000223,1001.014,R_100,4
1700000224,1001.013,R_100,3
1700000225,1001.012,R_100,2
1700000226,1001.025,R_100,5
1700000227,1001.022,R_100,2
1700000228,1001.024,R_100,4
1700000229,1001.02,R_100,0
1700000230,1001.026,R_100,6
1700000231,1001.034,R_100,4
1700000232,1001.034,R_100,4
1700000233,1001.032,R_100,2
1700000234,1001.037,R_100,7
1700000235,1001.045,R_100,5
1700000236,1001.048,R_100,8
1700000237,1001.05,R_100,0
1700000238,1001.054,R_100,4
1700000239,1001.052,R_100,2
1700000240,1001.056,R_100,6
1700000241,1001.064,R_100,4
1700000242,1001.063,R_100,3
1700000243,1001.06,R_100,0
1700000244,1001.061,R_100,1
1700000245,1001.069,R_100,9
1700000246,1001.07,R_100,0
1700000247,1001.073,R_100,3
1700000248,1001.088,R_100,8
1700000249,1001.092,R_100,2
1700000250,1001.099,R_100,9
1700000251,1001.105,R_100,5
1700000252,1001.107,R_100,7
1700000253,1001.119,R_100,9
1700000254,1001.12,R_100,0
1700000255,1001.128,R_100,8
1700000256,1001.128,R_100,8
1700000257,1001.138,R_100,8
1700000258,1001.149,R_100,9
1700000259,1001.15,R_100,0
1700000260,1001.159,R_100,9
1700000261,1001.153,R_100,3
1700000262,1001.15,R_100,0
1700000263,1001.155,R_100,5
1700000264,1001.166,R_100,6
1700000265,1001.168,R_100,8
1700000266,1001.17,R_100,0
1700000267,1001.173,R_100,3
1700000268,1001.17,R_100,0
1700000269,1001.171,R_100,1
1700000270,1001.178,R_100,8
1700000271,1001.181,R_100,1
1700000272,1001.181,R_100,1
1700000273,1001.187,R_100,7
1700000274,1001.191,R_100,1
1700000275,1001.193,R_100,3
1700000276,1001.193,R_100,3
1700000277,1001.197,R_100,7
1700000278,1001.196,R_100,6
1700000279,1001.204,R_100,4
1700000280,1001.219,R_100,9
1700000281,1001.223,R_100,3
1700000282,1001.222,R_100,2
1700000283,1001.224,R_100,4
1700000284,1001.222,R_100,2
1700000285,1001.22,R_100,0
1700000286,1001.221,R_100,1
1700000287,1001.227,R_100,7
1700000288,1001.238,R_100,8
1700000289,1001.247,R_100,7
1700000290,1001.251,R_100,1
1700000291,1001.258,R_100,8
1700000292,1001.261,R_100,1
1700000293,1001.26,R_100,0
1700000294,1001.261,R_100,1
1700000295,1001.277,R_100,7
1700000296,1001.276,R_100,6
1700000297,1001.273,R_100,3
1700000298,1001.271,R_100,1
1700000299,1001.278,R_100,8
1700000300,1001.275,R_100,5
1700000301,1001.278,R_100,8
1700000302,1001.281,R_100,1
1700000303,1001.283,R_100,3
1700000304,1001.287,R_100,7
1700000305,1001.282,R_100,2
1700000306,1001.287,R_100,7
1700000307,1001.286,R_100,6
1700000308,1001.282,R_100,2
1700000309,1001.286,R_100,6
1700000310,1001.285,R_100,5
1700000311,1001.295,R_100,5
1700000312,1001.301,R_100,1
1700000313,1001.303,R_100,3
1700000314,1001.304,R_100,4
1700000315,1001.301,R_100,1
1700000316,1001.309,R_100,9
1700000317,1001.316,R_100,6
1700000318,1001.31,R_100,0
1700000319,1001.31,R_100,0
1700000320,1001.314,R_100,4
1700000321,1001.312,R_100,2
1700000322,1001.314,R_100,4
1700000323,1001.315,R_100,5
1700000324,1001.325,R_100,5
1700000325,1001.336,R_100,6
1700000326,1001.346,R_100,6
1700000327,1001.358,R_100,8
1700000328,1001.351,R_100,1
1700000329,1001.356,R_100,6
1700000330,1001.362,R_100,2
1700000331,1001.364,R_100,4
1700000332,1001.368,R_100,8
1700000333,1001.377,R_100,7
1700000334,1001.384,R_100,4
1700000335,1001.384,R_100,4
1700000336,1001.383,R_100,3
1700000337,1001.388,R_100,8
1700000338,1001.381,R_100,1
1700000339,1001.382,R_100,2
1700000340,1001.398,R_100,8
1700000341,1001.407,R_100,7
1700000342,1001.417,R_100,7
1700000343,1001.427,R_100,7
1700000344,1001.428,R_100,8
1700000345,1001.421,R_100,1
1700000346,1001.428,R_100,8
1700000347,1001.433,R_100,3
1700000348,1001.439,R_100,9
1700000349,1001.44,R_100,0
1700000350,1001.446,R_100,6
1700000351,1001.448,R_100,8
1700000352,1001.454,R_100,4
1700000353,1001.45,R_100,0
1700000354,1001.469,R_100,9
1700000355,1001.472,R_100,2
1700000356,1001.478,R_100,8
1700000357,1001.473,R_100,3
1700000358,1001.473,R_100,3
1700000359,1001.477,R_100,7
1700000360,1001.484,R_100,4
1700000361,1001.48,R_100,0
1700000362,1001.486,R_100,6
1700000363,1001.497,R_100,7
1700000364,1001.497,R_100,7
1700000365,1001.506,R_100,6
1700000366,1001.518,R_100,8
1700000367,1001.517,R_100,7
1700000368,1001.511,R_100,1
1700000369,1001.512,R_100,2
1700000370,1001.521,R_100,1
1700000371,1001.527,R_100,7
1700000372,1001.52,R_100,0
1700000373,1001.522,R_100,2
1700000374,1001.52,R_100,0
1700000375,1001.524,R_100,4
1700000376,1001.524,R_100,4
1700000377,1001.536,R_100,6
1700000378,1001.531,R_100,1
1700000379,1001.534,R_100,4
1700000380,1001.539,R_100,9
1700000381,1001.544,R_100,4
1700000382,1001.549,R_100,9
1700000383,1001.558,R_100,8
1700000384,1001.567,R_100,7
1700000385,1001.575,R_100,5
1700000386,1001.583,R_100,3
1700000387,1001.583,R_100,3
1700000388,1001.59,R_100,0
1700000389,1001.594,R_100,4
1700000390,1001.593,R_100,3
1700000391,1001.596,R_100,6
1700000392,1001.603,R_100,3
1700000393,1001.605,R_100,5
1700000394,1001.61,R_100,0
1700000395,1001.616,R_100,6
1700000396,1001.616,R_100,6
1700000397,1001.624,R_100,4
1700000398,1001.628,R_100,8
1700000399,1001.637,R_100,7
1700000400,1001.644,R_100,4
1700000401,1001.643,R_100,3
1700000402,1001.643,R_100,3
1700000403,1001.644,R_100,4
1700000404,1001.649,R_100,9
1700000405,1001.652,R_100,2
1700000406,1001.657,R_100,7
1700000407,1001.66,R_100,0
1700000408,1001.662,R_100,2
1700000409,1001.66,R_100,0
1700000410,1001.669,R_100,9
1700000411,1001.67,R_100,0
1700000412,1001.672,R_100,2
1700000413,1001.675,R_100,5
1700000414,1001.681,R_100,1
1700000415,1001.685,R_100,5
1700000416,1001.698,R_100,8
1700000417,1001.7,R_100,0
1700000418,1001.706,R_100,6
1700000419,1001.715,R_100,5
1700000420,1001.711,R_100,1
1700000421,1001.714,R_100,4
1700000422,1001.726,R_100,6
1700000423,1001.731,R_100,1
1700000424,1001.733,R_100,3
1700000425,1001.744,R_100,4
1700000426,1001.746,R_100,6
1700000427,1001.747,R_100,7
1700000428,1001.758,R_100,8
1700000429,1001.763,R_100,3
1700000430,1001.767,R_100,7
1700000431,1001.766,R_100,6
1700000432,1001.766,R_100,6
1700000433,1001.77,R_100,0
1700000434,1001.77,R_100,0
1700000435,1001.771,R_100,1
1700000436,1001.775,R_100,5
1700000437,1001.785,R_100,5
1700000438,1001.789,R_100,9
1700000439,1001.795,R_100,5
1700000440,1001.794,R_100,4
1700000441,1001.809,R_100,9
1700000442,1001.801,R_100,1
1700000443,1001.803,R_100,3
1700000444,1001.817,R_100,7
1700000445,1001.826,R_100,6
1700000446,1001.836,R_100,6
1700000447,1001.842,R_100,2
1700000448,1001.842,R_100,2
1700000449,1001.854,R_100,4
1700000450,1001.862,R_100,2
1700000451,1001.875,R_100,5
1700000452,1001.877,R_100,7
1700000453,1001.879,R_100,9
1700000454,1001.883,R_100,3
1700000455,1001.882,R_100,2
1700000456,1001.881,R_100,1
1700000457,1001.887,R_100,7
1700000458,1001.885,R_100,5
1700000459,1001.896,R_100,6
1700000460,1001.891,R_100,1
1700000461,1001.891,R_100,1
1700000462,1001.896,R_100,6
1700000463,1001.897,R_100,7
1700000464,1001.902,R_100,2
1700000465,1001.919,R_100,9
1700000466,1001.923,R_100,3
1700000467,1001.931,R_100,1
1700000468,1001.934,R_100,4
1700000469,1001.939,R_100,9
1700000470,1001.944,R_100,4
1700000471,1001.943,R_100,3
1700000472,1001.942,R_100,2
1700000473,1001.942,R_100,2
1700000474,1001.949,R_100,9
1700000475,1001.951,R_100,1
1700000476,1001.953,R_100,3
1700000477,1001.953,R_100,3
1700000478,1001.961,R_100,1
1700000479,1001.96,R_100,0
1700000480,1001.967,R_100,7
1700000481,1001.973,R_100,3
1700000482,1001.975,R_100,5
1700000483,1001.974,R_100,4
1700000484,1001.97,R_100,0
1700000485,1001.979,R_100,9
1700000486,1001.981,R_100,1
1700000487,1001.982,R_100,2
1700000488,1001.994,R_100,4
1700000489,1001.99,R_100,0
1700000490,1001.999,R_100,9
1700000491,1002.005,R_100,5
1700000492,1002.005,R_100,5
1700000493,1002.0,R_100,0
1700000494,1002.004,R_100,4
1700000495,1002.013,R_100,3
1700000496,1002.015,R_100,5
1700000497,1002.015,R_100,5
1700000498,1002.014,R_100,4
1700000499,1002.02,R_100,0
1700000500,1002.028,R_100,8
1700000501,1002.026,R_100,6
1700000502,1002.036,R_100,6
1700000503,1002.042,R_100,2
1700000504,1002.041,R_100,1
1700000505,1002.046,R_100,6
1700000506,1002.056,R_100,6
1700000507,1002.054,R_100,4
1700000508,1002.05,R_100,0
1700000509,1002.059,R_100,9
1700000510,1002.066,R_100,6
1700000511,1002.075,R_100,5
1700000512,1002.086,R_100,6
1700000513,1002.093,R_100,3
1700000514,1002.106,R_100,6
1700000515,1002.106,R_100,6
1700000516,1002.111,R_100,1
1700000517,1002.115,R_100,5
1700000518,1002.112,R_100,2
1700000519,1002.11,R_100,0
1700000520,1002.116,R_100,6
1700000521,1002.129,R_100,9
1700000522,1002.138,R_100,8
1700000523,1002.145,R_100,5
1700000524,1002.148,R_100,8
1700000525,1002.141,R_100,1
1700000526,1002.147,R_100,7
1700000527,1002.143,R_100,3
1700000528,1002.15,R_100,0
1700000529,1002.157,R_100,7
1700000530,1002.169,R_100,9
1700000531,1002.166,R_100,6
1700000532,1002.179,R_100,9
1700000533,1002.182,R_100,2
1700000534,1002.183,R_100,3
1700000535,1002.199,R_100,9
1700000536,1002.207,R_100,7
1700000537,1002.203,R_100,3
1700000538,1002.208,R_100,8
1700000539,1002.205,R_100,5
1700000540,1002.213,R_100,3
1700000541,1002.213,R_100,3
1700000542,1002.228,R_100,8
1700000543,1002.23,R_100,0
1700000544,1002.235,R_100,5
1700000545,1002.249,R_100,9
1700000546,1002.254,R_100,4
1700000547,1002.254,R_100,4
1700000548,1002.256,R_100,6
1700000549,1002.255,R_100,5
1700000550,1002.257,R_100,7
1700000551,1002.26,R_100,0
1700000552,1002.267,R_100,7
1700000553,1002.277,R_100,7
1700000554,1002.287,R_100,7
1700000555,1002.297,R_100,7
1700000556,1002.291,R_100,1
1700000557,1002.296,R_100,6
1700000558,1002.307,R_100,7
1700000559,1002.3,R_100,0
1700000560,1002.302,R_100,2
1700000561,1002.305,R_100,5
1700000562,1002.308,R_100,8
1700000563,1002.318,R_100,8
1700000564,1002.312,R_100,2
1700000565,1002.321,R_100,1
1700000566,1002.321,R_100,1
1700000567,1002.327,R_100,7
1700000568,1002.332,R_100,2
1700000569,1002.333,R_100,3
1700000570,1002.335,R_100,5
1700000571,1002.334,R_100,4
1700000572,1002.339,R_100,9
1700000573,1002.347,R_100,7
1700000574,1002.358,R_100,8
1700000575,1002.367,R_100,7
1700000576,1002.374,R_100,4
1700000577,1002.373,R_100,3
1700000578,1002.37,R_100,0
1700000579,1002.376,R_100,6
1700000580,1002.384,R_100,4
1700000581,1002.386,R_100,6
1700000582,1002.384,R_100,4
1700000583,1002.388,R_100,8
1700000584,1002.395,R_100,5
1700000585,1002.407,R_100,7
1700000586,1002.419,R_100,9
1700000587,1002.421,R_100,1
1700000588,1002.428,R_100,8
1700000589,1002.436,R_100,6
1700000590,1002.435,R_100,5
1700000591,1002.445,R_100,5
1700000592,1002.445,R_100,5
1700000593,1002.441,R_100,1
1700000594,1002.442,R_100,2
1700000595,1002.44,R_100,0
1700000596,1002.448,R_100,8
1700000597,1002.459,R_100,9
1700000598,1002.465,R_100,5
1700000599,1002.46,R_100,0
1700000600,1002.464,R_100,4
1700000601,1002.466,R_100,6
1700000602,1002.475,R_100,5
1700000603,1002.482,R_100,2
1700000604,1002.489,R_100,9
1700000605,1002.49,R_100,0
1700000606,1002.499,R_100,9
1700000607,1002.501,R_100,1
1700000608,1002.508,R_100,8
1700000609,1002.519,R_100,9
1700000610,1002.522,R_100,2
1700000611,1002.529,R_100,9
1700000612,1002.522,R_100,2
1700000613,1002.523,R_100,3
1700000614,1002.527,R_100,7
1700000615,1002.532,R_100,2
1700000616,1002.534,R_100,4
1700000617,1002.544,R_100,4
1700000618,1002.54,R_100,0
1700000619,1002.548,R_100,8
1700000620,1002.559,R_100,9
1700000621,1002.567,R_100,7
1700000622,1002.578,R_100,8
1700000623,1002.583,R_100,3
1700000624,1002.58,R_100,0
1700000625,1002.588,R_100,8
1700000626,1002.592,R_100,2
1700000627,1002.6,R_100,0
1700000628,1002.601,R_100,1
1700000629,1002.608,R_100,8
1700000630,1002.603,R_100,3
1700000631,1002.603,R_100,3
1700000632,1002.608,R_100,8
1700000633,1002.616,R_100,6
1700000634,1002.622,R_100,2
1700000635,1002.621,R_100,1
1700000636,1002.63,R_100,0
1700000637,1002.637,R_100,7
1700000638,1002.64,R_100,0
1700000639,1002.646,R_100,6
1700000640,1002.647,R_100,7
1700000641,1002.647,R_100,7
1700000642,1002.641,R_100,1
1700000643,1002.64,R_100,0
1700000644,1002.644,R_100,4
1700000645,1002.644,R_100,4
1700000646,1002.656,R_100,6
1700000647,1002.668,R_100,8
1700000648,1002.674,R_100,4
1700000649,1002.673,R_100,3
1700000650,1002.678,R_100,8
1700000651,1002.684,R_100,4
1700000652,1002.693,R_100,3
1700000653,1002.695,R_100,5
1700000654,1002.696,R_100,6
1700000655,1002.703,R_100,3
1700000656,1002.708,R_100,8
1700000657,1002.718,R_100,8
1700000658,1002.72,R_100,0
1700000659,1002.723,R_100,3
1700000660,1002.734,R_100,4
1700000661,1002.746,R_100,6
1700000662,1002.751,R_100,1
1700000663,1002.752,R_100,2
1700000664,1002.75,R_100,0
1700000665,1002.759,R_100,9
1700000666,1002.765,R_100,5
1700000667,1002.76,R_100,0
1700000668,1002.762,R_100,2
1700000669,1002.76,R_100,0
1700000670,1002.76,R_100,0
1700000671,1002.769,R_100,9
1700000672,1002.773,R_100,3
1700000673,1002.788,R_100,8
1700000674,1002.791,R_100,1
1700000675,1002.796,R_100,6
1700000676,1002.793,R_100,3
1700000677,1002.79,R_100,0
1700000678,1002.791,R_100,1
1700000679,1002.794,R_100,4
1700000680,1002.792,R_100,2
1700000681,1002.793,R_100,3
1700000682,1002.795,R_100,5
1700000683,1002.79,R_100,0
1700000684,1002.784,R_100,4
1700000685,1002.795,R_100,5
1700000686,1002.799,R_100,9
1700000687,1002.804,R_100,4
1700000688,1002.81,R_100,0
1700000689,1002.81,R_100,0
1700000690,1002.811,R_100,1
1700000691,1002.81,R_100,0
1700000692,1002.813,R_100,3
1700000693,1002.811,R_100,1
1700000694,1002.814,R_100,4
1700000695,1002.81,R_100,0
1700000696,1002.814,R_100,4
1700000697,1002.81,R_100,0
1700000698,1002.817,R_100,7
1700000699,1002.822,R_100,2
1700000700,1002.829,R_100,9
1700000701,1002.838,R_100,8
1700000702,1002.842,R_100,2
1700000703,1002.853,R_100,3
1700000704,1002.853,R_100,3
1700000705,1002.861,R_100,1
1700000706,1002.861,R_100,1
1700000707,1002.868,R_100,8
1700000708,1002.875,R_100,5
1700000709,1002.886,R_100,6
1700000710,1002.881,R_100,1
1700000711,1002.88,R_100,0
1700000712,1002.884,R_100,4
1700000713,1002.888,R_100,8
1700000714,1002.896,R_100,6
1700000715,1002.903,R_100,3
1700000716,1002.902,R_100,2
1700000717,1002.909,R_100,9
1700000718,1002.915,R_100,5
1700000719,1002.918,R_100,8
1700000720,1002.927,R_100,7
1700000721,1002.925,R_100,5
1700000722,1002.937,R_100,7
1700000723,1002.944,R_100,4
1700000724,1002.942,R_100,2
1700000725,1002.943,R_100,3
1700000726,1002.944,R_100,4
1700000727,1002.949,R_100,9
1700000728,1002.952,R_100,2
1700000729,1002.955,R_100,5
1700000730,1002.955,R_100,5
1700000731,1002.965,R_100,5
1700000732,1002.974,R_100,4
1700000733,1002.971,R_100,1
1700000734,1002.971,R_100,1
1700000735,1002.982,R_100,2
1700000736,1002.984,R_100,4
1700000737,1002.986,R_100,6
1700000738,1002.991,R_100,1
1700000739,1002.991,R_100,1
1700000740,1002.996,R_100,6
1700000741,1003.0,R_100,0
1700000742,1003.006,R_100,6
1700000743,1003.018,R_100,8
1700000744,1003.024,R_100,4
1700000745,1003.022,R_100,2
1700000746,1003.026,R_100,6
1700000747,1003.033,R_100,3
1700000748,1003.036,R_100,6
1700000749,1003.049,R_100,9
1700000750,1003.056,R_100,6
1700000751,1003.069,R_100,9
1700000752,1003.072,R_100,2
1700000753,1003.077,R_100,7
1700000754,1003.084,R_100,4
1700000755,1003.091,R_100,1
1700000756,1003.093,R_100,3
1700000757,1003.092,R_100,2
1700000758,1003.096,R_100,6
1700000759,1003.1,R_100,0
1700000760,1003.106,R_100,6
1700000761,1003.112,R_100,2
1700000762,1003.125,R_100,5
1700000763,1003.136,R_100,6
1700000764,1003.131,R_100,1
1700000765,1003.138,R_100,8
1700000766,1003.143,R_100,3
1700000767,1003.151,R_100,1
1700000768,1003.157,R_100,7
1700000769,1003.167,R_100,7
1700000770,1003.175,R_100,5
1700000771,1003.186,R_100,6
1700000772,1003.187,R_100,7
1700000773,1003.192,R_100,2
1700000774,1003.191,R_100,1
1700000775,1003.199,R_100,9
1700000776,1003.2,R_100,0
1700000777,1003.206,R_100,6
1700000778,1003.2,R_100,0
1700000779,1003.206,R_100,6
1700000780,1003.215,R_100,5
1700000781,1003.211,R_100,1
1700000782,1003.226,R_100,6
1700000783,1003.238,R_100,8
1700000784,1003.246,R_100,6
1700000785,1003.242,R_100,2
1700000786,1003.251,R_100,1
1700000787,1003.253,R_100,3
1700000788,1003.258,R_100,8
1700000789,1003.262,R_100,2
1700000790,1003.266,R_100,6
1700000791,1003.274,R_100,4
1700000792,1003.282,R_100,2
1700000793,1003.287,R_100,7
1700000794,1003.283,R_100,3
1700000795,1003.286,R_100,6
1700000796,1003.296,R_100,6
1700000797,1003.297,R_100,7
1700000798,1003.304,R_100,4
1700000799,1003.304,R_100,4
1700000800,1003.307,R_100,7
1700000801,1003.311,R_100,1
1700000802,1003.315,R_100,5
1700000803,1003.324,R_100,4
1700000804,1003.32,R_100,0
1700000805,1003.329,R_100,9
1700000806,1003.332,R_100,2
1700000807,1003.335,R_100,5
1700000808,1003.34,R_100,0
1700000809,1003.353,R_100,3
1700000810,1003.354,R_100,4
1700000811,1003.361,R_100,1
1700000812,1003.363,R_100,3
1700000813,1003.367,R_100,7
1700000814,1003.362,R_100,2
1700000815,1003.376,R_100,6
1700000816,1003.382,R_100,2
1700000817,1003.399,R_100,9
1700000818,1003.401,R_100,1
1700000819,1003.408,R_100,8
1700000820,1003.404,R_100,4
1700000821,1003.403,R_100,3
1700000822,1003.407,R_100,7
1700000823,1003.411,R_100,1
1700000824,1003.414,R_100,4
1700000825,1003.412,R_100,2
1700000826,1003.418,R_100,8
1700000827,1003.427,R_100,7
1700000828,1003.427,R_100,7
1700000829,1003.432,R_100,2
1700000830,1003.43,R_100,0
1700000831,1003.435,R_100,5
1700000832,1003.439,R_100,9
1700000833,1003.444,R_100,4
1700000834,1003.445,R_100,5
1700000835,1003.441,R_100,1
1700000836,1003.445,R_100,5
1700000837,1003.44,R_100,0
1700000838,1003.44,R_100,0
1700000839,1003.445,R_100,5
1700000840,1003.451,R_100,1
1700000841,1003.457,R_100,7
1700000842,1003.452,R_100,2
1700000843,1003.456,R_100,6
1700000844,1003.455,R_100,5
1700000845,1003.455,R_100,5
1700000846,1003.468,R_100,8
1700000847,1003.473,R_100,3
1700000848,1003.475,R_100,5
1700000849,1003.478,R_100,8
1700000850,1003.484,R_100,4
1700000851,1003.487,R_100,7
1700000852,1003.498,R_100,8
1700000853,1003.508,R_100,8
1700000854,1003.513,R_100,3
1700000855,1003.511,R_100,1
1700000856,1003.515,R_100,5
1700000857,1003.522,R_100,2
1700000858,1003.521,R_100,1
1700000859,1003.52,R_100,0
1700000860,1003.528,R_100,8
1700000861,1003.538,R_100,8
1700000862,1003.546,R_100,6
1700000863,1003.54,R_100,0
1700000864,1003.547,R_100,7
1700000865,1003.55,R_100,0
1700000866,1003.558,R_100,8
1700000867,1003.559,R_100,9
1700000868,1003.569,R_100,9
1700000869,1003.571,R_100,1
1700000870,1003.577,R_100,7
1700000871,1003.572,R_100,2
1700000872,1003.582,R_100,2
1700000873,1003.596,R_100,6
1700000874,1003.6,R_100,0
1700000875,1003.602,R_100,2
1700000876,1003.608,R_100,8
1700000877,1003.614,R_100,4
1700000878,1003.61,R_100,0
1700000879,1003.616,R_100,6
1700000880,1003.629,R_100,9
1700000881,1003.63,R_100,0
1700000882,1003.628,R_100,8
1700000883,1003.631,R_100,1
1700000884,1003.636,R_100,6
1700000885,1003.636,R_100,6
1700000886,1003.64,R_100,0
1700000887,1003.649,R_100,9
1700000888,1003.652,R_100,2
1700000889,1003.656,R_100,6
1700000890,1003.661,R_100,1
1700000891,1003.663,R_100,3
1700000892,1003.66,R_100,0
1700000893,1003.66,R_100,0
1700000894,1003.661,R_100,1
1700000895,1003.661,R_100,1
1700000896,1003.661,R_100,1
1700000897,1003.66,R_100,0
1700000898,1003.669,R_100,9
1700000899,1003.672,R_100,2
1700000900,1003.675,R_100,5
1700000901,1003.682,R_100,2
1700000902,1003.681,R_100,1
1700000903,1003.688,R_100,8
1700000904,1003.697,R_100,7
1700000905,1003.704,R_100,4
1700000906,1003.71,R_100,0
1700000907,1003.71,R_100,0
1700000908,1003.719,R_100,9
1700000909,1003.724,R_100,4
1700000910,1003.729,R_100,9
1700000911,1003.737,R_100,7
1700000912,1003.745,R_100,5
1700000913,1003.759,R_100,9
1700000914,1003.767,R_100,7
1700000915,1003.772,R_100,2
1700000916,1003.771,R_100,1
1700000917,1003.772,R_100,2
1700000918,1003.776,R_100,6
1700000919,1003.787,R_100,7
1700000920,1003.789,R_100,9
1700000921,1003.784,R_100,4
1700000922,1003.789,R_100,9
1700000923,1003.799,R_100,9
1700000924,1003.8,R_100,0
1700000925,1003.809,R_100,9
1700000926,1003.819,R_100,9
1700000927,1003.823,R_100,3
1700000928,1003.826,R_100,6
1700000929,1003.833,R_100,3
1700000930,1003.844,R_100,4
1700000931,1003.845,R_100,5
1700000932,1003.846,R_100,6
1700000933,1003.84,R_100,0
1700000934,1003.842,R_100,2
1700000935,1003.849,R_100,9
1700000936,1003.858,R_100,8
1700000937,1003.867,R_100,7
1700000938,1003.871,R_100,1
1700000939,1003.877,R_100,7
1700000940,1003.883,R_100,3
1700000941,1003.883,R_100,3
1700000942,1003.88,R_100,0
1700000943,1003.887,R_100,7
1700000944,1003.894,R_100,4
1700000945,1003.9,R_100,0
1700000946,1003.907,R_100,7
1700000947,1003.918,R_100,8
1700000948,1003.911,R_100,1
1700000949,1003.919,R_100,9
1700000950,1003.924,R_100,4
1700000951,1003.928,R_100,8
1700000952,1003.938,R_100,8
1700000953,1003.933,R_100,3
1700000954,1003.931,R_100,1
1700000955,1003.934,R_100,4
1700000956,1003.939,R_100,9
1700000957,1003.948,R_100,8
1700000958,1003.943,R_100,3
1700000959,1003.947,R_100,7
1700000960,1003.951,R_100,1
1700000961,1003.957,R_100,7
1700000962,1003.962,R_100,2
1700000963,1003.96,R_100,0
1700000964,1003.968,R_100,8
1700000965,1003.961,R_100,1
1700000966,1003.969,R_100,9
1700000967,1003.979,R_100,9
1700000968,1003.984,R_100,4
1700000969,1003.997,R_100,7
1700000970,1004.009,R_100,9
1700000971,1004.014,R_100,4
1700000972,1004.015,R_100,5
1700000973,1004.012,R_100,2
1700000974,1004.01,R_100,0
1700000975,1004.018,R_100,8
1700000976,1004.027,R_100,7
1700000977,1004.031,R_100,1
1700000978,1004.036,R_100,6
1700000979,1004.031,R_100,1
1700000980,1004.039,R_100,9
1700000981,1004.041,R_100,1
1700000982,1004.048,R_100,8
1700000983,1004.057,R_100,7
1700000984,1004.065,R_100,5
1700000985,1004.063,R_100,3
1700000986,1004.074,R_100,4
1700000987,1004.08,R_100,0
1700000988,1004.08,R_100,0
1700000989,1004.08,R_100,0
1700000990,1004.088,R_100,8
1700000991,1004.087,R_100,7
1700000992,1004.092,R_100,2
1700000993,1004.1,R_100,0
1700000994,1004.104,R_100,4
1700000995,1004.117,R_100,7
1700000996,1004.121,R_100,1
1700000997,1004.125,R_100,5
1700000998,1004.121,R_100,1
1700000999,1004.126,R_100,6
1700001000,1004.133,R_100,3
1700001001,1004.13,R_100,0
1700001002,1004.133,R_100,3
1700001003,1004.142,R_100,2
1700001004,1004.143,R_100,3
1700001005,1004.159,R_100,9
1700001006,1004.162,R_100,2
1700001007,1004.171,R_100,1
1700001008,1004.176,R_100,6
1700001009,1004.181,R_100,1
1700001010,1004.185,R_100,5
1700001011,1004.183,R_100,3
1700001012,1004.185,R_100,5
1700001013,1004.193,R_100,3
1700001014,1004.202,R_100,2
1700001015,1004.218,R_100,8
1700001016,1004.227,R_100,7
1700001017,1004.234,R_100,4
1700001018,1004.233,R_100,3
1700001019,1004.234,R_100,4
1700001020,1004.234,R_100,4
1700001021,1004.232,R_100,2
1700001022,1004.231,R_100,1
1700001023,1004.237,R_100,7
1700001024,1004.238,R_100,8
1700001025,1004.243,R_100,3
1700001026,1004.244,R_100,4
1700001027,1004.253,R_100,3
1700001028,1004.266,R_100,6
1700001029,1004.273,R_100,3
1700001030,1004.271,R_100,1
1700001031,1004.276,R_100,6
1700001032,1004.28,R_100,0
1700001033,1004.284,R_100,4
1700001034,1004.28,R_100,0
1700001035,1004.288,R_100,8
1700001036,1004.292,R_100,2
1700001037,1004.298,R_100,8
1700001038,1004.305,R_100,5
1700001039,1004.306,R_100,6
1700001040,1004.309,R_100,9
1700001041,1004.312,R_100,2
1700001042,1004.313,R_100,3
1700001043,1004.313,R_100,3
1700001044,1004.321,R_100,1
1700001045,1004.327,R_100,7
1700001046,1004.322,R_100,2
1700001047,1004.329,R_100,9
1700001048,1004.333,R_100,3
1700001049,1004.333,R_100,3
1700001050,1004.338,R_100,8
1700001051,1004.34,R_100,0
1700001052,1004.345,R_100,5
1700001053,1004.347,R_100,7
1700001054,1004.356,R_100,6
1700001055,1004.357,R_100,7
1700001056,1004.354,R_100,4
1700001057,1004.369,R_100,9
1700001058,1004.365,R_100,5
1700001059,1004.375,R_100,5
1700001060,1004.37,R_100,0
1700001061,1004.387,R_100,7
1700001062,1004.381,R_100,1
1700001063,1004.383,R_100,3
1700001064,1004.395,R_100,5
1700001065,1004.406,R_100,6
1700001066,1004.4,R_100,0
1700001067,1004.401,R_100,1
1700001068,1004.407,R_100,7
1700001069,1004.41,R_100,0
1700001070,1004.418,R_100,8
1700001071,1004.423,R_100,3
1700001072,1004.423,R_100,3
1700001073,1004.422,R_100,2
1700001074,1004.424,R_100,4
1700001075,1004.42,R_100,0
1700001076,1004.423,R_100,3
1700001077,1004.429,R_100,9
1700001078,1004.437,R_100,7
1700001079,1004.437,R_100,7
1700001080,1004.441,R_100,1
1700001081,1004.44,R_100,0
1700001082,1004.447,R_100,7
1700001083,1004.458,R_100,8
1700001084,1004.451,R_100,1
1700001085,1004.466,R_100,6
1700001086,1004.478,R_100,8
1700001087,1004.473,R_100,3
1700001088,1004.479,R_100,9
1700001089,1004.486,R_100,6
1700001090,1004.49,R_100,0
1700001091,1004.496,R_100,6
1700001092,1004.509,R_100,9
1700001093,1004.508,R_100,8
1700001094,1004.51,R_100,0
1700001095,1004.515,R_100,5
1700001096,1004.525,R_100,5
1700001097,1004.539,R_100,9
1700001098,1004.545,R_100,5
1700001099,1004.548,R_100,8
1700001100,1004.548,R_100,8
1700001101,1004.545,R_100,5
1700001102,1004.556,R_100,6
1700001103,1004.55,R_100,0
1700001104,1004.558,R_100,8
1700001105,1004.565,R_100,5
1700001106,1004.578,R_100,8
1700001107,1004.573,R_100,3
1700001108,1004.586,R_100,6
1700001109,1004.597,R_100,7
1700001110,1004.59,R_100,0
1700001111,1004.599,R_100,9
1700001112,1004.609,R_100,9
1700001113,1004.618,R_100,8
1700001114,1004.62,R_100,0
1700001115,1004.624,R_100,4
1700001116,1004.62,R_100,0
1700001117,1004.62,R_100,0
1700001118,1004.624,R_100,4
1700001119,1004.622,R_100,2
1700001120,1004.639,R_100,9
1700001121,1004.648,R_100,8
1700001122,1004.651,R_100,1
1700001123,1004.658,R_100,8
1700001124,1004.657,R_100,7
1700001125,1004.662,R_100,2
1700001126,1004.666,R_100,6
1700001127,1004.664,R_100,4
1700001128,1004.671,R_100,1
1700001129,1004.674,R_100,4
1700001130,1004.689,R_100,9
1700001131,1004.693,R_100,3
1700001132,1004.693,R_100,3
1700001133,1004.695,R_100,5
1700001134,1004.698,R_100,8
1700001135,1004.707,R_100,7
1700001136,1004.704,R_100,4
1700001137,1004.705,R_100,5
1700001138,1004.718,R_100,8
1700001139,1004.729,R_100,9
1700001140,1004.735,R_100,5
1700001141,1004.733,R_100,3
1700001142,1004.735,R_100,5
1700001143,1004.744,R_100,4
1700001144,1004.743,R_100,3
1700001145,1004.74,R_100,0
1700001146,1004.741,R_100,1
1700001147,1004.745,R_100,5
1700001148,1004.75,R_100,0
1700001149,1004.757,R_100,7
1700001150,1004.761,R_100,1
1700001151,1004.762,R_100,2
1700001152,1004.765,R_100,5
1700001153,1004.773,R_100,3
1700001154,1004.784,R_100,4
1700001155,1004.788,R_100,8
1700001156,1004.797,R_100,7
1700001157,1004.802,R_100,2
1700001158,1004.801,R_100,1
1700001159,1004.808,R_100,8
1700001160,1004.817,R_100,7
1700001161,1004.819,R_100,9
1700001162,1004.824,R_100,4
1700001163,1004.829,R_100,9
1700001164,1004.837,R_100,7
1700001165,1004.844,R_100,4
1700001166,1004.844,R_100,4
1700001167,1004.858,R_100,8
1700001168,1004.866,R_100,6
1700001169,1004.87,R_100,0
1700001170,1004.877,R_100,7
1700001171,1004.874,R_100,4
1700001172,1004.884,R_100,4
1700001173,1004.886,R_100,6
1700001174,1004.889,R_100,9
1700001175,1004.895,R_100,5
1700001176,1004.909,R_100,9
1700001177,1004.915,R_100,5
1700001178,1004.926,R_100,6
1700001179,1004.92,R_100,0
1700001180,1004.924,R_100,4
1700001181,1004.927,R_100,7
1700001182,1004.938,R_100,8
1700001183,1004.948,R_100,8
1700001184,1004.956,R_100,6
1700001185,1004.968,R_100,8
1700001186,1004.976,R_100,6
1700001187,1004.975,R_100,5
1700001188,1004.985,R_100,5
1700001189,1004.99,R_100,0
1700001190,1004.998,R_100,8
1700001191,1005.006,R_100,6
1700001192,1005.016,R_100,6
1700001193,1005.019,R_100,9
1700001194,1005.023,R_100,3
1700001195,1005.027,R_100,7
1700001196,1005.039,R_100,9
1700001197,1005.049,R_100,9
1700001198,1005.058,R_100,8
1700001199,1005.051,R_100,1
1700001200,1005.055,R_100,5
1700001201,1005.061,R_100,1
1700001202,1005.068,R_100,8
1700001203,1005.074,R_100,4
1700001204,1005.088,R_100,8
1700001205,1005.096,R_100,6
1700001206,1005.098,R_100,8
1700001207,1005.108,R_100,8
1700001208,1005.113,R_100,3
1700001209,1005.11,R_100,0
1700001210,1005.119,R_100,9
1700001211,1005.129,R_100,9
1700001212,1005.13,R_100,0
1700001213,1005.13,R_100,0
1700001214,1005.134,R_100,4
1700001215,1005.138,R_100,8
1700001216,1005.144,R_100,4
1700001217,1005.141,R_100,1
1700001218,1005.14,R_100,0
1700001219,1005.147,R_100,7
1700001220,1005.149,R_100,9
1700001221,1005.158,R_100,8
1700001222,1005.162,R_100,2
1700001223,1005.166,R_100,6
1700001224,1005.162,R_100,2
1700001225,1005.168,R_100,8
1700001226,1005.161,R_100,1
1700001227,1005.168,R_100,8
1700001228,1005.177,R_100,7
1700001229,1005.18,R_100,0
1700001230,1005.189,R_100,9
1700001231,1005.193,R_100,3
1700001232,1005.192,R_100,2
1700001233,1005.201,R_100,1
1700001234,1005.209,R_100,9
1700001235,1005.213,R_100,3
1700001236,1005.216,R_100,6
1700001237,1005.223,R_100,3
1700001238,1005.239,R_100,9
1700001239,1005.24,R_100,0
1700001240,1005.249,R_100,9
1700001241,1005.243,R_100,3
1700001242,1005.259,R_100,9
1700001243,1005.255,R_100,5
1700001244,1005.257,R_100,7
1700001245,1005.259,R_100,9
1700001246,1005.267,R_100,7
1700001247,1005.261,R_100,1
1700001248,1005.266,R_100,6
1700001249,1005.269,R_100,9
1700001250,1005.274,R_100,4
1700001251,1005.277,R_100,7
1700001252,1005.273,R_100,3
1700001253,1005.272,R_100,2
1700001254,1005.272,R_100,2
1700001255,1005.274,R_100,4
1700001256,1005.275,R_100,5
1700001257,1005.288,R_100,8
1700001258,1005.295,R_100,5
1700001259,1005.301,R_100,1
1700001260,1005.306,R_100,6
1700001261,1005.315,R_100,5
1700001262,1005.316,R_100,6
1700001263,1005.314,R_100,4
1700001264,1005.316,R_100,6
1700001265,1005.31,R_100,0
1700001266,1005.312,R_100,2
1700001267,1005.312,R_100,2
1700001268,1005.314,R_100,4
1700001269,1005.322,R_100,2
1700001270,1005.337,R_100,7
1700001271,1005.333,R_100,3
1700001272,1005.335,R_100,5
1700001273,1005.336,R_100,6
1700001274,1005.339,R_100,9
1700001275,1005.347,R_100,7
1700001276,1005.353,R_100,3
1700001277,1005.362,R_100,2
1700001278,1005.364,R_100,4
1700001279,1005.377,R_100,7
1700001280,1005.385,R_100,5
1700001281,1005.396,R_100,6
1700001282,1005.393,R_100,3
1700001283,1005.391,R_100,1
1700001284,1005.391,R_100,1
1700001285,1005.394,R_100,4
1700001286,1005.396,R_100,6
1700001287,1005.399,R_100,9
1700001288,1005.4,R_100,0
1700001289,1005.401,R_100,1
1700001290,1005.403,R_100,3
1700001291,1005.401,R_100,1
1700001292,1005.405,R_100,5
1700001293,1005.404,R_100,4
1700001294,1005.404,R_100,4
1700001295,1005.404,R_100,4
1700001296,1005.406,R_100,6
1700001297,1005.416,R_100,6
1700001298,1005.427,R_100,7
1700001299,1005.432,R_100,2
1700001300,1005.432,R_100,2
1700001301,1005.445,R_100,5
1700001302,1005.45,R_100,0
1700001303,1005.457,R_100,7
1700001304,1005.466,R_100,6
1700001305,1005.461,R_100,1
1700001306,1005.461,R_100,1
1700001307,1005.469,R_100,9
1700001308,1005.47,R_100,0
1700001309,1005.479,R_100,9
1700001310,1005.483,R_100,3
1700001311,1005.482,R_100,2
1700001312,1005.48,R_100,0
1700001313,1005.482,R_100,2
1700001314,1005.483,R_100,3
1700001315,1005.488,R_100,8
1700001316,1005.496,R_100,6
1700001317,1005.499,R_100,9
1700001318,1005.5,R_100,0
1700001319,1005.504,R_100,4
1700001320,1005.509,R_100,9
1700001321,1005.51,R_100,0
1700001322,1005.501,R_100,1
1700001323,1005.505,R_100,5
1700001324,1005.515,R_100,5
1700001325,1005.511,R_100,1
1700001326,1005.526,R_100,6
1700001327,1005.539,R_100,9
1700001328,1005.544,R_100,4
1700001329,1005.555,R_100,5
1700001330,1005.556,R_100,6
1700001331,1005.565,R_100,5
1700001332,1005.577,R_100,7
1700001333,1005.583,R_100,3
1700001334,1005.598,R_100,8
1700001335,1005.602,R_100,2
1700001336,1005.603,R_100,3
1700001337,1005.608,R_100,8
1700001338,1005.618,R_100,8
1700001339,1005.623,R_100,3
1700001340,1005.633,R_100,3
1700001341,1005.632,R_100,2
1700001342,1005.636,R_100,6
1700001343,1005.634,R_100,4
1700001344,1005.647,R_100,7
1700001345,1005.653,R_100,3
1700001346,1005.65,R_100,0
1700001347,1005.657,R_100,7
1700001348,1005.665,R_100,5
1700001349,1005.672,R_100,2
1700001350,1005.672,R_100,2
1700001351,1005.673,R_100,3
1700001352,1005.671,R_100,1
1700001353,1005.672,R_100,2
1700001354,1005.672,R_100,2
1700001355,1005.677,R_100,7
1700001356,1005.686,R_100,6
1700001357,1005.691,R_100,1
1700001358,1005.69,R_100,0
1700001359,1005.683,R_100,3
1700001360,1005.684,R_100,4
1700001361,1005.691,R_100,1
1700001362,1005.707,R_100,7
1700001363,1005.712,R_100,2
1700001364,1005.717,R_100,7
1700001365,1005.714,R_100,4
1700001366,1005.711,R_100,1
1700001367,1005.727,R_100,7
1700001368,1005.727,R_100,7
1700001369,1005.735,R_100,5
1700001370,1005.739,R_100,9
1700001371,1005.747,R_100,7
1700001372,1005.747,R_100,7
1700001373,1005.758,R_100,8
1700001374,1005.765,R_100,5
1700001375,1005.774,R_100,4
1700001376,1005.784,R_100,4
1700001377,1005.781,R_100,1
1700001378,1005.78,R_100,0
1700001379,1005.786,R_100,6
1700001380,1005.784,R_100,4
1700001381,1005.798,R_100,8
1700001382,1005.792,R_100,2
1700001383,1005.794,R_100,4
1700001384,1005.795,R_100,5
1700001385,1005.795,R_100,5
1700001386,1005.795,R_100,5
1700001387,1005.805,R_100,5
1700001388,1005.804,R_100,4
1700001389,1005.8,R_100,0
1700001390,1005.806,R_100,6
1700001391,1005.813,R_100,3
1700001392,1005.827,R_100,7
1700001393,1005.834,R_100,4
1700001394,1005.831,R_100,1
1700001395,1005.833,R_100,3
1700001396,1005.837,R_100,7
1700001397,1005.836,R_100,6
1700001398,1005.84,R_100,0
1700001399,1005.847,R_100,7
1700001400,1005.845,R_100,5
1700001401,1005.859,R_100,9
1700001402,1005.868,R_100,8
1700001403,1005.864,R_100,4
1700001404,1005.86,R_100,0
1700001405,1005.866,R_100,6
1700001406,1005.871,R_100,1
1700001407,1005.882,R_100,2
1700001408,1005.882,R_100,2
1700001409,1005.88,R_100,0
1700001410,1005.889,R_100,9
1700001411,1005.899,R_100,9
1700001412,1005.901,R_100,1
1700001413,1005.908,R_100,8
1700001414,1005.918,R_100,8
1700001415,1005.922,R_100,2
1700001416,1005.929,R_100,9
1700001417,1005.93,R_100,0
1700001418,1005.935,R_100,5
1700001419,1005.944,R_100,4
1700001420,1005.956,R_100,6
1700001421,1005.967,R_100,7
1700001422,1005.972,R_100,2
1700001423,1005.975,R_100,5
1700001424,1005.98,R_100,0
1700001425,1005.983,R_100,3
1700001426,1005.997,R_100,7
1700001427,1006.002,R_100,2
1700001428,1006.005,R_100,5
1700001429,1006.006,R_100,6
1700001430,1006.013,R_100,3
1700001431,1006.016,R_100,6
1700001432,1006.013,R_100,3
1700001433,1006.013,R_100,3
1700001434,1006.011,R_100,1
1700001435,1006.014,R_100,4
1700001436,1006.013,R_100,3
1700001437,1006.014,R_100,4
1700001438,1006.013,R_100,3
1700001439,1006.013,R_100,3
1700001440,1006.011,R_100,1
1700001441,1006.019,R_100,9
1700001442,1006.026,R_100,6
1700001443,1006.027,R_100,7
1700001444,1006.038,R_100,8
1700001445,1006.041,R_100,1
1700001446,1006.048,R_100,8
1700001447,1006.056,R_100,6
1700001448,1006.063,R_100,3
1700001449,1006.061,R_100,1
1700001450,1006.069,R_100,9
1700001451,1006.063,R_100,3
1700001452,1006.06,R_100,0
1700001453,1006.079,R_100,9
1700001454,1006.087,R_100,7
1700001455,1006.092,R_100,2
1700001456,1006.091,R_100,1
1700001457,1006.093,R_100,3
1700001458,1006.095,R_100,5
1700001459,1006.105,R_100,5
1700001460,1006.11,R_100,0
1700001461,1006.111,R_100,1
1700001462,1006.118,R_100,8
1700001463,1006.125,R_100,5
1700001464,1006.13,R_100,0
1700001465,1006.135,R_100,5
1700001466,1006.138,R_100,8
1700001467,1006.139,R_100,9
1700001468,1006.143,R_100,3
1700001469,1006.143,R_100,3
1700001470,1006.15,R_100,0
1700001471,1006.159,R_100,9
1700001472,1006.16,R_100,0
1700001473,1006.161,R_100,1
1700001474,1006.162,R_100,2
1700001475,1006.174,R_100,4
1700001476,1006.186,R_100,6
1700001477,1006.199,R_100,9
1700001478,1006.208,R_100,8
1700001479,1006.214,R_100,4
1700001480,1006.21,R_100,0
1700001481,1006.212,R_100,2
1700001482,1006.227,R_100,7
1700001483,1006.22,R_100,0
1700001484,1006.229,R_100,9
1700001485,1006.239,R_100,9
1700001486,1006.247,R_100,7
1700001487,1006.257,R_100,7
1700001488,1006.269,R_100,9
1700001489,1006.275,R_100,5
1700001490,1006.273,R_100,3
1700001491,1006.272,R_100,2
1700001492,1006.27,R_100,0
1700001493,1006.275,R_100,5
1700001494,1006.285,R_100,5
1700001495,1006.296,R_100,6
1700001496,1006.295,R_100,5
1700001497,1006.299,R_100,9
1700001498,1006.293,R_100,3
1700001499,1006.307,R_100,7
1700001500,1006.309,R_100,9
1700001501,1006.312,R_100,2
1700001502,1006.312,R_100,2
1700001503,1006.314,R_100,4
1700001504,1006.314,R_100,4
1700001505,1006.319,R_100,9
1700001506,1006.322,R_100,2
1700001507,1006.33,R_100,0
1700001508,1006.331,R_100,1
1700001509,1006.336,R_100,6
1700001510,1006.341,R_100,1
1700001511,1006.344,R_100,4
1700001512,1006.353,R_100,3
1700001513,1006.362,R_100,2
1700001514,1006.374,R_100,4
1700001515,1006.385,R_100,5
1700001516,1006.398,R_100,8
1700001517,1006.403,R_100,3
1700001518,1006.408,R_100,8
1700001519,1006.405,R_100,5
1700001520,1006.415,R_100,5
1700001521,1006.417,R_100,7
1700001522,1006.423,R_100,3
1700001523,1006.425,R_100,5
1700001524,1006.423,R_100,3
1700001525,1006.427,R_100,7
1700001526,1006.436,R_100,6
1700001527,1006.444,R_100,4
1700001528,1006.449,R_100,9
1700001529,1006.454,R_100,4
1700001530,1006.464,R_100,4
1700001531,1006.478,R_100,8
1700001532,1006.475,R_100,5
1700001533,1006.483,R_100,3
1700001534,1006.481,R_100,1
1700001535,1006.484,R_100,4
1700001536,1006.487,R_100,7
1700001537,1006.496,R_100,6
1700001538,1006.501,R_100,1
1700001539,1006.505,R_100,5
1700001540,1006.514,R_100,4
1700001541,1006.518,R_100,8
1700001542,1006.522,R_100,2
1700001543,1006.523,R_100,3
1700001544,1006.523,R_100,3
1700001545,1006.527,R_100,7
1700001546,1006.529,R_100,9
1700001547,1006.538,R_100,8
1700001548,1006.533,R_100,3
1700001549,1006.54,R_100,0
1700001550,1006.539,R_100,9
1700001551,1006.541,R_100,1
1700001552,1006.549,R_100,9
1700001553,1006.542,R_100,2
1700001554,1006.544,R_100,4
1700001555,1006.54,R_100,0
1700001556,1006.54,R_100,0
1700001557,1006.545,R_100,5
1700001558,1006.55,R_100,0
1700001559,1006.556,R_100,6
1700001560,1006.555,R_100,5
1700001561,1006.566,R_100,6
1700001562,1006.571,R_100,1
1700001563,1006.575,R_100,5
1700001564,1006.579,R_100,9
1700001565,1006.587,R_100,7
1700001566,1006.59,R_100,0
1700001567,1006.599,R_100,9
1700001568,1006.605,R_100,5
1700001569,1006.619,R_100,9
1700001570,1006.625,R_100,5
1700001571,1006.62,R_100,0
1700001572,1006.622,R_100,2
1700001573,1006.621,R_100,1
1700001574,1006.625,R_100,5
1700001575,1006.638,R_100,8
1700001576,1006.638,R_100,8
1700001577,1006.649,R_100,9
1700001578,1006.653,R_100,3
1700001579,1006.664,R_100,4
1700001580,1006.677,R_100,7
1700001581,1006.684,R_100,4
1700001582,1006.698,R_100,8
1700001583,1006.707,R_100,7
1700001584,1006.715,R_100,5
1700001585,1006.714,R_100,4
1700001586,1006.72,R_100,0
1700001587,1006.721,R_100,1
1700001588,1006.725,R_100,5
1700001589,1006.723,R_100,3
1700001590,1006.731,R_100,1
1700001591,1006.739,R_100,9
1700001592,1006.74,R_100,0
1700001593,1006.743,R_100,3
1700001594,1006.742,R_100,2
1700001595,1006.749,R_100,9
1700001596,1006.752,R_100,2
1700001597,1006.752,R_100,2
1700001598,1006.755,R_100,5
1700001599,1006.753,R_100,3
1700001600,1006.757,R_100,7
1700001601,1006.765,R_100,5
1700001602,1006.766,R_100,6
1700001603,1006.775,R_100,5
1700001604,1006.77,R_100,0
1700001605,1006.77,R_100,0
1700001606,1006.776,R_100,6
1700001607,1006.775,R_100,5
1700001608,1006.779,R_100,9
1700001609,1006.786,R_100,6
1700001610,1006.783,R_100,3
1700001611,1006.78,R_100,0
1700001612,1006.786,R_100,6
1700001613,1006.785,R_100,5
1700001614,1006.796,R_100,6
1700001615,1006.804,R_100,4
1700001616,1006.807,R_100,7
1700001617,1006.819,R_100,9
1700001618,1006.827,R_100,7
1700001619,1006.834,R_100,4
1700001620,1006.842,R_100,2
1700001621,1006.844,R_100,4
1700001622,1006.84,R_100,0
1700001623,1006.843,R_100,3
1700001624,1006.849,R_100,9
1700001625,1006.857,R_100,7
1700001626,1006.86,R_100,0
1700001627,1006.863,R_100,3
1700001628,1006.865,R_100,5
1700001629,1006.867,R_100,7
1700001630,1006.872,R_100,2
1700001631,1006.874,R_100,4
1700001632,1006.871,R_100,1
1700001633,1006.87,R_100,0
1700001634,1006.874,R_100,4
1700001635,1006.875,R_100,5
1700001636,1006.882,R_100,2
1700001637,1006.886,R_100,6
1700001638,1006.895,R_100,5
1700001639,1006.906,R_100,6
1700001640,1006.91,R_100,0
1700001641,1006.913,R_100,3
1700001642,1006.91,R_100,0
1700001643,1006.918,R_100,8
1700001644,1006.929,R_100,9
1700001645,1006.931,R_100,1
1700001646,1006.94,R_100,0
1700001647,1006.945,R_100,5
1700001648,1006.941,R_100,1
1700001649,1006.957,R_100,7
1700001650,1006.968,R_100,8
1700001651,1006.972,R_100,2
1700001652,1006.978,R_100,8
1700001653,1006.988,R_100,8
1700001654,1006.991,R_100,1
1700001655,1007.007,R_100,7
1700001656,1007.001,R_100,1
1700001657,1007.003,R_100,3
1700001658,1007.003,R_100,3
1700001659,1007.004,R_100,4
1700001660,1007.0,R_100,0
1700001661,1007.001,R_100,1
1700001662,1007.003,R_100,3
1700001663,1007.016,R_100,6
1700001664,1007.015,R_100,5
1700001665,1007.025,R_100,5
1700001666,1007.027,R_100,7
1700001667,1007.028,R_100,8
1700001668,1007.036,R_100,6
1700001669,1007.034,R_100,4
1700001670,1007.035,R_100,5
1700001671,1007.046,R_100,6
1700001672,1007.056,R_100,6
1700001673,1007.066,R_100,6
1700001674,1007.06,R_100,0
1700001675,1007.068,R_100,8
1700001676,1007.074,R_100,4
1700001677,1007.086,R_100,6
1700001678,1007.093,R_100,3
1700001679,1007.101,R_100,1
1700001680,1007.11,R_100,0
1700001681,1007.11,R_100,0
1700001682,1007.118,R_100,8
1700001683,1007.127,R_100,7
1700001684,1007.135,R_100,5
1700001685,1007.139,R_100,9
1700001686,1007.147,R_100,7
1700001687,1007.159,R_100,9
1700001688,1007.166,R_100,6
1700001689,1007.166,R_100,6
1700001690,1007.161,R_100,1
1700001691,1007.168,R_100,8
1700001692,1007.165,R_100,5
1700001693,1007.178,R_100,8
1700001694,1007.189,R_100,9
1700001695,1007.194,R_100,4
1700001696,1007.207,R_100,7
1700001697,1007.215,R_100,5
1700001698,1007.227,R_100,7
1700001699,1007.222,R_100,2
1700001700,1007.228,R_100,8
1700001701,1007.233,R_100,3
1700001702,1007.235,R_100,5
1700001703,1007.232,R_100,2
1700001704,1007.237,R_100,7
1700001705,1007.24,R_100,0
1700001706,1007.245,R_100,5
1700001707,1007.246,R_100,6
1700001708,1007.252,R_100,2
1700001709,1007.256,R_100,6
1700001710,1007.265,R_100,5
1700001711,1007.268,R_100,8
1700001712,1007.277,R_100,7
1700001713,1007.284,R_100,4
1700001714,1007.297,R_100,7
1700001715,1007.307,R_100,7
1700001716,1007.312,R_100,2
1700001717,1007.312,R_100,2
1700001718,1007.312,R_100,2
1700001719,1007.318,R_100,8
1700001720,1007.329,R_100,9
1700001721,1007.335,R_100,5
1700001722,1007.334,R_100,4
1700001723,1007.333,R_100,3
1700001724,1007.334,R_100,4
1700001725,1007.332,R_100,2
1700001726,1007.338,R_100,8
1700001727,1007.345,R_100,5
1700001728,1007.354,R_100,4
1700001729,1007.351,R_100,1
1700001730,1007.367,R_100,7
1700001731,1007.363,R_100,3
1700001732,1007.364,R_100,4
1700001733,1007.375,R_100,5
1700001734,1007.377,R_100,7
1700001735,1007.38,R_100,0
1700001736,1007.384,R_100,4
1700001737,1007.386,R_100,6
1700001738,1007.384,R_100,4
1700001739,1007.396,R_100,6
1700001740,1007.402,R_100,2
1700001741,1007.413,R_100,3
1700001742,1007.419,R_100,9
1700001743,1007.423,R_100,3
1700001744,1007.421,R_100,1
1700001745,1007.427,R_100,7
1700001746,1007.438,R_100,8
1700001747,1007.43,R_100,0
1700001748,1007.439,R_100,9
1700001749,1007.447,R_100,7
1700001750,1007.456,R_100,6
1700001751,1007.457,R_100,7
1700001752,1007.461,R_100,1
1700001753,1007.467,R_100,7
1700001754,1007.47,R_100,0
1700001755,1007.473,R_100,3
1700001756,1007.48,R_100,0
1700001757,1007.484,R_100,4
1700001758,1007.496,R_100,6
1700001759,1007.491,R_100,1
1700001760,1007.491,R_100,1
1700001761,1007.49,R_100,0
1700001762,1007.491,R_100,1
1700001763,1007.493,R_100,3
1700001764,1007.5,R_100,0
1700001765,1007.503,R_100,3
1700001766,1007.517,R_100,7
1700001767,1007.528,R_100,8
1700001768,1007.536,R_100,6
1700001769,1007.542,R_100,2
1700001770,1007.55,R_100,0
1700001771,1007.552,R_100,2
1700001772,1007.553,R_100,3
1700001773,1007.55,R_100,0
1700001774,1007.558,R_100,8
1700001775,1007.554,R_100,4
1700001776,1007.556,R_100,6
1700001777,1007.564,R_100,4
1700001778,1007.578,R_100,8
1700001779,1007.58,R_100,0
1700001780,1007.583,R_100,3
1700001781,1007.596,R_100,6
1700001782,1007.594,R_100,4
1700001783,1007.592,R_100,2
1700001784,1007.598,R_100,8
1700001785,1007.607,R_100,7
1700001786,1007.609,R_100,9
1700001787,1007.615,R_100,5
1700001788,1007.628,R_100,8
1700001789,1007.625,R_100,5
1700001790,1007.621,R_100,1
1700001791,1007.629,R_100,9
1700001792,1007.63,R_100,0
1700001793,1007.637,R_100,7
1700001794,1007.643,R_100,3
1700001795,1007.649,R_100,9
1700001796,1007.656,R_100,6
1700001797,1007.657,R_100,7
1700001798,1007.653,R_100,3
1700001799,1007.666,R_100,6
1700001800,1007.661,R_100,1
1700001801,1007.661,R_100,1
1700001802,1007.667,R_100,7
1700001803,1007.678,R_100,8
1700001804,1007.682,R_100,2
1700001805,1007.684,R_100,4
1700001806,1007.698,R_100,8
1700001807,1007.702,R_100,2
1700001808,1007.703,R_100,3
1700001809,1007.707,R_100,7
1700001810,1007.711,R_100,1
1700001811,1007.716,R_100,6
1700001812,1007.724,R_100,4
1700001813,1007.737,R_100,7
1700001814,1007.742,R_100,2
1700001815,1007.742,R_100,2
1700001816,1007.747,R_100,7
1700001817,1007.753,R_100,3
1700001818,1007.755,R_100,5
1700001819,1007.752,R_100,2
1700001820,1007.754,R_100,4
1700001821,1007.753,R_100,3
1700001822,1007.753,R_100,3
1700001823,1007.75,R_100,0
1700001824,1007.752,R_100,2
1700001825,1007.753,R_100,3
1700001826,1007.751,R_100,1
1700001827,1007.752,R_100,2
1700001828,1007.756,R_100,6
1700001829,1007.756,R_100,6
1700001830,1007.755,R_100,5
1700001831,1007.763,R_100,3
1700001832,1007.768,R_100,8
1700001833,1007.774,R_100,4
1700001834,1007.78,R_100,0
1700001835,1007.787,R_100,7
1700001836,1007.781,R_100,1
1700001837,1007.784,R_100,4
1700001838,1007.789,R_100,9
1700001839,1007.791,R_100,1
1700001840,1007.797,R_100,7
1700001841,1007.803,R_100,3
1700001842,1007.804,R_100,4
1700001843,1007.809,R_100,9
1700001844,1007.81,R_100,0
1700001845,1007.812,R_100,2
1700001846,1007.81,R_100,0
1700001847,1007.815,R_100,5
1700001848,1007.813,R_100,3
1700001849,1007.815,R_100,5
1700001850,1007.824,R_100,4
1700001851,1007.828,R_100,8
1700001852,1007.828,R_100,8
1700001853,1007.832,R_100,2
1700001854,1007.837,R_100,7
1700001855,1007.84,R_100,0
1700001856,1007.841,R_100,1
1700001857,1007.842,R_100,2
1700001858,1007.845,R_100,5
1700001859,1007.842,R_100,2
1700001860,1007.841,R_100,1
1700001861,1007.847,R_100,7
1700001862,1007.844,R_100,4
1700001863,1007.843,R_100,3
1700001864,1007.847,R_100,7
1700001865,1007.848,R_100,8
1700001866,1007.857,R_100,7
1700001867,1007.869,R_100,9
1700001868,1007.878,R_100,8
1700001869,1007.883,R_100,3
1700001870,1007.888,R_100,8
1700001871,1007.892,R_100,2
1700001872,1007.898,R_100,8
1700001873,1007.891,R_100,1
1700001874,1007.89,R_100,0
1700001875,1007.899,R_100,9
1700001876,1007.893,R_100,3
1700001877,1007.892,R_100,2
1700001878,1007.904,R_100,4
1700001879,1007.906,R_100,6
1700001880,1007.908,R_100,8
1700001881,1007.919,R_100,9
1700001882,1007.921,R_100,1
1700001883,1007.923,R_100,3
1700001884,1007.939,R_100,9
1700001885,1007.948,R_100,8
1700001886,1007.95,R_100,0
1700001887,1007.951,R_100,1
1700001888,1007.951,R_100,1
1700001889,1007.959,R_100,9
1700001890,1007.962,R_100,2
1700001891,1007.965,R_100,5
1700001892,1007.977,R_100,7
1700001893,1007.972,R_100,2
1700001894,1007.986,R_100,6
1700001895,1007.98,R_100,0
1700001896,1007.983,R_100,3
1700001897,1007.998,R_100,8
1700001898,1008.002,R_100,2
1700001899,1008.002,R_100,2
1700001900,1008.003,R_100,3
1700001901,1008.011,R_100,1
1700001902,1008.017,R_100,7
1700001903,1008.028,R_100,8
1700001904,1008.031,R_100,1
1700001905,1008.031,R_100,1
1700001906,1008.03,R_100,0
1700001907,1008.036,R_100,6
1700001908,1008.045,R_100,5
1700001909,1008.057,R_100,7
1700001910,1008.057,R_100,7
1700001911,1008.064,R_100,4
1700001912,1008.077,R_100,7
1700001913,1008.079,R_100,9
1700001914,1008.086,R_100,6
1700001915,1008.088,R_100,8
1700001916,1008.099,R_100,9
1700001917,1008.101,R_100,1
1700001918,1008.104,R_100,4
1700001919,1008.103,R_100,3
1700001920,1008.109,R_100,9
1700001921,1008.113,R_100,3
1700001922,1008.129,R_100,9
1700001923,1008.13,R_100,0
1700001924,1008.136,R_100,6
1700001925,1008.145,R_100,5
1700001926,1008.156,R_100,6
1700001927,1008.163,R_100,3
1700001928,1008.165,R_100,5
1700001929,1008.176,R_100,6
1700001930,1008.17,R_100,0
1700001931,1008.169,R_100,9
1700001932,1008.171,R_100,1
1700001933,1008.177,R_100,7
1700001934,1008.179,R_100,9
1700001935,1008.182,R_100,2
1700001936,1008.183,R_100,3
1700001937,1008.196,R_100,6
1700001938,1008.199,R_100,9
1700001939,1008.205,R_100,5
1700001940,1008.204,R_100,4
1700001941,1008.207,R_100,7
1700001942,1008.218,R_100,8
1700001943,1008.221,R_100,1
1700001944,1008.22,R_100,0
1700001945,1008.222,R_100,2
1700001946,1008.235,R_100,5
1700001947,1008.235,R_100,5
1700001948,1008.245,R_100,5
1700001949,1008.259,R_100,9
1700001950,1008.266,R_100,6
1700001951,1008.275,R_100,5
1700001952,1008.288,R_100,8
1700001953,1008.289,R_100,9
1700001954,1008.292,R_100,2
1700001955,1008.29,R_100,0
1700001956,1008.292,R_100,2
1700001957,1008.293,R_100,3
1700001958,1008.294,R_100,4
1700001959,1008.301,R_100,1
1700001960,1008.308,R_100,8
1700001961,1008.312,R_100,2
1700001962,1008.314,R_100,4
1700001963,1008.311,R_100,1
1700001964,1008.315,R_100,5
1700001965,1008.314,R_100,4
1700001966,1008.326,R_100,6
1700001967,1008.33,R_100,0
1700001968,1008.337,R_100,7
1700001969,1008.33,R_100,0
1700001970,1008.331,R_100,1
1700001971,1008.337,R_100,7
1700001972,1008.348,R_100,8
1700001973,1008.359,R_100,9
1700001974,1008.36,R_100,0
1700001975,1008.367,R_100,7
1700001976,1008.364,R_100,4
1700001977,1008.379,R_100,9
1700001978,1008.378,R_100,8
1700001979,1008.386,R_100,6
1700001980,1008.399,R_100,9
1700001981,1008.404,R_100,4
1700001982,1008.403,R_100,3
1700001983,1008.408,R_100,8
1700001984,1008.418,R_100,8
1700001985,1008.421,R_100,1
1700001986,1008.426,R_100,6
1700001987,1008.435,R_100,5
1700001988,1008.434,R_100,4
1700001989,1008.439,R_100,9
1700001990,1008.44,R_100,0
1700001991,1008.445,R_100,5
1700001992,1008.453,R_100,3
1700001993,1008.45,R_100,0
1700001994,1008.458,R_100,8
1700001995,1008.464,R_100,4
1700001996,1008.469,R_100,9
1700001997,1008.476,R_100,6
1700001998,1008.485,R_100,5
1700001999,1008.482,R_100,2
1700002000,1008.487,R_100,7
1700002001,1008.495,R_100,5
1700002002,1008.496,R_100,6
1700002003,1008.504,R_100,4
1700002004,1008.505,R_100,5
1700002005,1008.507,R_100,7
1700002006,1008.513,R_100,3
1700002007,1008.519,R_100,9
1700002008,1008.526,R_100,6
1700002009,1008.525,R_100,5
1700002010,1008.534,R_100,4
1700002011,1008.547,R_100,7
1700002012,1008.556,R_100,6
1700002013,1008.554,R_100,4
1700002014,1008.556,R_100,6
1700002015,1008.564,R_100,4
1700002016,1008.561,R_100,1
1700002017,1008.56,R_100,0
1700002018,1008.569,R_100,9
1700002019,1008.579,R_100,9
1700002020,1008.584,R_100,4
1700002021,1008.591,R_100,1
1700002022,1008.591,R_100,1
1700002023,1008.596,R_100,6
1700002024,1008.601,R_100,1
1700002025,1008.602,R_100,2
1700002026,1008.611,R_100,1
1700002027,1008.616,R_100,6
1700002028,1008.625,R_100,5
1700002029,1008.637,R_100,7
1700002030,1008.645,R_100,5
1700002031,1008.642,R_100,2
1700002032,1008.648,R_100,8
1700002033,1008.644,R_100,4
1700002034,1008.655,R_100,5
1700002035,1008.656,R_100,6
1700002036,1008.66,R_100,0
1700002037,1008.663,R_100,3
1700002038,1008.666,R_100,6
1700002039,1008.674,R_100,4
1700002040,1008.672,R_100,2
1700002041,1008.673,R_100,3
1700002042,1008.684,R_100,4
1700002043,1008.696,R_100,6
1700002044,1008.702,R_100,2
1700002045,1008.706,R_100,6
1700002046,1008.714,R_100,4
1700002047,1008.729,R_100,9
1700002048,1008.738,R_100,8
1700002049,1008.743,R_100,3
1700002050,1008.744,R_100,4
1700002051,1008.759,R_100,9
1700002052,1008.761,R_100,1
1700002053,1008.768,R_100,8
1700002054,1008.765,R_100,5
1700002055,1008.777,R_100,7
1700002056,1008.782,R_100,2
1700002057,1008.788,R_100,8
1700002058,1008.797,R_100,7
1700002059,1008.809,R_100,9
1700002060,1008.81,R_100,0
1700002061,1008.817,R_100,7
1700002062,1008.823,R_100,3
1700002063,1008.835,R_100,5
1700002064,1008.848,R_100,8
1700002065,1008.853,R_100,3
1700002066,1008.853,R_100,3
1700002067,1008.859,R_100,9
1700002068,1008.86,R_100,0
1700002069,1008.862,R_100,2
1700002070,1008.868,R_100,8
1700002071,1008.865,R_100,5
1700002072,1008.874,R_100,4
1700002073,1008.879,R_100,9
1700002074,1008.886,R_100,6
1700002075,1008.889,R_100,9
1700002076,1008.89,R_100,0
1700002077,1008.898,R_100,8
1700002078,1008.894,R_100,4
1700002079,1008.897,R_100,7
1700002080,1008.906,R_100,6
1700002081,1008.919,R_100,9
1700002082,1008.925,R_100,5
1700002083,1008.921,R_100,1
1700002084,1008.924,R_100,4
1700002085,1008.931,R_100,1
1700002086,1008.938,R_100,8
1700002087,1008.943,R_100,3
1700002088,1008.953,R_100,3
1700002089,1008.953,R_100,3
1700002090,1008.964,R_100,4
1700002091,1008.97,R_100,0
1700002092,1008.979,R_100,9
1700002093,1008.981,R_100,1
1700002094,1008.986,R_100,6
1700002095,1008.988,R_100,8
1700002096,1008.995,R_100,5
1700002097,1009.009,R_100,9
1700002098,1009.015,R_100,5
1700002099,1009.02,R_100,0
1700002100,1009.025,R_100,5
1700002101,1009.03,R_100,0
1700002102,1009.037,R_100,7
1700002103,1009.035,R_100,5
1700002104,1009.032,R_100,2
1700002105,1009.037,R_100,7
1700002106,1009.041,R_100,1
1700002107,1009.045,R_100,5
1700002108,1009.052,R_100,2
1700002109,1009.058,R_100,8
1700002110,1009.068,R_100,8
1700002111,1009.075,R_100,5
1700002112,1009.08,R_100,0
1700002113,1009.083,R_100,3
1700002114,1009.088,R_100,8
1700002115,1009.096,R_100,6
1700002116,1009.096,R_100,6
1700002117,1009.09,R_100,0
1700002118,1009.099,R_100,9
1700002119,1009.09,R_100,0
1700002120,1009.091,R_100,1
1700002121,1009.09,R_100,0
1700002122,1009.099,R_100,9
1700002123,1009.101,R_100,1
1700002124,1009.105,R_100,5
1700002125,1009.117,R_100,7
1700002126,1009.113,R_100,3
1700002127,1009.123,R_100,3
1700002128,1009.136,R_100,6
1700002129,1009.141,R_100,1
1700002130,1009.142,R_100,2
1700002131,1009.147,R_100,7
1700002132,1009.159,R_100,9
1700002133,1009.167,R_100,7
1700002134,1009.179,R_100,9
1700002135,1009.18,R_100,0
1700002136,1009.182,R_100,2
1700002137,1009.183,R_100,3
1700002138,1009.187,R_100,7
1700002139,1009.197,R_100,7
1700002140,1009.201,R_100,1
1700002141,1009.209,R_100,9
1700002142,1009.213,R_100,3
1700002143,1009.213,R_100,3
1700002144,1009.229,R_100,9
1700002145,1009.233,R_100,3
1700002146,1009.23,R_100,0
1700002147,1009.233,R_100,3
1700002148,1009.23,R_100,0
1700002149,1009.236,R_100,6
1700002150,1009.243,R_100,3
1700002151,1009.25,R_100,0
1700002152,1009.259,R_100,9
1700002153,1009.254,R_100,4
1700002154,1009.257,R_100,7
1700002155,1009.261,R_100,1
1700002156,1009.261,R_100,1
1700002157,1009.268,R_100,8
1700002158,1009.278,R_100,8
1700002159,1009.288,R_100,8
1700002160,1009.296,R_100,6
1700002161,1009.29,R_100,0
1700002162,1009.29,R_100,0
1700002163,1009.291,R_100,1
1700002164,1009.299,R_100,9
1700002165,1009.298,R_100,8
1700002166,1009.3,R_100,0
1700002167,1009.309,R_100,9
1700002168,1009.316,R_100,6
1700002169,1009.328,R_100,8
1700002170,1009.33,R_100,0
1700002171,1009.338,R_100,8
1700002172,1009.347,R_100,7
1700002173,1009.353,R_100,3
1700002174,1009.351,R_100,1
1700002175,1009.351,R_100,1
1700002176,1009.355,R_100,5
1700002177,1009.361,R_100,1
1700002178,1009.361,R_100,1
1700002179,1009.364,R_100,4
1700002180,1009.364,R_100,4
1700002181,1009.379,R_100,9
1700002182,1009.385,R_100,5
1700002183,1009.38,R_100,0
1700002184,1009.38,R_100,0
1700002185,1009.389,R_100,9
1700002186,1009.396,R_100,6
1700002187,1009.406,R_100,6
1700002188,1009.419,R_100,9
1700002189,1009.421,R_100,1
1700002190,1009.42,R_100,0
1700002191,1009.42,R_100,0
1700002192,1009.422,R_100,2
1700002193,1009.426,R_100,6
1700002194,1009.42,R_100,0
1700002195,1009.424,R_100,4
1700002196,1009.422,R_100,2
1700002197,1009.424,R_100,4
1700002198,1009.42,R_100,0
1700002199,1009.421,R_100,1
1700002200,1009.432,R_100,2
1700002201,1009.437,R_100,7
1700002202,1009.435,R_100,5
1700002203,1009.433,R_100,3
1700002204,1009.438,R_100,8
1700002205,1009.443,R_100,3
1700002206,1009.455,R_100,5
1700002207,1009.455,R_100,5
1700002208,1009.463,R_100,3
1700002209,1009.461,R_100,1
1700002210,1009.461,R_100,1
1700002211,1009.465,R_100,5
1700002212,1009.465,R_100,5
1700002213,1009.468,R_100,8
1700002214,1009.477,R_100,7
1700002215,1009.478,R_100,8
1700002216,1009.488,R_100,8
1700002217,1009.496,R_100,6
1700002218,1009.508,R_100,8
1700002219,1009.511,R_100,1
1700002220,1009.513,R_100,3
1700002221,1009.51,R_100,0
1700002222,1009.516,R_100,6
1700002223,1009.522,R_100,2
1700002224,1009.529,R_100,9
1700002225,1009.534,R_100,4
1700002226,1009.533,R_100,3
1700002227,1009.53,R_100,0
1700002228,1009.533,R_100,3
1700002229,1009.549,R_100,9
1700002230,1009.549,R_100,9
1700002231,1009.551,R_100,1
1700002232,1009.556,R_100,6
1700002233,1009.561,R_100,1
1700002234,1009.568,R_100,8
1700002235,1009.565,R_100,5
1700002236,1009.568,R_100,8
1700002237,1009.577,R_100,7
1700002238,1009.588,R_100,8
1700002239,1009.594,R_100,4
1700002240,1009.597,R_100,7
1700002241,1009.601,R_100,1
1700002242,1009.606,R_100,6
1700002243,1009.612,R_100,2
1700002244,1009.621,R_100,1
1700002245,1009.627,R_100,7
1700002246,1009.623,R_100,3
1700002247,1009.623,R_100,3
1700002248,1009.633,R_100,3
1700002249,1009.635,R_100,5
1700002250,1009.64,R_100,0
1700002251,1009.641,R_100,1
1700002252,1009.642,R_100,2
1700002253,1009.649,R_100,9
1700002254,1009.654,R_100,4
1700002255,1009.652,R_100,2
1700002256,1009.65,R_100,0
1700002257,1009.651,R_100,1
1700002258,1009.653,R_100,3
1700002259,1009.654,R_100,4
1700002260,1009.662,R_100,2
1700002261,1009.665,R_100,5
1700002262,1009.662,R_100,2
1700002263,1009.664,R_100,4
1700002264,1009.662,R_100,2
1700002265,1009.671,R_100,1
1700002266,1009.672,R_100,2
1700002267,1009.686,R_100,6
1700002268,1009.68,R_100,0
1700002269,1009.683,R_100,3
1700002270,1009.696,R_100,6
1700002271,1009.703,R_100,3
1700002272,1009.707,R_100,7
1700002273,1009.7,R_100,0
1700002274,1009.706,R_100,6
1700002275,1009.703,R_100,3
1700002276,1009.707,R_100,7
1700002277,1009.701,R_100,1
1700002278,1009.708,R_100,8
1700002279,1009.711,R_100,1
1700002280,1009.717,R_100,7
1700002281,1009.722,R_100,2
1700002282,1009.726,R_100,6
1700002283,1009.721,R_100,1
1700002284,1009.724,R_100,4
1700002285,1009.727,R_100,7
1700002286,1009.735,R_100,5
1700002287,1009.741,R_100,1
1700002288,1009.747,R_100,7
1700002289,1009.759,R_100,9
1700002290,1009.756,R_100,6
1700002291,1009.766,R_100,6
1700002292,1009.773,R_100,3
1700002293,1009.788,R_100,8
1700002294,1009.783,R_100,3
1700002295,1009.787,R_100,7
1700002296,1009.797,R_100,7
1700002297,1009.792,R_100,2
1700002298,1009.797,R_100,7
1700002299,1009.791,R_100,1
1700002300,1009.795,R_100,5
1700002301,1009.797,R_100,7
1700002302,1009.802,R_100,2
1700002303,1009.818,R_100,8
1700002304,1009.827,R_100,7
1700002305,1009.83,R_100,0
1700002306,1009.833,R_100,3
1700002307,1009.839,R_100,9
1700002308,1009.845,R_100,5
1700002309,1009.855,R_100,5
1700002310,1009.865,R_100,5
1700002311,1009.872,R_100,2
1700002312,1009.87,R_100,0
1700002313,1009.871,R_100,1
1700002314,1009.87,R_100,0
1700002315,1009.872,R_100,2
1700002316,1009.874,R_100,4
1700002317,1009.879,R_100,9
1700002318,1009.881,R_100,1
1700002319,1009.882,R_100,2
1700002320,1009.887,R_100,7
1700002321,1009.897,R_100,7
1700002322,1009.907,R_100,7
1700002323,1009.913,R_100,3
1700002324,1009.913,R_100,3
1700002325,1009.917,R_100,7
1700002326,1009.917,R_100,7
1700002327,1009.915,R_100,5
1700002328,1009.912,R_100,2
1700002329,1009.91,R_100,0
1700002330,1009.912,R_100,2
1700002331,1009.91,R_100,0
1700002332,1009.914,R_100,4
1700002333,1009.917,R_100,7
1700002334,1009.916,R_100,6
1700002335,1009.923,R_100,3
1700002336,1009.934,R_100,4
1700002337,1009.942,R_100,2
1700002338,1009.948,R_100,8
1700002339,1009.955,R_100,5
1700002340,1009.95,R_100,0
1700002341,1009.956,R_100,6
1700002342,1009.969,R_100,9
1700002343,1009.976,R_100,6
1700002344,1009.989,R_100,9
1700002345,1009.992,R_100,2
1700002346,1010.004,R_100,4
1700002347,1010.006,R_100,6
1700002348,1010.016,R_100,6
1700002349,1010.021,R_100,1
1700002350,1010.024,R_100,4
1700002351,1010.032,R_100,2
1700002352,1010.036,R_100,6
1700002353,1010.046,R_100,6
1700002354,1010.058,R_100,8
1700002355,1010.057,R_100,7
1700002356,1010.068,R_100,8
1700002357,1010.075,R_100,5
1700002358,1010.078,R_100,8
1700002359,1010.081,R_100,1
1700002360,1010.084,R_100,4
1700002361,1010.092,R_100,2
1700002362,1010.094,R_100,4
1700002363,1010.096,R_100,6
1700002364,1010.098,R_100,8
1700002365,1010.101,R_100,1
1700002366,1010.1,R_100,0
1700002367,1010.107,R_100,7
1700002368,1010.115,R_100,5
1700002369,1010.11,R_100,0
1700002370,1010.115,R_100,5
1700002371,1010.122,R_100,2
1700002372,1010.125,R_100,5
1700002373,1010.133,R_100,3
1700002374,1010.141,R_100,1
1700002375,1010.143,R_100,3
1700002376,1010.156,R_100,6
1700002377,1010.153,R_100,3
1700002378,1010.155,R_100,5
1700002379,1010.167,R_100,7
1700002380,1010.172,R_100,2
1700002381,1010.183,R_100,3
1700002382,1010.181,R_100,1
1700002383,1010.182,R_100,2
1700002384,1010.189,R_100,9
1700002385,1010.191,R_100,1
1700002386,1010.207,R_100,7
1700002387,1010.219,R_100,9
1700002388,1010.225,R_100,5
1700002389,1010.226,R_100,6
1700002390,1010.237,R_100,7
1700002391,1010.242,R_100,2
1700002392,1010.251,R_100,1
1700002393,1010.254,R_100,4
1700002394,1010.253,R_100,3
1700002395,1010.269,R_100,9
1700002396,1010.273,R_100,3
1700002397,1010.274,R_100,4
1700002398,1010.282,R_100,2
1700002399,1010.289,R_100,9
1700002400,1010.289,R_100,9
1700002401,1010.29,R_100,0
1700002402,1010.296,R_100,6
1700002403,1010.294,R_100,4
1700002404,1010.3,R_100,0
1700002405,1010.301,R_100,1
1700002406,1010.3,R_100,0
1700002407,1010.302,R_100,2
1700002408,1010.303,R_100,3
1700002409,1010.301,R_100,1
1700002410,1010.311,R_100,1
1700002411,1010.312,R_100,2
1700002412,1010.311,R_100,1
1700002413,1010.315,R_100,5
1700002414,1010.327,R_100,7
1700002415,1010.325,R_100,5
1700002416,1010.321,R_100,1
1700002417,1010.324,R_100,4
1700002418,1010.329,R_100,9
1700002419,1010.334,R_100,4
1700002420,1010.335,R_100,5
1700002421,1010.337,R_100,7
1700002422,1010.349,R_100,9
1700002423,1010.358,R_100,8
1700002424,1010.362,R_100,2
1700002425,1010.366,R_100,6
1700002426,1010.36,R_100,0
1700002427,1010.361,R_100,1
1700002428,1010.361,R_100,1
1700002429,1010.362,R_100,2
1700002430,1010.377,R_100,7
1700002431,1010.383,R_100,3
1700002432,1010.387,R_100,7
1700002433,1010.382,R_100,2
1700002434,1010.389,R_100,9
1700002435,1010.397,R_100,7
1700002436,1010.404,R_100,4
1700002437,1010.408,R_100,8
1700002438,1010.4,R_100,0
1700002439,1010.4,R_100,0
1700002440,1010.404,R_100,4
1700002441,1010.407,R_100,7
1700002442,1010.402,R_100,2
1700002443,1010.414,R_100,4
1700002444,1010.414,R_100,4
1700002445,1010.41,R_100,0
1700002446,1010.415,R_100,5
1700002447,1010.414,R_100,4
1700002448,1010.428,R_100,8
1700002449,1010.43,R_100,0
1700002450,1010.435,R_100,5
1700002451,1010.43,R_100,0
1700002452,1010.433,R_100,3
1700002453,1010.433,R_100,3
1700002454,1010.433,R_100,3
1700002455,1010.438,R_100,8
1700002456,1010.445,R_100,5
1700002457,1010.457,R_100,7
1700002458,1010.451,R_100,1
1700002459,1010.451,R_100,1
1700002460,1010.456,R_100,6
1700002461,1010.464,R_100,4
1700002462,1010.468,R_100,8
1700002463,1010.475,R_100,5
1700002464,1010.486,R_100,6
1700002465,1010.495,R_100,5
1700002466,1010.505,R_100,5
1700002467,1010.511,R_100,1
1700002468,1010.511,R_100,1
1700002469,1010.514,R_100,4
1700002470,1010.518,R_100,8
1700002471,1010.527,R_100,7
1700002472,1010.52,R_100,0
1700002473,1010.521,R_100,1
1700002474,1010.525,R_100,5
1700002475,1010.521,R_100,1
1700002476,1010.521,R_100,1
1700002477,1010.52,R_100,0
1700002478,1010.522,R_100,2
1700002479,1010.521,R_100,1
1700002480,1010.528,R_100,8
1700002481,1010.526,R_100,6
1700002482,1010.522,R_100,2
1700002483,1010.526,R_100,6
1700002484,1010.525,R_100,5
1700002485,1010.523,R_100,3
1700002486,1010.528,R_100,8
1700002487,1010.534,R_100,4
1700002488,1010.536,R_100,6
1700002489,1010.542,R_100,2
1700002490,1010.544,R_100,4
1700002491,1010.556,R_100,6
1700002492,1010.562,R_100,2
1700002493,1010.567,R_100,7
1700002494,1010.578,R_100,8
1700002495,1010.573,R_100,3
1700002496,1010.578,R_100,8
1700002497,1010.582,R_100,2
1700002498,1010.589,R_100,9
1700002499,1010.592,R_100,2
1700002500,1010.595,R_100,5
1700002501,1010.596,R_100,6
1700002502,1010.6,R_100,0
1700002503,1010.609,R_100,9
1700002504,1010.614,R_100,4
1700002505,1010.62,R_100,0
1700002506,1010.625,R_100,5
1700002507,1010.635,R_100,5
1700002508,1010.644,R_100,4
1700002509,1010.644,R_100,4
1700002510,1010.645,R_100,5
1700002511,1010.644,R_100,4
1700002512,1010.643,R_100,3
1700002513,1010.656,R_100,6
1700002514,1010.669,R_100,9
1700002515,1010.673,R_100,3
1700002516,1010.68,R_100,0
1700002517,1010.682,R_100,2
1700002518,1010.684,R_100,4
1700002519,1010.685,R_100,5
1700002520,1010.684,R_100,4
1700002521,1010.698,R_100,8
1700002522,1010.7,R_100,0
1700002523,1010.702,R_100,2
1700002524,1010.712,R_100,2
1700002525,1010.718,R_100,8
1700002526,1010.72,R_100,0
1700002527,1010.738,R_100,8
1700002528,1010.745,R_100,5
1700002529,1010.757,R_100,7
1700002530,1010.763,R_100,3
1700002531,1010.765,R_100,5
1700002532,1010.761,R_100,1
1700002533,1010.76,R_100,0
1700002534,1010.76,R_100,0
1700002535,1010.761,R_100,1
1700002536,1010.767,R_100,7
1700002537,1010.773,R_100,3
1700002538,1010.776,R_100,6
1700002539,1010.787,R_100,7
1700002540,1010.794,R_100,4
1700002541,1010.799,R_100,9
1700002542,1010.805,R_100,5
1700002543,1010.814,R_100,4
1700002544,1010.825,R_100,5
1700002545,1010.831,R_100,1
1700002546,1010.838,R_100,8
1700002547,1010.847,R_100,7
1700002548,1010.843,R_100,3
1700002549,1010.845,R_100,5
1700002550,1010.851,R_100,1
1700002551,1010.859,R_100,9
1700002552,1010.869,R_100,9
1700002553,1010.87,R_100,0
1700002554,1010.886,R_100,6
1700002555,1010.892,R_100,2
1700002556,1010.898,R_100,8
1700002557,1010.895,R_100,5
1700002558,1010.909,R_100,9
1700002559,1010.913,R_100,3
1700002560,1010.916,R_100,6
1700002561,1010.921,R_100,1
1700002562,1010.923,R_100,3
1700002563,1010.925,R_100,5
1700002564,1010.922,R_100,2
1700002565,1010.928,R_100,8
1700002566,1010.932,R_100,2
1700002567,1010.946,R_100,6
1700002568,1010.958,R_100,8
1700002569,1010.962,R_100,2
1700002570,1010.978,R_100,8
1700002571,1010.981,R_100,1
1700002572,1010.985,R_100,5
1700002573,1010.98,R_100,0
1700002574,1010.98,R_100,0
1700002575,1010.983,R_100,3
1700002576,1010.982,R_100,2
1700002577,1010.982,R_100,2
1700002578,1010.997,R_100,7
1700002579,1010.996,R_100,6
1700002580,1011.004,R_100,4
1700002581,1011.003,R_100,3
1700002582,1011.008,R_100,8
1700002583,1011.0,R_100,0
1700002584,1011.0,R_100,0
1700002585,1011.002,R_100,2
1700002586,1011.003,R_100,3
1700002587,1011.003,R_100,3
1700002588,1011.002,R_100,2
1700002589,1011.012,R_100,2
1700002590,1011.023,R_100,3
1700002591,1011.021,R_100,1
1700002592,1011.029,R_100,9
1700002593,1011.034,R_100,4
1700002594,1011.046,R_100,6
1700002595,1011.05,R_100,0
1700002596,1011.05,R_100,0
1700002597,1011.051,R_100,1
1700002598,1011.058,R_100,8
1700002599,1011.062,R_100,2
1700002600,1011.062,R_100,2
1700002601,1011.068,R_100,8
1700002602,1011.073,R_100,3
1700002603,1011.073,R_100,3
1700002604,1011.076,R_100,6
1700002605,1011.076,R_100,6
1700002606,1011.082,R_100,2
1700002607,1011.087,R_100,7
1700002608,1011.093,R_100,3
1700002609,1011.091,R_100,1
1700002610,1011.092,R_100,2
1700002611,1011.107,R_100,7
1700002612,1011.119,R_100,9
1700002613,1011.124,R_100,4
1700002614,1011.123,R_100,3
1700002615,1011.128,R_100,8
1700002616,1011.122,R_100,2
1700002617,1011.125,R_100,5
1700002618,1011.121,R_100,1
1700002619,1011.125,R_100,5
1700002620,1011.125,R_100,5
1700002621,1011.136,R_100,6
1700002622,1011.147,R_100,7
1700002623,1011.159,R_100,9
1700002624,1011.16,R_100,0
1700002625,1011.167,R_100,7
1700002626,1011.176,R_100,6
1700002627,1011.179,R_100,9
1700002628,1011.188,R_100,8
1700002629,1011.19,R_100,0
1700002630,1011.192,R_100,2
1700002631,1011.206,R_100,6
1700002632,1011.219,R_100,9
1700002633,1011.223,R_100,3
1700002634,1011.222,R_100,2
1700002635,1011.226,R_100,6
1700002636,1011.224,R_100,4
1700002637,1011.23,R_100,0
1700002638,1011.237,R_100,7
1700002639,1011.244,R_100,4
1700002640,1011.24,R_100,0
1700002641,1011.248,R_100,8
1700002642,1011.255,R_100,5
1700002643,1011.257,R_100,7
1700002644,1011.264,R_100,4
1700002645,1011.269,R_100,9
1700002646,1011.264,R_100,4
1700002647,1011.266,R_100,6
1700002648,1011.268,R_100,8
1700002649,1011.275,R_100,5
1700002650,1011.277,R_100,7
1700002651,1011.276,R_100,6
1700002652,1011.273,R_100,3
1700002653,1011.272,R_100,2
1700002654,1011.273,R_100,3
1700002655,1011.276,R_100,6
1700002656,1011.281,R_100,1
1700002657,1011.288,R_100,8
1700002658,1011.291,R_100,1
1700002659,1011.292,R_100,2
1700002660,1011.293,R_100,3
1700002661,1011.307,R_100,7
1700002662,1011.316,R_100,6
1700002663,1011.322,R_100,2
1700002664,1011.324,R_100,4
1700002665,1011.32,R_100,0
1700002666,1011.32,R_100,0
1700002667,1011.322,R_100,2
1700002668,1011.322,R_100,2
1700002669,1011.323,R_100,3
1700002670,1011.323,R_100,3
1700002671,1011.326,R_100,6
1700002672,1011.326,R_100,6
1700002673,1011.333,R_100,3
1700002674,1011.34,R_100,0
1700002675,1011.342,R_100,2
1700002676,1011.352,R_100,2
1700002677,1011.35,R_100,0
1700002678,1011.359,R_100,9
1700002679,1011.36,R_100,0
1700002680,1011.368,R_100,8
1700002681,1011.369,R_100,9
1700002682,1011.377,R_100,7
1700002683,1011.389,R_100,9
1700002684,1011.396,R_100,6
1700002685,1011.402,R_100,2
1700002686,1011.408,R_100,8
1700002687,1011.407,R_100,7
1700002688,1011.406,R_100,6
1700002689,1011.41,R_100,0
1700002690,1011.418,R_100,8
1700002691,1011.425,R_100,5
1700002692,1011.433,R_100,3
1700002693,1011.436,R_100,6
1700002694,1011.447,R_100,7
1700002695,1011.449,R_100,9
1700002696,1011.456,R_100,6
1700002697,1011.463,R_100,3
1700002698,1011.479,R_100,9
1700002699,1011.489,R_100,9
1700002700,1011.495,R_100,5
1700002701,1011.498,R_100,8
1700002702,1011.509,R_100,9
1700002703,1011.519,R_100,9
1700002704,1011.527,R_100,7
1700002705,1011.531,R_100,1
1700002706,1011.53,R_100,0
1700002707,1011.531,R_100,1
1700002708,1011.534,R_100,4
1700002709,1011.546,R_100,6
1700002710,1011.54,R_100,0
1700002711,1011.542,R_100,2
1700002712,1011.554,R_100,4
1700002713,1011.569,R_100,9
1700002714,1011.577,R_100,7
1700002715,1011.574,R_100,4
1700002716,1011.587,R_100,7
1700002717,1011.581,R_100,1
1700002718,1011.584,R_100,4
1700002719,1011.584,R_100,4
1700002720,1011.585,R_100,5
1700002721,1011.598,R_100,8
1700002722,1011.608,R_100,8
1700002723,1011.619,R_100,9
1700002724,1011.624,R_100,4
1700002725,1011.625,R_100,5
1700002726,1011.637,R_100,7
1700002727,1011.64,R_100,0
1700002728,1011.642,R_100,2
1700002729,1011.644,R_100,4
1700002730,1011.658,R_100,8
1700002731,1011.662,R_100,2
1700002732,1011.676,R_100,6
1700002733,1011.684,R_100,4
1700002734,1011.68,R_100,0
1700002735,1011.68,R_100,0
1700002736,1011.68,R_100,0
1700002737,1011.689,R_100,9
1700002738,1011.691,R_100,1
1700002739,1011.695,R_100,5
1700002740,1011.699,R_100,9
1700002741,1011.702,R_100,2
1700002742,1011.701,R_100,1
1700002743,1011.708,R_100,8
1700002744,1011.712,R_100,2
1700002745,1011.713,R_100,3
1700002746,1011.713,R_100,3
1700002747,1011.71,R_100,0
1700002748,1011.719,R_100,9
1700002749,1011.721,R_100,1
1700002750,1011.728,R_100,8
1700002751,1011.737,R_100,7
1700002752,1011.746,R_100,6
1700002753,1011.755,R_100,5
1700002754,1011.756,R_100,6
1700002755,1011.767,R_100,7
1700002756,1011.778,R_100,8
1700002757,1011.774,R_100,4
1700002758,1011.771,R_100,1
1700002759,1011.776,R_100,6
1700002760,1011.782,R_100,2
1700002761,1011.787,R_100,7
1700002762,1011.794,R_100,4
1700002763,1011.791,R_100,1
1700002764,1011.799,R_100,9
1700002765,1011.805,R_100,5
1700002766,1011.805,R_100,5
1700002767,1011.811,R_100,1
1700002768,1011.812,R_100,2
1700002769,1011.824,R_100,4
1700002770,1011.836,R_100,6
1700002771,1011.832,R_100,2
1700002772,1011.83,R_100,0
1700002773,1011.837,R_100,7
1700002774,1011.844,R_100,4
1700002775,1011.855,R_100,5
1700002776,1011.865,R_100,5
1700002777,1011.873,R_100,3
1700002778,1011.872,R_100,2
1700002779,1011.879,R_100,9
1700002780,1011.884,R_100,4
1700002781,1011.893,R_100,3
1700002782,1011.899,R_100,9
1700002783,1011.9,R_100,0
1700002784,1011.901,R_100,1
1700002785,1011.908,R_100,8
1700002786,1011.913,R_100,3
1700002787,1011.924,R_100,4
1700002788,1011.933,R_100,3
1700002789,1011.93,R_100,0
1700002790,1011.936,R_100,6
1700002791,1011.934,R_100,4
1700002792,1011.949,R_100,9
1700002793,1011.958,R_100,8
1700002794,1011.969,R_100,9
1700002795,1011.962,R_100,2
1700002796,1011.973,R_100,3
1700002797,1011.973,R_100,3
1700002798,1011.971,R_100,1
1700002799,1011.988,R_100,8
1700002800,1011.996,R_100,6
1700002801,1011.99,R_100,0
1700002802,1011.996,R_100,6
1700002803,1012.004,R_100,4
1700002804,1012.006,R_100,6
1700002805,1012.01,R_100,0
1700002806,1012.01,R_100,0
1700002807,1012.019,R_100,9
1700002808,1012.026,R_100,6
1700002809,1012.035,R_100,5
1700002810,1012.045,R_100,5
1700002811,1012.045,R_100,5
1700002812,1012.042,R_100,2
1700002813,1012.042,R_100,2
1700002814,1012.049,R_100,9
1700002815,1012.051,R_100,1
1700002816,1012.058,R_100,8
1700002817,1012.061,R_100,1
1700002818,1012.066,R_100,6
1700002819,1012.07,R_100,0
1700002820,1012.073,R_100,3
1700002821,1012.083,R_100,3
1700002822,1012.08,R_100,0
1700002823,1012.085,R_100,5
1700002824,1012.091,R_100,1
1700002825,1012.099,R_100,9
1700002826,1012.105,R_100,5
1700002827,1012.1,R_100,0
1700002828,1012.1,R_100,0
1700002829,1012.108,R_100,8
1700002830,1012.11,R_100,0
1700002831,1012.112,R_100,2
1700002832,1012.114,R_100,4
1700002833,1012.125,R_100,5
1700002834,1012.135,R_100,5
1700002835,1012.146,R_100,6
1700002836,1012.151,R_100,1
1700002837,1012.157,R_100,7
1700002838,1012.152,R_100,2
1700002839,1012.156,R_100,6
1700002840,1012.161,R_100,1
1700002841,1012.166,R_100,6
1700002842,1012.169,R_100,9
1700002843,1012.171,R_100,1
1700002844,1012.172,R_100,2
1700002845,1012.17,R_100,0
1700002846,1012.17,R_100,0
1700002847,1012.171,R_100,1
1700002848,1012.173,R_100,3
1700002849,1012.172,R_100,2
1700002850,1012.173,R_100,3
1700002851,1012.177,R_100,7
1700002852,1012.177,R_100,7
1700002853,1012.183,R_100,3
1700002854,1012.181,R_100,1
1700002855,1012.181,R_100,1
1700002856,1012.194,R_100,4
1700002857,1012.195,R_100,5
1700002858,1012.195,R_100,5
1700002859,1012.196,R_100,6
1700002860,1012.196,R_100,6
1700002861,1012.191,R_100,1
1700002862,1012.198,R_100,8
1700002863,1012.204,R_100,4
1700002864,1012.201,R_100,1
1700002865,1012.207,R_100,7
1700002866,1012.211,R_100,1
1700002867,1012.217,R_100,7
1700002868,1012.227,R_100,7
1700002869,1012.239,R_100,9
1700002870,1012.247,R_100,7
1700002871,1012.251,R_100,1
1700002872,1012.252,R_100,2
1700002873,1012.25,R_100,0
1700002874,1012.259,R_100,9
1700002875,1012.26,R_100,0
1700002876,1012.261,R_100,1
1700002877,1012.265,R_100,5
1700002878,1012.273,R_100,3
1700002879,1012.274,R_100,4
1700002880,1012.275,R_100,5
1700002881,1012.274,R_100,4
1700002882,1012.277,R_100,7
1700002883,1012.27,R_100,0
1700002884,1012.278,R_100,8
1700002885,1012.283,R_100,3
1700002886,1012.282,R_100,2
1700002887,1012.284,R_100,4
1700002888,1012.291,R_100,1
1700002889,1012.291,R_100,1
1700002890,1012.29,R_100,0
1700002891,1012.295,R_100,5
1700002892,1012.304,R_100,4
1700002893,1012.315,R_100,5
1700002894,1012.328,R_100,8
1700002895,1012.339,R_100,9
1700002896,1012.349,R_100,9
1700002897,1012.354,R_100,4
1700002898,1012.367,R_100,7
1700002899,1012.372,R_100,2
1700002900,1012.378,R_100,8
1700002901,1012.383,R_100,3
1700002902,1012.388,R_100,8
1700002903,1012.39,R_100,0
1700002904,1012.399,R_100,9
1700002905,1012.408,R_100,8
1700002906,1012.411,R_100,1
1700002907,1012.417,R_100,7
1700002908,1012.428,R_100,8
1700002909,1012.438,R_100,8
1700002910,1012.448,R_100,8
1700002911,1012.456,R_100,6
1700002912,1012.46,R_100,0
1700002913,1012.467,R_100,7
1700002914,1012.473,R_100,3
1700002915,1012.485,R_100,5
1700002916,1012.487,R_100,7
1700002917,1012.495,R_100,5
1700002918,1012.503,R_100,3
1700002919,1012.506,R_100,6
1700002920,1012.514,R_100,4
1700002921,1012.51,R_100,0
1700002922,1012.51,R_100,0
1700002923,1012.506,R_100,6
1700002924,1012.519,R_100,9
1700002925,1012.524,R_100,4
1700002926,1012.523,R_100,3
1700002927,1012.527,R_100,7
1700002928,1012.532,R_100,2
1700002929,1012.535,R_100,5
1700002930,1012.537,R_100,7
1700002931,1012.542,R_100,2
1700002932,1012.556,R_100,6
1700002933,1012.557,R_100,7
1700002934,1012.552,R_100,2
1700002935,1012.552,R_100,2
1700002936,1012.555,R_100,5
1700002937,1012.553,R_100,3
1700002938,1012.562,R_100,2
1700002939,1012.566,R_100,6
1700002940,1012.572,R_100,2
1700002941,1012.575,R_100,5
1700002942,1012.581,R_100,1
1700002943,1012.587,R_100,7
1700002944,1012.599,R_100,9
1700002945,1012.6,R_100,0
1700002946,1012.602,R_100,2
1700002947,1012.6,R_100,0
1700002948,1012.601,R_100,1
1700002949,1012.605,R_100,5
1700002950,1012.61,R_100,0
1700002951,1012.613,R_100,3
1700002952,1012.629,R_100,9
1700002953,1012.639,R_100,9
1700002954,1012.641,R_100,1
1700002955,1012.643,R_100,3
1700002956,1012.659,R_100,9
1700002957,1012.655,R_100,5
1700002958,1012.659,R_100,9
1700002959,1012.659,R_100,9
1700002960,1012.657,R_100,7
1700002961,1012.663,R_100,3
1700002962,1012.676,R_100,6
1700002963,1012.68,R_100,0
1700002964,1012.681,R_100,1
1700002965,1012.686,R_100,6
1700002966,1012.686,R_100,6
1700002967,1012.689,R_100,9
1700002968,1012.69,R_100,0
1700002969,1012.698,R_100,8
1700002970,1012.704,R_100,4
1700002971,1012.707,R_100,7
1700002972,1012.7,R_100,0
1700002973,1012.706,R_100,6
1700002974,1012.719,R_100,9
1700002975,1012.729,R_100,9
1700002976,1012.738,R_100,8
1700002977,1012.742,R_100,2
1700002978,1012.751,R_100,1
1700002979,1012.757,R_100,7
1700002980,1012.751,R_100,1
1700002981,1012.753,R_100,3
1700002982,1012.751,R_100,1
1700002983,1012.751,R_100,1
1700002984,1012.75,R_100,0
1700002985,1012.758,R_100,8
1700002986,1012.765,R_100,5
1700002987,1012.762,R_100,2
1700002988,1012.768,R_100,8
1700002989,1012.775,R_100,5
1700002990,1012.778,R_100,8
1700002991,1012.786,R_100,6
1700002992,1012.795,R_100,5
1700002993,1012.808,R_100,8
1700002994,1012.814,R_100,4
1700002995,1012.829,R_100,9
1700002996,1012.835,R_100,5
1700002997,1012.845,R_100,5
1700002998,1012.858,R_100,8
1700002999,1012.862,R_100,2
1700003000,1012.861,R_100,1
1700003001,1012.866,R_100,6
1700003002,1012.865,R_100,5
1700003003,1012.86,R_100,0
1700003004,1012.863,R_100,3
1700003005,1012.867,R_100,7
1700003006,1012.864,R_100,4
1700003007,1012.867,R_100,7
1700003008,1012.875,R_100,5
1700003009,1012.87,R_100,0
1700003010,1012.873,R_100,3
1700003011,1012.885,R_100,5
1700003012,1012.88,R_100,0
1700003013,1012.887,R_100,7
1700003014,1012.888,R_100,8
1700003015,1012.892,R_100,2
1700003016,1012.894,R_100,4
1700003017,1012.898,R_100,8
1700003018,1012.909,R_100,9
1700003019,1012.918,R_100,8
1700003020,1012.924,R_100,4
1700003021,1012.932,R_100,2
1700003022,1012.939,R_100,9
1700003023,1012.944,R_100,4
1700003024,1012.943,R_100,3
1700003025,1012.959,R_100,9
1700003026,1012.969,R_100,9
1700003027,1012.977,R_100,7
1700003028,1012.985,R_100,5
1700003029,1012.995,R_100,5
1700003030,1013.008,R_100,8
1700003031,1013.01,R_100,0
1700003032,1013.011,R_100,1
1700003033,1013.019,R_100,9
1700003034,1013.028,R_100,8
1700003035,1013.034,R_100,4
1700003036,1013.031,R_100,1
1700003037,1013.038,R_100,8
1700003038,1013.049,R_100,9
1700003039,1013.047,R_100,7
1700003040,1013.057,R_100,7
1700003041,1013.052,R_100,2
1700003042,1013.055,R_100,5
1700003043,1013.052,R_100,2
1700003044,1013.061,R_100,1
1700003045,1013.06,R_100,0
1700003046,1013.061,R_100,1
1700003047,1013.064,R_100,4
1700003048,1013.074,R_100,4
1700003049,1013.081,R_100,1
1700003050,1013.087,R_100,7
1700003051,1013.094,R_100,4
1700003052,1013.1,R_100,0
1700003053,1013.104,R_100,4
1700003054,1013.111,R_100,1
1700003055,1013.118,R_100,8
1700003056,1013.129,R_100,9
1700003057,1013.132,R_100,2
1700003058,1013.138,R_100,8
1700003059,1013.147,R_100,7
1700003060,1013.143,R_100,3
1700003061,1013.148,R_100,8
1700003062,1013.154,R_100,4
1700003063,1013.153,R_100,3
1700003064,1013.167,R_100,7
1700003065,1013.175,R_100,5
1700003066,1013.175,R_100,5
1700003067,1013.18,R_100,0
1700003068,1013.185,R_100,5
1700003069,1013.182,R_100,2
1700003070,1013.186,R_100,6
1700003071,1013.182,R_100,2
1700003072,1013.182,R_100,2
1700003073,1013.188,R_100,8
1700003074,1013.193,R_100,3
1700003075,1013.193,R_100,3
1700003076,1013.191,R_100,1
1700003077,1013.195,R_100,5
1700003078,1013.197,R_100,7
1700003079,1013.209,R_100,9
1700003080,1013.213,R_100,3
1700003081,1013.22,R_100,0
1700003082,1013.224,R_100,4
1700003083,1013.232,R_100,2
1700003084,1013.239,R_100,9
1700003085,1013.242,R_100,2
1700003086,1013.242,R_100,2
1700003087,1013.251,R_100,1
1700003088,1013.256,R_100,6
1700003089,1013.266,R_100,6
1700003090,1013.266,R_100,6
1700003091,1013.261,R_100,1
1700003092,1013.262,R_100,2
1700003093,1013.262,R_100,2
1700003094,1013.266,R_100,6
1700003095,1013.262,R_100,2
1700003096,1013.269,R_100,9
1700003097,1013.272,R_100,2
1700003098,1013.278,R_100,8
1700003099,1013.288,R_100,8
1700003100,1013.281,R_100,1
1700003101,1013.283,R_100,3
1700003102,1013.289,R_100,9
1700003103,1013.296,R_100,6
1700003104,1013.304,R_100,4
1700003105,1013.309,R_100,9
1700003106,1013.319,R_100,9
1700003107,1013.325,R_100,5
1700003108,1013.337,R_100,7
1700003109,1013.342,R_100,2
1700003110,1013.342,R_100,2
1700003111,1013.341,R_100,1
1700003112,1013.359,R_100,9
1700003113,1013.36,R_100,0
1700003114,1013.363,R_100,3
1700003115,1013.374,R_100,4
1700003116,1013.374,R_100,4
1700003117,1013.374,R_100,4
1700003118,1013.377,R_100,7
1700003119,1013.383,R_100,3
1700003120,1013.386,R_100,6
1700003121,1013.393,R_100,3
1700003122,1013.391,R_100,1
1700003123,1013.391,R_100,1
1700003124,1013.397,R_100,7
1700003125,1013.393,R_100,3
1700003126,1013.39,R_100,0
1700003127,1013.396,R_100,6
1700003128,1013.398,R_100,8
1700003129,1013.404,R_100,4
1700003130,1013.419,R_100,9
1700003131,1013.428,R_100,8
1700003132,1013.436,R_100,6
1700003133,1013.448,R_100,8
1700003134,1013.457,R_100,7
1700003135,1013.466,R_100,6
1700003136,1013.466,R_100,6
1700003137,1013.47,R_100,0
1700003138,1013.487,R_100,7
1700003139,1013.493,R_100,3
1700003140,1013.508,R_100,8
1700003141,1013.511,R_100,1
1700003142,1013.526,R_100,6
1700003143,1013.52,R_100,0
1700003144,1013.527,R_100,7
1700003145,1013.533,R_100,3
1700003146,1013.542,R_100,2
1700003147,1013.546,R_100,6
1700003148,1013.543,R_100,3
1700003149,1013.546,R_100,6
1700003150,1013.544,R_100,4
1700003151,1013.557,R_100,7
1700003152,1013.568,R_100,8
1700003153,1013.565,R_100,5
1700003154,1013.57,R_100,0
1700003155,1013.574,R_100,4
1700003156,1013.574,R_100,4
1700003157,1013.588,R_100,8
1700003158,1013.582,R_100,2
1700003159,1013.591,R_100,1
1700003160,1013.594,R_100,4
1700003161,1013.605,R_100,5
1700003162,1013.609,R_100,9
1700003163,1013.618,R_100,8
1700003164,1013.611,R_100,1
1700003165,1013.617,R_100,7
1700003166,1013.627,R_100,7
1700003167,1013.636,R_100,6
1700003168,1013.646,R_100,6
1700003169,1013.655,R_100,5
1700003170,1013.656,R_100,6
1700003171,1013.658,R_100,8
1700003172,1013.661,R_100,1
1700003173,1013.667,R_100,7
1700003174,1013.663,R_100,3
1700003175,1013.676,R_100,6
1700003176,1013.674,R_100,4
1700003177,1013.679,R_100,9
1700003178,1013.676,R_100,6
1700003179,1013.684,R_100,4
1700003180,1013.683,R_100,3
1700003181,1013.68,R_100,0
1700003182,1013.68,R_100,0
1700003183,1013.684,R_100,4
1700003184,1013.697,R_100,7
1700003185,1013.691,R_100,1
1700003186,1013.691,R_100,1
1700003187,1013.698,R_100,8
1700003188,1013.7,R_100,0
1700003189,1013.705,R_100,5
1700003190,1013.707,R_100,7
1700003191,1013.7,R_100,0
1700003192,1013.703,R_100,3
1700003193,1013.701,R_100,1
1700003194,1013.709,R_100,9
1700003195,1013.712,R_100,2
1700003196,1013.716,R_100,6
1700003197,1013.719,R_100,9
1700003198,1013.72,R_100,0
1700003199,1013.721,R_100,1
1700003200,1013.726,R_100,6
1700003201,1013.73,R_100,0
1700003202,1013.731,R_100,1
1700003203,1013.739,R_100,9
1700003204,1013.749,R_100,9
1700003205,1013.754,R_100,4
1700003206,1013.754,R_100,4
1700003207,1013.756,R_100,6
1700003208,1013.767,R_100,7
1700003209,1013.774,R_100,4
1700003210,1013.778,R_100,8
1700003211,1013.788,R_100,8
1700003212,1013.793,R_100,3
1700003213,1013.795,R_100,5
1700003214,1013.798,R_100,8
1700003215,1013.804,R_100,4
1700003216,1013.816,R_100,6
1700003217,1013.818,R_100,8
1700003218,1013.829,R_100,9
1700003219,1013.836,R_100,6
1700003220,1013.844,R_100,4
1700003221,1013.859,R_100,9
1700003222,1013.862,R_100,2
1700003223,1013.872,R_100,2
1700003224,1013.878,R_100,8
1700003225,1013.884,R_100,4
1700003226,1013.882,R_100,2
1700003227,1013.899,R_100,9
1700003228,1013.906,R_100,6
1700003229,1013.901,R_100,1
1700003230,1013.901,R_100,1
1700003231,1013.908,R_100,8
1700003232,1013.91,R_100,0
1700003233,1013.916,R_100,6
1700003234,1013.916,R_100,6
1700003235,1013.928,R_100,8
1700003236,1013.934,R_100,4
1700003237,1013.939,R_100,9
1700003238,1013.946,R_100,6
1700003239,1013.952,R_100,2
1700003240,1013.965,R_100,5
1700003241,1013.967,R_100,7
1700003242,1013.961,R_100,1
1700003243,1013.961,R_100,1
1700003244,1013.962,R_100,2
1700003245,1013.974,R_100,4
1700003246,1013.977,R_100,7
1700003247,1013.984,R_100,4
1700003248,1013.992,R_100,2
1700003249,1013.992,R_100,2
1700003250,1014.002,R_100,2
1700003251,1014.008,R_100,8
1700003252,1014.015,R_100,5
1700003253,1014.018,R_100,8
1700003254,1014.018,R_100,8
1700003255,1014.025,R_100,5
1700003256,1014.024,R_100,4
1700003257,1014.024,R_100,4
1700003258,1014.03,R_100,0
1700003259,1014.033,R_100,3
1700003260,1014.03,R_100,0
1700003261,1014.036,R_100,6
1700003262,1014.041,R_100,1
1700003263,1014.043,R_100,3
1700003264,1014.043,R_100,3
1700003265,1014.041,R_100,1
1700003266,1014.046,R_100,6
1700003267,1014.048,R_100,8
1700003268,1014.057,R_100,7
1700003269,1014.06,R_100,0
1700003270,1014.06,R_100,0
1700003271,1014.061,R_100,1
1700003272,1014.069,R_100,9
1700003273,1014.079,R_100,9
1700003274,1014.087,R_100,7
1700003275,1014.086,R_100,6
1700003276,1014.098,R_100,8
1700003277,1014.105,R_100,5
1700003278,1014.103,R_100,3
1700003279,1014.119,R_100,9
1700003280,1014.125,R_100,5
1700003281,1014.133,R_100,3
1700003282,1014.139,R_100,9
1700003283,1014.14,R_100,0
1700003284,1014.145,R_100,5
1700003285,1014.14,R_100,0
1700003286,1014.144,R_100,4
1700003287,1014.156,R_100,6
1700003288,1014.157,R_100,7
1700003289,1014.167,R_100,7
1700003290,1014.175,R_100,5
1700003291,1014.179,R_100,9
1700003292,1014.181,R_100,1
1700003293,1014.182,R_100,2
1700003294,1014.183,R_100,3
1700003295,1014.185,R_100,5
1700003296,1014.195,R_100,5
1700003297,1014.207,R_100,7
1700003298,1014.21,R_100,0
1700003299,1014.212,R_100,2
1700003300,1014.21,R_100,0
1700003301,1014.211,R_100,1
1700003302,1014.21,R_100,0
1700003303,1014.217,R_100,7
1700003304,1014.228,R_100,8
1700003305,1014.236,R_100,6
1700003306,1014.242,R_100,2
1700003307,1014.249,R_100,9
1700003308,1014.255,R_100,5
1700003309,1014.257,R_100,7
1700003310,1014.26,R_100,0
1700003311,1014.258,R_100,8
1700003312,1014.26,R_100,0
1700003313,1014.266,R_100,6
1700003314,1014.275,R_100,5
1700003315,1014.27,R_100,0
1700003316,1014.27,R_100,0
1700003317,1014.277,R_100,7
1700003318,1014.285,R_100,5
1700003319,1014.289,R_100,9
1700003320,1014.285,R_100,5
1700003321,1014.296,R_100,6
1700003322,1014.306,R_100,6
1700003323,1014.311,R_100,1
1700003324,1014.318,R_100,8
1700003325,1014.317,R_100,7
1700003326,1014.321,R_100,1
1700003327,1014.326,R_100,6
1700003328,1014.329,R_100,9
1700003329,1014.339,R_100,9
1700003330,1014.334,R_100,4
1700003331,1014.346,R_100,6
1700003332,1014.354,R_100,4
1700003333,1014.36,R_100,0
1700003334,1014.363,R_100,3
1700003335,1014.367,R_100,7
1700003336,1014.374,R_100,4
1700003337,1014.389,R_100,9
1700003338,1014.395,R_100,5
1700003339,1014.403,R_100,3
1700003340,1014.409,R_100,9
1700003341,1014.419,R_100,9
1700003342,1014.42,R_100,0
1700003343,1014.428,R_100,8
1700003344,1014.439,R_100,9
1700003345,1014.449,R_100,9
1700003346,1014.454,R_100,4
1700003347,1014.458,R_100,8
1700003348,1014.464,R_100,4
1700003349,1014.46,R_100,0
1700003350,1014.46,R_100,0
1700003351,1014.463,R_100,3
1700003352,1014.472,R_100,2
1700003353,1014.473,R_100,3
1700003354,1014.483,R_100,3
1700003355,1014.498,R_100,8
1700003356,1014.505,R_100,5
1700003357,1014.512,R_100,2
1700003358,1014.511,R_100,1
1700003359,1014.518,R_100,8
1700003360,1014.515,R_100,5
1700003361,1014.517,R_100,7
1700003362,1014.528,R_100,8
1700003363,1014.534,R_100,4
1700003364,1014.53,R_100,0
1700003365,1014.537,R_100,7
1700003366,1014.531,R_100,1
1700003367,1014.53,R_100,0
1700003368,1014.538,R_100,8
1700003369,1014.541,R_100,1
1700003370,1014.541,R_100,1
1700003371,1014.542,R_100,2
1700003372,1014.548,R_100,8
1700003373,1014.559,R_100,9
1700003374,1014.567,R_100,7
1700003375,1014.572,R_100,2
1700003376,1014.571,R_100,1
1700003377,1014.572,R_100,2
1700003378,1014.583,R_100,3
1700003379,1014.59,R_100,0
1700003380,1014.594,R_100,4
1700003381,1014.602,R_100,2
1700003382,1014.618,R_100,8
1700003383,1014.625,R_100,5
1700003384,1014.632,R_100,2
1700003385,1014.635,R_100,5
1700003386,1014.646,R_100,6
1700003387,1014.649,R_100,9
1700003388,1014.654,R_100,4
1700003389,1014.652,R_100,2
1700003390,1014.665,R_100,5
1700003391,1014.673,R_100,3
1700003392,1014.67,R_100,0
1700003393,1014.671,R_100,1
1700003394,1014.674,R_100,4
1700003395,1014.674,R_100,4
1700003396,1014.684,R_100,4
1700003397,1014.697,R_100,7
1700003398,1014.698,R_100,8
1700003399,1014.691,R_100,1
1700003400,1014.706,R_100,6
1700003401,1014.702,R_100,2
1700003402,1014.7,R_100,0
1700003403,1014.706,R_100,6
1700003404,1014.713,R_100,3
1700003405,1014.72,R_100,0
1700003406,1014.726,R_100,6
1700003407,1014.721,R_100,1
1700003408,1014.725,R_100,5
1700003409,1014.739,R_100,9
1700003410,1014.745,R_100,5
1700003411,1014.748,R_100,8
1700003412,1014.752,R_100,2
1700003413,1014.751,R_100,1
1700003414,1014.754,R_100,4
1700003415,1014.751,R_100,1
1700003416,1014.755,R_100,5
1700003417,1014.763,R_100,3
1700003418,1014.767,R_100,7
1700003419,1014.779,R_100,9
1700003420,1014.781,R_100,1
1700003421,1014.789,R_100,9
1700003422,1014.796,R_100,6
1700003423,1014.794,R_100,4
1700003424,1014.793,R_100,3
1700003425,1014.792,R_100,2
1700003426,1014.803,R_100,3
1700003427,1014.817,R_100,7
1700003428,1014.825,R_100,5
1700003429,1014.831,R_100,1
1700003430,1014.841,R_100,1
1700003431,1014.842,R_100,2
1700003432,1014.848,R_100,8
1700003433,1014.855,R_100,5
1700003434,1014.857,R_100,7
1700003435,1014.869,R_100,9
1700003436,1014.879,R_100,9
1700003437,1014.884,R_100,4
1700003438,1014.88,R_100,0
1700003439,1014.88,R_100,0
1700003440,1014.888,R_100,8
1700003441,1014.895,R_100,5
1700003442,1014.893,R_100,3
1700003443,1014.89,R_100,0
1700003444,1014.896,R_100,6
1700003445,1014.891,R_100,1
1700003446,1014.893,R_100,3
1700003447,1014.893,R_100,3
1700003448,1014.899,R_100,9
1700003449,1014.907,R_100,7
1700003450,1014.915,R_100,5
1700003451,1014.913,R_100,3
1700003452,1014.918,R_100,8
1700003453,1014.927,R_100,7
1700003454,1014.936,R_100,6
1700003455,1014.939,R_100,9
1700003456,1014.942,R_100,2
1700003457,1014.949,R_100,9
1700003458,1014.956,R_100,6
1700003459,1014.956,R_100,6
1700003460,1014.967,R_100,7
1700003461,1014.97,R_100,0
1700003462,1014.979,R_100,9
1700003463,1014.98,R_100,0
1700003464,1014.98,R_100,0
1700003465,1014.981,R_100,1
1700003466,1014.983,R_100,3
1700003467,1014.984,R_100,4
1700003468,1014.988,R_100,8
1700003469,1014.981,R_100,1
1700003470,1014.981,R_100,1
1700003471,1014.983,R_100,3
1700003472,1014.986,R_100,6
1700003473,1014.998,R_100,8
1700003474,1015.004,R_100,4
1700003475,1015.002,R_100,2
1700003476,1015.006,R_100,6
1700003477,1015.0,R_100,0
1700003478,1015.005,R_100,5
1700003479,1015.016,R_100,6
1700003480,1015.014,R_100,4
1700003481,1015.013,R_100,3
1700003482,1015.017,R_100,7
1700003483,1015.027,R_100,7
1700003484,1015.035,R_100,5
1700003485,1015.042,R_100,2
1700003486,1015.046,R_100,6
1700003487,1015.041,R_100,1
1700003488,1015.045,R_100,5
1700003489,1015.048,R_100,8
1700003490,1015.051,R_100,1
1700003491,1015.056,R_100,6
1700003492,1015.055,R_100,5
1700003493,1015.067,R_100,7
1700003494,1015.076,R_100,6
1700003495,1015.075,R_100,5
1700003496,1015.083,R_100,3
1700003497,1015.083,R_100,3
1700003498,1015.085,R_100,5
1700003499,1015.097,R_100,7
1700003500,1015.096,R_100,6
1700003501,1015.1,R_100,0
1700003502,1015.1,R_100,0
1700003503,1015.106,R_100,6
1700003504,1015.115,R_100,5
1700003505,1015.126,R_100,6
1700003506,1015.138,R_100,8
1700003507,1015.143,R_100,3
1700003508,1015.14,R_100,0
1700003509,1015.143,R_100,3
1700003510,1015.14,R_100,0
1700003511,1015.144,R_100,4
1700003512,1015.142,R_100,2
1700003513,1015.147,R_100,7
1700003514,1015.159,R_100,9
1700003515,1015.163,R_100,3
1700003516,1015.167,R_100,7
1700003517,1015.173,R_100,3
1700003518,1015.176,R_100,6
1700003519,1015.171,R_100,1
1700003520,1015.173,R_100,3
1700003521,1015.172,R_100,2
1700003522,1015.174,R_100,4
1700003523,1015.179,R_100,9
1700003524,1015.181,R_100,1
1700003525,1015.188,R_100,8
1700003526,1015.197,R_100,7
1700003527,1015.204,R_100,4
1700003528,1015.208,R_100,8
1700003529,1015.21,R_100,0
1700003530,1015.213,R_100,3
1700003531,1015.223,R_100,3
1700003532,1015.234,R_100,4
1700003533,1015.24,R_100,0
1700003534,1015.244,R_100,4
1700003535,1015.258,R_100,8
1700003536,1015.254,R_100,4
1700003537,1015.255,R_100,5
1700003538,1015.255,R_100,5
1700003539,1015.258,R_100,8
1700003540,1015.254,R_100,4
1700003541,1015.257,R_100,7
1700003542,1015.265,R_100,5
1700003543,1015.26,R_100,0
1700003544,1015.269,R_100,9
1700003545,1015.278,R_100,8
1700003546,1015.287,R_100,7
1700003547,1015.282,R_100,2
1700003548,1015.284,R_100,4
1700003549,1015.281,R_100,1
1700003550,1015.283,R_100,3
1700003551,1015.28,R_100,0
1700003552,1015.288,R_100,8
1700003553,1015.298,R_100,8
1700003554,1015.307,R_100,7
1700003555,1015.317,R_100,7
1700003556,1015.31,R_100,0
1700003557,1015.313,R_100,3
1700003558,1015.317,R_100,7
1700003559,1015.315,R_100,5
1700003560,1015.314,R_100,4
1700003561,1015.317,R_100,7
1700003562,1015.328,R_100,8
1700003563,1015.331,R_100,1
1700003564,1015.342,R_100,2
1700003565,1015.342,R_100,2
1700003566,1015.359,R_100,9
1700003567,1015.367,R_100,7
1700003568,1015.377,R_100,7
1700003569,1015.376,R_100,6
1700003570,1015.375,R_100,5
1700003571,1015.387,R_100,7
1700003572,1015.383,R_100,3
1700003573,1015.398,R_100,8
1700003574,1015.401,R_100,1
1700003575,1015.407,R_100,7
1700003576,1015.413,R_100,3
1700003577,1015.411,R_100,1
1700003578,1015.412,R_100,2
1700003579,1015.418,R_100,8
1700003580,1015.425,R_100,5
1700003581,1015.421,R_100,1
1700003582,1015.428,R_100,8
1700003583,1015.436,R_100,6
1700003584,1015.447,R_100,7
1700003585,1015.455,R_100,5
1700003586,1015.468,R_100,8
1700003587,1015.473,R_100,3
1700003588,1015.471,R_100,1
1700003589,1015.475,R_100,5
1700003590,1015.476,R_100,6
1700003591,1015.481,R_100,1
1700003592,1015.481,R_100,1
1700003593,1015.48,R_100,0
1700003594,1015.48,R_100,0
1700003595,1015.487,R_100,7
1700003596,1015.499,R_100,9
1700003597,1015.504,R_100,4
1700003598,1015.5,R_100,0
1700003599,1015.509,R_100,9
1700003600,1015.51,R_100,0
1700003601,1015.517,R_100,7
1700003602,1015.513,R_100,3
1700003603,1015.52,R_100,0
1700003604,1015.529,R_100,9
1700003605,1015.537,R_100,7
1700003606,1015.54,R_100,0
1700003607,1015.54,R_100,0
1700003608,1015.541,R_100,1
1700003609,1015.549,R_100,9
1700003610,1015.55,R_100,0
1700003611,1015.552,R_100,2
1700003612,1015.557,R_100,7
1700003613,1015.568,R_100,8
1700003614,1015.572,R_100,2
1700003615,1015.576,R_100,6
1700003616,1015.571,R_100,1
1700003617,1015.587,R_100,7
1700003618,1015.595,R_100,5
1700003619,1015.608,R_100,8
1700003620,1015.612,R_100,2
1700003621,1015.613,R_100,3
1700003622,1015.611,R_100,1
1700003623,1015.615,R_100,5
1700003624,1015.61,R_100,0
1700003625,1015.61,R_100,0
1700003626,1015.617,R_100,7
1700003627,1015.623,R_100,3
1700003628,1015.634,R_100,4
1700003629,1015.633,R_100,3
1700003630,1015.639,R_100,9
1700003631,1015.647,R_100,7
1700003632,1015.655,R_100,5
1700003633,1015.663,R_100,3
1700003634,1015.661,R_100,1
1700003635,1015.667,R_100,7
1700003636,1015.675,R_100,5
1700003637,1015.688,R_100,8
1700003638,1015.692,R_100,2
1700003639,1015.69,R_100,0
1700003640,1015.689,R_100,9
1700003641,1015.699,R_100,9
1700003642,1015.709,R_100,9
1700003643,1015.715,R_100,5
1700003644,1015.716,R_100,6
1700003645,1015.723,R_100,3
1700003646,1015.725,R_100,5
1700003647,1015.722,R_100,2
1700003648,1015.725,R_100,5
1700003649,1015.729,R_100,9
1700003650,1015.73,R_100,0
1700003651,1015.731,R_100,1
1700003652,1015.737,R_100,7
1700003653,1015.741,R_100,1
1700003654,1015.743,R_100,3
1700003655,1015.752,R_100,2
1700003656,1015.764,R_100,4
1700003657,1015.775,R_100,5
1700003658,1015.783,R_100,3
1700003659,1015.783,R_100,3
1700003660,1015.787,R_100,7
1700003661,1015.781,R_100,1
1700003662,1015.785,R_100,5
1700003663,1015.799,R_100,9
1700003664,1015.807,R_100,7
1700003665,1015.81,R_100,0
1700003666,1015.813,R_100,3
1700003667,1015.827,R_100,7
1700003668,1015.837,R_100,7
1700003669,1015.839,R_100,9
1700003670,1015.839,R_100,9
1700003671,1015.846,R_100,6
1700003672,1015.851,R_100,1
1700003673,1015.857,R_100,7
1700003674,1015.869,R_100,9
1700003675,1015.871,R_100,1
1700003676,1015.872,R_100,2
1700003677,1015.878,R_100,8
1700003678,1015.881,R_100,1
1700003679,1015.889,R_100,9
1700003680,1015.894,R_100,4
1700003681,1015.899,R_100,9
1700003682,1015.908,R_100,8
1700003683,1015.91,R_100,0
1700003684,1015.915,R_100,5
1700003685,1015.922,R_100,2
1700003686,1015.928,R_100,8
1700003687,1015.938,R_100,8
1700003688,1015.949,R_100,9
1700003689,1015.957,R_100,7
1700003690,1015.962,R_100,2
1700003691,1015.967,R_100,7
1700003692,1015.969,R_100,9
1700003693,1015.973,R_100,3
1700003694,1015.983,R_100,3
1700003695,1015.982,R_100,2
1700003696,1015.984,R_100,4
1700003697,1015.997,R_100,7
1700003698,1016.002,R_100,2
1700003699,1016.0,R_100,0
1700003700,1016.004,R_100,4
1700003701,1016.008,R_100,8
1700003702,1016.013,R_100,3
1700003703,1016.024,R_100,4
1700003704,1016.032,R_100,2
1700003705,1016.045,R_100,5
1700003706,1016.047,R_100,7
1700003707,1016.049,R_100,9
1700003708,1016.052,R_100,2
1700003709,1016.058,R_100,8
1700003710,1016.056,R_100,6
1700003711,1016.054,R_100,4
1700003712,1016.061,R_100,1
1700003713,1016.068,R_100,8
1700003714,1016.079,R_100,9
1700003715,1016.084,R_100,4
1700003716,1016.095,R_100,5
1700003717,1016.1,R_100,0
1700003718,1016.109,R_100,9
1700003719,1016.111,R_100,1
1700003720,1016.11,R_100,0
1700003721,1016.114,R_100,4
1700003722,1016.121,R_100,1
1700003723,1016.129,R_100,9
1700003724,1016.133,R_100,3
1700003725,1016.148,R_100,8
1700003726,1016.155,R_100,5
1700003727,1016.154,R_100,4
1700003728,1016.151,R_100,1
1700003729,1016.155,R_100,5
1700003730,1016.158,R_100,8
1700003731,1016.161,R_100,1
1700003732,1016.169,R_100,9
1700003733,1016.175,R_100,5
1700003734,1016.184,R_100,4
1700003735,1016.193,R_100,3
1700003736,1016.19,R_100,0
1700003737,1016.196,R_100,6
1700003738,1016.202,R_100,2
1700003739,1016.215,R_100,5
1700003740,1016.223,R_100,3
1700003741,1016.228,R_100,8
1700003742,1016.232,R_100,2
1700003743,1016.231,R_100,1
1700003744,1016.23,R_100,0
1700003745,1016.238,R_100,8
1700003746,1016.242,R_100,2
1700003747,1016.256,R_100,6
1700003748,1016.257,R_100,7
1700003749,1016.265,R_100,5
1700003750,1016.27,R_100,0
1700003751,1016.262,R_100,2
1700003752,1016.26,R_100,0
1700003753,1016.262,R_100,2
1700003754,1016.261,R_100,1
1700003755,1016.262,R_100,2
1700003756,1016.266,R_100,6
1700003757,1016.278,R_100,8
1700003758,1016.275,R_100,5
1700003759,1016.277,R_100,7
1700003760,1016.276,R_100,6
1700003761,1016.274,R_100,4
1700003762,1016.278,R_100,8
1700003763,1016.283,R_100,3
1700003764,1016.281,R_100,1
1700003765,1016.289,R_100,9
1700003766,1016.291,R_100,1
1700003767,1016.298,R_100,8
1700003768,1016.309,R_100,9
1700003769,1016.319,R_100,9
1700003770,1016.321,R_100,1
1700003771,1016.325,R_100,5
1700003772,1016.326,R_100,6
1700003773,1016.321,R_100,1
1700003774,1016.326,R_100,6
1700003775,1016.324,R_100,4
1700003776,1016.332,R_100,2
1700003777,1016.334,R_100,4
1700003778,1016.335,R_100,5
1700003779,1016.342,R_100,2
1700003780,1016.347,R_100,7
1700003781,1016.35,R_100,0
1700003782,1016.355,R_100,5
1700003783,1016.361,R_100,1
1700003784,1016.36,R_100,0
1700003785,1016.368,R_100,8
1700003786,1016.375,R_100,5
1700003787,1016.388,R_100,8
1700003788,1016.397,R_100,7
1700003789,1016.401,R_100,1
1700003790,1016.404,R_100,4
1700003791,1016.413,R_100,3
1700003792,1016.416,R_100,6
1700003793,1016.418,R_100,8
1700003794,1016.418,R_100,8
1700003795,1016.428,R_100,8
1700003796,1016.432,R_100,2
1700003797,1016.431,R_100,1
1700003798,1016.437,R_100,7
1700003799,1016.44,R_100,0
1700003800,1016.44,R_100,0
1700003801,1016.443,R_100,3
1700003802,1016.442,R_100,2
1700003803,1016.442,R_100,2
1700003804,1016.458,R_100,8
1700003805,1016.469,R_100,9
1700003806,1016.477,R_100,7
1700003807,1016.48,R_100,0
1700003808,1016.483,R_100,3
1700003809,1016.484,R_100,4
1700003810,1016.497,R_100,7
1700003811,1016.5,R_100,0
1700003812,1016.502,R_100,2
1700003813,1016.507,R_100,7
1700003814,1016.519,R_100,9
1700003815,1016.528,R_100,8
1700003816,1016.53,R_100,0
1700003817,1016.537,R_100,7
1700003818,1016.538,R_100,8
1700003819,1016.545,R_100,5
1700003820,1016.546,R_100,6
1700003821,1016.55,R_100,0
1700003822,1016.55,R_100,0
1700003823,1016.557,R_100,7
1700003824,1016.569,R_100,9
1700003825,1016.573,R_100,3
1700003826,1016.577,R_100,7
1700003827,1016.587,R_100,7
1700003828,1016.598,R_100,8
1700003829,1016.609,R_100,9
1700003830,1016.619,R_100,9
1700003831,1016.627,R_100,7
1700003832,1016.633,R_100,3
1700003833,1016.631,R_100,1
1700003834,1016.638,R_100,8
1700003835,1016.642,R_100,2
1700003836,1016.653,R_100,3
1700003837,1016.653,R_100,3
1700003838,1016.655,R_100,5
1700003839,1016.654,R_100,4
1700003840,1016.65,R_100,0
1700003841,1016.654,R_100,4
1700003842,1016.658,R_100,8
1700003843,1016.664,R_100,4
1700003844,1016.679,R_100,9
1700003845,1016.682,R_100,2
1700003846,1016.697,R_100,7
1700003847,1016.696,R_100,6
1700003848,1016.707,R_100,7
1700003849,1016.705,R_100,5
1700003850,1016.718,R_100,8
1700003851,1016.727,R_100,7
1700003852,1016.733,R_100,3
1700003853,1016.749,R_100,9
1700003854,1016.751,R_100,1
1700003855,1016.759,R_100,9
1700003856,1016.765,R_100,5
1700003857,1016.771,R_100,1
1700003858,1016.775,R_100,5
1700003859,1016.785,R_100,5
1700003860,1016.782,R_100,2
1700003861,1016.78,R_100,0
1700003862,1016.781,R_100,1
1700003863,1016.795,R_100,5
1700003864,1016.798,R_100,8
1700003865,1016.795,R_100,5
1700003866,1016.796,R_100,6
1700003867,1016.795,R_100,5
1700003868,1016.79,R_100,0
1700003869,1016.798,R_100,8
1700003870,1016.808,R_100,8
1700003871,1016.811,R_100,1
1700003872,1016.826,R_100,6
1700003873,1016.834,R_100,4
1700003874,1016.83,R_100,0
1700003875,1016.83,R_100,0
1700003876,1016.834,R_100,4
1700003877,1016.84,R_100,0
1700003878,1016.843,R_100,3
1700003879,1016.858,R_100,8
1700003880,1016.861,R_100,1
1700003881,1016.865,R_100,5
1700003882,1016.864,R_100,4
1700003883,1016.872,R_100,2
1700003884,1016.877,R_100,7
1700003885,1016.883,R_100,3
1700003886,1016.898,R_100,8
1700003887,1016.908,R_100,8
1700003888,1016.917,R_100,7
1700003889,1016.924,R_100,4
1700003890,1016.928,R_100,8
1700003891,1016.923,R_100,3
1700003892,1016.92,R_100,0
1700003893,1016.929,R_100,9
1700003894,1016.937,R_100,7
1700003895,1016.946,R_100,6
1700003896,1016.949,R_100,9
1700003897,1016.943,R_100,3
1700003898,1016.951,R_100,1
1700003899,1016.958,R_100,8
1700003900,1016.964,R_100,4
1700003901,1016.979,R_100,9
1700003902,1016.982,R_100,2
1700003903,1016.98,R_100,0
1700003904,1016.985,R_100,5
1700003905,1016.98,R_100,0
1700003906,1016.983,R_100,3
1700003907,1016.991,R_100,1
1700003908,1017.003,R_100,3
1700003909,1017.003,R_100,3
1700003910,1017.003,R_100,3
1700003911,1017.019,R_100,9
1700003912,1017.025,R_100,5
1700003913,1017.037,R_100,7
1700003914,1017.046,R_100,6
1700003915,1017.042,R_100,2
1700003916,1017.047,R_100,7
1700003917,1017.051,R_100,1
1700003918,1017.051,R_100,1
1700003919,1017.057,R_100,7
1700003920,1017.063,R_100,3
1700003921,1017.075,R_100,5
1700003922,1017.081,R_100,1
1700003923,1017.086,R_100,6
1700003924,1017.097,R_100,7
1700003925,1017.102,R_100,2
1700003926,1017.106,R_100,6
1700003927,1017.107,R_100,7
1700003928,1017.111,R_100,1
1700003929,1017.118,R_100,8
1700003930,1017.125,R_100,5
1700003931,1017.123,R_100,3
1700003932,1017.126,R_100,6
1700003933,1017.127,R_100,7
1700003934,1017.122,R_100,2
1700003935,1017.125,R_100,5
1700003936,1017.125,R_100,5
1700003937,1017.124,R_100,4
1700003938,1017.132,R_100,2
1700003939,1017.137,R_100,7
1700003940,1017.141,R_100,1
1700003941,1017.148,R_100,8
1700003942,1017.15,R_100,0
1700003943,1017.152,R_100,2
1700003944,1017.155,R_100,5
1700003945,1017.153,R_100,3
1700003946,1017.159,R_100,9
1700003947,1017.164,R_100,4
1700003948,1017.17,R_100,0
1700003949,1017.175,R_100,5
1700003950,1017.178,R_100,8
1700003951,1017.174,R_100,4
1700003952,1017.171,R_100,1
1700003953,1017.186,R_100,6
1700003954,1017.196,R_100,6
1700003955,1017.205,R_100,5
1700003956,1017.21,R_100,0
1700003957,1017.219,R_100,9
1700003958,1017.222,R_100,2
1700003959,1017.232,R_100,2
1700003960,1017.237,R_100,7
1700003961,1017.244,R_100,4
1700003962,1017.248,R_100,8
1700003963,1017.254,R_100,4
1700003964,1017.255,R_100,5
1700003965,1017.261,R_100,1
1700003966,1017.26,R_100,0
1700003967,1017.261,R_100,1
1700003968,1017.267,R_100,7
1700003969,1017.271,R_100,1
1700003970,1017.271,R_100,1
1700003971,1017.276,R_100,6
1700003972,1017.288,R_100,8
1700003973,1017.298,R_100,8
1700003974,1017.306,R_100,6
1700003975,1017.311,R_100,1
1700003976,1017.319,R_100,9
1700003977,1017.328,R_100,8
1700003978,1017.339,R_100,9
1700003979,1017.348,R_100,8
1700003980,1017.34,R_100,0
1700003981,1017.343,R_100,3
1700003982,1017.355,R_100,5
1700003983,1017.366,R_100,6
1700003984,1017.36,R_100,0
1700003985,1017.362,R_100,2
1700003986,1017.367,R_100,7
1700003987,1017.374,R_100,4
1700003988,1017.373,R_100,3
1700003989,1017.376,R_100,6
1700003990,1017.387,R_100,7
1700003991,1017.383,R_100,3
1700003992,1017.385,R_100,5
1700003993,1017.389,R_100,9
1700003994,1017.399,R_100,9
1700003995,1017.391,R_100,1
1700003996,1017.394,R_100,4
1700003997,1017.397,R_100,7
1700003998,1017.401,R_100,1
1700003999,1017.409,R_100,9
1700004000,1017.41,R_100,0
1700004001,1017.419,R_100,9
1700004002,1017.429,R_100,9
1700004003,1017.436,R_100,6
1700004004,1017.435,R_100,5
1700004005,1017.445,R_100,5
1700004006,1017.442,R_100,2
1700004007,1017.448,R_100,8
1700004008,1017.454,R_100,4
1700004009,1017.453,R_100,3
1700004010,1017.469,R_100,9
1700004011,1017.479,R_100,9
1700004012,1017.488,R_100,8
1700004013,1017.49,R_100,0
1700004014,1017.498,R_100,8
1700004015,1017.492,R_100,2
1700004016,1017.493,R_100,3
1700004017,1017.502,R_100,2
1700004018,1017.502,R_100,2
1700004019,1017.5,R_100,0
1700004020,1017.505,R_100,5
1700004021,1017.503,R_100,3
1700004022,1017.504,R_100,4
1700004023,1017.505,R_100,5
1700004024,1017.504,R_100,4
1700004025,1017.505,R_100,5
1700004026,1017.518,R_100,8
1700004027,1017.529,R_100,9
1700004028,1017.53,R_100,0
1700004029,1017.531,R_100,1
1700004030,1017.537,R_100,7
1700004031,1017.547,R_100,7
1700004032,1017.551,R_100,1
1700004033,1017.557,R_100,7
1700004034,1017.551,R_100,1
1700004035,1017.552,R_100,2
1700004036,1017.553,R_100,3
1700004037,1017.569,R_100,9
1700004038,1017.578,R_100,8
1700004039,1017.58,R_100,0
1700004040,1017.589,R_100,9
1700004041,1017.594,R_100,4
1700004042,1017.591,R_100,1
1700004043,1017.595,R_100,5
1700004044,1017.609,R_100,9
1700004045,1017.616,R_100,6
1700004046,1017.613,R_100,3
1700004047,1017.619,R_100,9
1700004048,1017.626,R_100,6
1700004049,1017.626,R_100,6
1700004050,1017.636,R_100,6
1700004051,1017.632,R_100,2
1700004052,1017.634,R_100,4
1700004053,1017.632,R_100,2
1700004054,1017.633,R_100,3
1700004055,1017.632,R_100,2
1700004056,1017.632,R_100,2
1700004057,1017.631,R_100,1
1700004058,1017.635,R_100,5
1700004059,1017.641,R_100,1
1700004060,1017.641,R_100,1
1700004061,1017.648,R_100,8
1700004062,1017.651,R_100,1
1700004063,1017.659,R_100,9
1700004064,1017.661,R_100,1
1700004065,1017.663,R_100,3
1700004066,1017.666,R_100,6
1700004067,1017.665,R_100,5
1700004068,1017.676,R_100,6
1700004069,1017.688,R_100,8
1700004070,1017.692,R_100,2
1700004071,1017.708,R_100,8
1700004072,1017.71,R_100,0
1700004073,1017.713,R_100,3
1700004074,1017.719,R_100,9
1700004075,1017.723,R_100,3
1700004076,1017.727,R_100,7
1700004077,1017.731,R_100,1
1700004078,1017.736,R_100,6
1700004079,1017.744,R_100,4
1700004080,1017.756,R_100,6
1700004081,1017.764,R_100,4
1700004082,1017.777,R_100,7
1700004083,1017.78,R_100,0
1700004084,1017.785,R_100,5
1700004085,1017.787,R_100,7
1700004086,1017.784,R_100,4
1700004087,1017.787,R_100,7
1700004088,1017.791,R_100,1
1700004089,1017.797,R_100,7
1700004090,1017.805,R_100,5
1700004091,1017.804,R_100,4
1700004092,1017.806,R_100,6
1700004093,1017.807,R_100,7
1700004094,1017.808,R_100,8
1700004095,1017.815,R_100,5
1700004096,1017.825,R_100,5
1700004097,1017.835,R_100,5
1700004098,1017.847,R_100,7
1700004099,1017.84,R_100,0
1700004100,1017.843,R_100,3
1700004101,1017.843,R_100,3
1700004102,1017.846,R_100,6
1700004103,1017.859,R_100,9
1700004104,1017.869,R_100,9
1700004105,1017.87,R_100,0
1700004106,1017.879,R_100,9
1700004107,1017.883,R_100,3
1700004108,1017.88,R_100,0
1700004109,1017.882,R_100,2
1700004110,1017.889,R_100,9
1700004111,1017.894,R_100,4
1700004112,1017.897,R_100,7
1700004113,1017.908,R_100,8
1700004114,1017.914,R_100,4
1700004115,1017.913,R_100,3
1700004116,1017.914,R_100,4
1700004117,1017.918,R_100,8
1700004118,1017.923,R_100,3
1700004119,1017.931,R_100,1
1700004120,1017.938,R_100,8
1700004121,1017.944,R_100,4
1700004122,1017.951,R_100,1
1700004123,1017.951,R_100,1
1700004124,1017.953,R_100,3
1700004125,1017.957,R_100,7
1700004126,1017.962,R_100,2
1700004127,1017.962,R_100,2
1700004128,1017.962,R_100,2
1700004129,1017.963,R_100,3
1700004130,1017.969,R_100,9
1700004131,1017.977,R_100,7
1700004132,1017.97,R_100,0
1700004133,1017.974,R_100,4
1700004134,1017.973,R_100,3
1700004135,1017.979,R_100,9
1700004136,1017.981,R_100,1
1700004137,1017.999,R_100,9
1700004138,1018.004,R_100,4
1700004139,1018.012,R_100,2
1700004140,1018.012,R_100,2
1700004141,1018.029,R_100,9
1700004142,1018.032,R_100,2
1700004143,1018.032,R_100,2
1700004144,1018.038,R_100,8
1700004145,1018.044,R_100,4
1700004146,1018.05,R_100,0
1700004147,1018.057,R_100,7
1700004148,1018.056,R_100,6
1700004149,1018.052,R_100,2
1700004150,1018.051,R_100,1
1700004151,1018.068,R_100,8
1700004152,1018.073,R_100,3
1700004153,1018.077,R_100,7
1700004154,1018.085,R_100,5
1700004155,1018.088,R_100,8
1700004156,1018.092,R_100,2
1700004157,1018.104,R_100,4
1700004158,1018.106,R_100,6
1700004159,1018.119,R_100,9
1700004160,1018.121,R_100,1
1700004161,1018.136,R_100,6
1700004162,1018.132,R_100,2
1700004163,1018.131,R_100,1
1700004164,1018.13,R_100,0
1700004165,1018.131,R_100,1
1700004166,1018.138,R_100,8
1700004167,1018.14,R_100,0
1700004168,1018.142,R_100,2
1700004169,1018.141,R_100,1
1700004170,1018.147,R_100,7
1700004171,1018.151,R_100,1
1700004172,1018.151,R_100,1
1700004173,1018.151,R_100,1
1700004174,1018.153,R_100,3
1700004175,1018.168,R_100,8
1700004176,1018.175,R_100,5
1700004177,1018.181,R_100,1
1700004178,1018.197,R_100,7
1700004179,1018.203,R_100,3
1700004180,1018.201,R_100,1
1700004181,1018.202,R_100,2
1700004182,1018.202,R_100,2
1700004183,1018.21,R_100,0
1700004184,1018.221,R_100,1
1700004185,1018.224,R_100,4
1700004186,1018.233,R_100,3
1700004187,1018.231,R_100,1
1700004188,1018.245,R_100,5
1700004189,1018.258,R_100,8
1700004190,1018.25,R_100,0
1700004191,1018.253,R_100,3
1700004192,1018.258,R_100,8
1700004193,1018.251,R_100,1
1700004194,1018.252,R_100,2
1700004195,1018.251,R_100,1
1700004196,1018.254,R_100,4
1700004197,1018.256,R_100,6
1700004198,1018.265,R_100,5
1700004199,1018.27,R_100,0
1700004200,1018.273,R_100,3
1700004201,1018.287,R_100,7
1700004202,1018.295,R_100,5
1700004203,1018.307,R_100,7
1700004204,1018.319,R_100,9
1700004205,1018.322,R_100,2
1700004206,1018.325,R_100,5
1700004207,1018.33,R_100,0
1700004208,1018.33,R_100,0
1700004209,1018.334,R_100,4
1700004210,1018.339,R_100,9
1700004211,1018.347,R_100,7
1700004212,1018.351,R_100,1
1700004213,1018.354,R_100,4
1700004214,1018.35,R_100,0
1700004215,1018.353,R_100,3
1700004216,1018.357,R_100,7
1700004217,1018.365,R_100,5
1700004218,1018.374,R_100,4
1700004219,1018.375,R_100,5
1700004220,1018.381,R_100,1
1700004221,1018.389,R_100,9
1700004222,1018.394,R_100,4
1700004223,1018.397,R_100,7
1700004224,1018.394,R_100,4
1700004225,1018.395,R_100,5
1700004226,1018.401,R_100,1
1700004227,1018.409,R_100,9
1700004228,1018.411,R_100,1
1700004229,1018.414,R_100,4
1700004230,1018.414,R_100,4
1700004231,1018.419,R_100,9
1700004232,1018.427,R_100,7
1700004233,1018.436,R_100,6
1700004234,1018.438,R_100,8
1700004235,1018.44,R_100,0
1700004236,1018.447,R_100,7
1700004237,1018.455,R_100,5
1700004238,1018.453,R_100,3
1700004239,1018.45,R_100,0
1700004240,1018.457,R_100,7
1700004241,1018.463,R_100,3
1700004242,1018.461,R_100,1
1700004243,1018.465,R_100,5
1700004244,1018.469,R_100,9
1700004245,1018.479,R_100,9
1700004246,1018.48,R_100,0
1700004247,1018.488,R_100,8
1700004248,1018.489,R_100,9
1700004249,1018.495,R_100,5
1700004250,1018.501,R_100,1
1700004251,1018.502,R_100,2
1700004252,1018.501,R_100,1
1700004253,1018.506,R_100,6
1700004254,1018.502,R_100,2
1700004255,1018.509,R_100,9
1700004256,1018.5,R_100,0
1700004257,1018.508,R_100,8
1700004258,1018.519,R_100,9
1700004259,1018.521,R_100,1
1700004260,1018.525,R_100,5
1700004261,1018.535,R_100,5
1700004262,1018.547,R_100,7
1700004263,1018.553,R_100,3
1700004264,1018.551,R_100,1
1700004265,1018.559,R_100,9
1700004266,1018.565,R_100,5
1700004267,1018.561,R_100,1
1700004268,1018.562,R_100,2
1700004269,1018.568,R_100,8
1700004270,1018.572,R_100,2
1700004271,1018.575,R_100,5
1700004272,1018.584,R_100,4
1700004273,1018.597,R_100,7
1700004274,1018.606,R_100,6
1700004275,1018.608,R_100,8
1700004276,1018.612,R_100,2
1700004277,1018.615,R_100,5
1700004278,1018.621,R_100,1
1700004279,1018.637,R_100,7
1700004280,1018.644,R_100,4
1700004281,1018.644,R_100,4
1700004282,1018.641,R_100,1
1700004283,1018.645,R_100,5
1700004284,1018.649,R_100,9
1700004285,1018.653,R_100,3
1700004286,1018.652,R_100,2
1700004287,1018.657,R_100,7
1700004288,1018.654,R_100,4
1700004289,1018.651,R_100,1
1700004290,1018.658,R_100,8
1700004291,1018.667,R_100,7
1700004292,1018.676,R_100,6
1700004293,1018.68,R_100,0
1700004294,1018.676,R_100,6
1700004295,1018.688,R_100,8
1700004296,1018.685,R_100,5
1700004297,1018.683,R_100,3
1700004298,1018.681,R_100,1
1700004299,1018.699,R_100,9
1700004300,1018.704,R_100,4
1700004301,1018.718,R_100,8
1700004302,1018.723,R_100,3
1700004303,1018.726,R_100,6
1700004304,1018.728,R_100,8
1700004305,1018.739,R_100,9
1700004306,1018.747,R_100,7
1700004307,1018.758,R_100,8
1700004308,1018.751,R_100,1
1700004309,1018.751,R_100,1
1700004310,1018.758,R_100,8
1700004311,1018.764,R_100,4
1700004312,1018.76,R_100,0
1700004313,1018.769,R_100,9
1700004314,1018.775,R_100,5
1700004315,1018.778,R_100,8
1700004316,1018.781,R_100,1
1700004317,1018.781,R_100,1
1700004318,1018.791,R_100,1
1700004319,1018.793,R_100,3
1700004320,1018.804,R_100,4
1700004321,1018.81,R_100,0
1700004322,1018.819,R_100,9
1700004323,1018.821,R_100,1
1700004324,1018.823,R_100,3
1700004325,1018.826,R_100,6
1700004326,1018.835,R_100,5
1700004327,1018.845,R_100,5
1700004328,1018.845,R_100,5
1700004329,1018.858,R_100,8
1700004330,1018.859,R_100,9
1700004331,1018.861,R_100,1
1700004332,1018.865,R_100,5
1700004333,1018.86,R_100,0
1700004334,1018.863,R_100,3
1700004335,1018.868,R_100,8
1700004336,1018.878,R_100,8
1700004337,1018.885,R_100,5
1700004338,1018.892,R_100,2
1700004339,1018.893,R_100,3
1700004340,1018.898,R_100,8
1700004341,1018.895,R_100,5
1700004342,1018.907,R_100,7
1700004343,1018.903,R_100,3
1700004344,1018.908,R_100,8
1700004345,1018.91,R_100,0
1700004346,1018.911,R_100,1
1700004347,1018.912,R_100,2
1700004348,1018.916,R_100,6
1700004349,1018.921,R_100,1
1700004350,1018.927,R_100,7
1700004351,1018.928,R_100,8
1700004352,1018.938,R_100,8
1700004353,1018.932,R_100,2
1700004354,1018.938,R_100,8
1700004355,1018.946,R_100,6
1700004356,1018.95,R_100,0
1700004357,1018.952,R_100,2
1700004358,1018.96,R_100,0
1700004359,1018.968,R_100,8
1700004360,1018.974,R_100,4
1700004361,1018.981,R_100,1
1700004362,1018.986,R_100,6
1700004363,1018.995,R_100,5
1700004364,1019.008,R_100,8
1700004365,1019.01,R_100,0
1700004366,1019.013,R_100,3
1700004367,1019.028,R_100,8
1700004368,1019.033,R_100,3
1700004369,1019.03,R_100,0
1700004370,1019.035,R_100,5
1700004371,1019.044,R_100,4
1700004372,1019.043,R_100,3
1700004373,1019.048,R_100,8
1700004374,1019.057,R_100,7
1700004375,1019.055,R_100,5
1700004376,1019.067,R_100,7
1700004377,1019.075,R_100,5
1700004378,1019.076,R_100,6
1700004379,1019.074,R_100,4
1700004380,1019.072,R_100,2
1700004381,1019.079,R_100,9
1700004382,1019.085,R_100,5
1700004383,1019.093,R_100,3
1700004384,1019.092,R_100,2
1700004385,1019.109,R_100,9
1700004386,1019.111,R_100,1
1700004387,1019.117,R_100,7
1700004388,1019.129,R_100,9
1700004389,1019.138,R_100,8
1700004390,1019.141,R_100,1
1700004391,1019.147,R_100,7
1700004392,1019.145,R_100,5
1700004393,1019.141,R_100,1
1700004394,1019.141,R_100,1
1700004395,1019.145,R_100,5
1700004396,1019.158,R_100,8
1700004397,1019.15,R_100,0
1700004398,1019.152,R_100,2
1700004399,1019.158,R_100,8
1700004400,1019.165,R_100,5
1700004401,1019.177,R_100,7
1700004402,1019.176,R_100,6
1700004403,1019.172,R_100,2
1700004404,1019.185,R_100,5
1700004405,1019.189,R_100,9
1700004406,1019.195,R_100,5
1700004407,1019.206,R_100,6
1700004408,1019.218,R_100,8
1700004409,1019.213,R_100,3
1700004410,1019.216,R_100,6
1700004411,1019.224,R_100,4
1700004412,1019.224,R_100,4
1700004413,1019.221,R_100,1
1700004414,1019.222,R_100,2
1700004415,1019.225,R_100,5
1700004416,1019.232,R_100,2
1700004417,1019.248,R_100,8
1700004418,1019.253,R_100,3
1700004419,1019.258,R_100,8
1700004420,1019.25,R_100,0
1700004421,1019.252,R_100,2
1700004422,1019.261,R_100,1
1700004423,1019.268,R_100,8
1700004424,1019.271,R_100,1
1700004425,1019.275,R_100,5
1700004426,1019.286,R_100,6
1700004427,1019.28,R_100,0
1700004428,1019.288,R_100,8
1700004429,1019.296,R_100,6
1700004430,1019.309,R_100,9
1700004431,1019.31,R_100,0
1700004432,1019.312,R_100,2
1700004433,1019.326,R_100,6
1700004434,1019.33,R_100,0
1700004435,1019.333,R_100,3
1700004436,1019.342,R_100,2
1700004437,1019.352,R_100,2
1700004438,1019.358,R_100,8
1700004439,1019.36,R_100,0
1700004440,1019.363,R_100,3
1700004441,1019.369,R_100,9
1700004442,1019.378,R_100,8
1700004443,1019.388,R_100,8
1700004444,1019.396,R_100,6
1700004445,1019.407,R_100,7
1700004446,1019.4,R_100,0
1700004447,1019.407,R_100,7
1700004448,1019.411,R_100,1
1700004449,1019.411,R_100,1
1700004450,1019.417,R_100,7
1700004451,1019.417,R_100,7
1700004452,1019.427,R_100,7
1700004453,1019.436,R_100,6
1700004454,1019.444,R_100,4
1700004455,1019.44,R_100,0
1700004456,1019.448,R_100,8
1700004457,1019.458,R_100,8
1700004458,1019.464,R_100,4
1700004459,1019.47,R_100,0
1700004460,1019.472,R_100,2
1700004461,1019.47,R_100,0
1700004462,1019.479,R_100,9
1700004463,1019.487,R_100,7
1700004464,1019.494,R_100,4
1700004465,1019.508,R_100,8
1700004466,1019.503,R_100,3
1700004467,1019.5,R_100,0
1700004468,1019.509,R_100,9
1700004469,1019.502,R_100,2
1700004470,1019.509,R_100,9
1700004471,1019.512,R_100,2
1700004472,1019.516,R_100,6
1700004473,1019.52,R_100,0
1700004474,1019.528,R_100,8
1700004475,1019.536,R_100,6
1700004476,1019.536,R_100,6
1700004477,1019.541,R_100,1
1700004478,1019.547,R_100,7
1700004479,1019.551,R_100,1
1700004480,1019.555,R_100,5
1700004481,1019.559,R_100,9
1700004482,1019.568,R_100,8
1700004483,1019.579,R_100,9
1700004484,1019.587,R_100,7
1700004485,1019.587,R_100,7
1700004486,1019.587,R_100,7
1700004487,1019.595,R_100,5
1700004488,1019.593,R_100,3
1700004489,1019.604,R_100,4
1700004490,1019.607,R_100,7
1700004491,1019.616,R_100,6
1700004492,1019.627,R_100,7
1700004493,1019.637,R_100,7
1700004494,1019.647,R_100,7
1700004495,1019.653,R_100,3
1700004496,1019.664,R_100,4
1700004497,1019.674,R_100,4
1700004498,1019.683,R_100,3
1700004499,1019.681,R_100,1
1700004500,1019.682,R_100,2
1700004501,1019.681,R_100,1
1700004502,1019.68,R_100,0
1700004503,1019.688,R_100,8
1700004504,1019.684,R_100,4
1700004505,1019.687,R_100,7
1700004506,1019.689,R_100,9
1700004507,1019.688,R_100,8
1700004508,1019.689,R_100,9
1700004509,1019.698,R_100,8
1700004510,1019.708,R_100,8
1700004511,1019.719,R_100,9
1700004512,1019.729,R_100,9
1700004513,1019.736,R_100,6
1700004514,1019.732,R_100,2
1700004515,1019.736,R_100,6
1700004516,1019.747,R_100,7
1700004517,1019.758,R_100,8
1700004518,1019.76,R_100,0
1700004519,1019.764,R_100,4
1700004520,1019.766,R_100,6
1700004521,1019.771,R_100,1
1700004522,1019.772,R_100,2
1700004523,1019.772,R_100,2
1700004524,1019.785,R_100,5
1700004525,1019.788,R_100,8
1700004526,1019.782,R_100,2
1700004527,1019.78,R_100,0
1700004528,1019.78,R_100,0
1700004529,1019.774,R_100,4
1700004530,1019.771,R_100,1
1700004531,1019.775,R_100,5
1700004532,1019.777,R_100,7
1700004533,1019.787,R_100,7
1700004534,1019.797,R_100,7
1700004535,1019.808,R_100,8
1700004536,1019.812,R_100,2
1700004537,1019.821,R_100,1
1700004538,1019.829,R_100,9
1700004539,1019.832,R_100,2
1700004540,1019.835,R_100,5
1700004541,1019.833,R_100,3
1700004542,1019.83,R_100,0
1700004543,1019.835,R_100,5
1700004544,1019.835,R_100,5
1700004545,1019.844,R_100,4
1700004546,1019.853,R_100,3
1700004547,1019.856,R_100,6
1700004548,1019.859,R_100,9
1700004549,1019.863,R_100,3
1700004550,1019.86,R_100,0
1700004551,1019.868,R_100,8
1700004552,1019.871,R_100,1
1700004553,1019.877,R_100,7
1700004554,1019.888,R_100,8
1700004555,1019.891,R_100,1
1700004556,1019.892,R_100,2
1700004557,1019.899,R_100,9
1700004558,1019.907,R_100,7
1700004559,1019.913,R_100,3
1700004560,1019.919,R_100,9
1700004561,1019.92,R_100,0
1700004562,1019.924,R_100,4
1700004563,1019.93,R_100,0
1700004564,1019.931,R_100,1
1700004565,1019.937,R_100,7
1700004566,1019.944,R_100,4
1700004567,1019.958,R_100,8
1700004568,1019.961,R_100,1
1700004569,1019.977,R_100,7
1700004570,1019.984,R_100,4
1700004571,1019.991,R_100,1
1700004572,1019.99,R_100,0
1700004573,1019.994,R_100,4
1700004574,1020.008,R_100,8
1700004575,1020.017,R_100,7
1700004576,1020.025,R_100,5
1700004577,1020.038,R_100,8
1700004578,1020.046,R_100,6
1700004579,1020.058,R_100,8
1700004580,1020.063,R_100,3
1700004581,1020.077,R_100,7
1700004582,1020.085,R_100,5
1700004583,1020.091,R_100,1
1700004584,1020.099,R_100,9
1700004585,1020.098,R_100,8
1700004586,1020.107,R_100,7
1700004587,1020.106,R_100,6
1700004588,1020.107,R_100,7
1700004589,1020.114,R_100,4
1700004590,1020.112,R_100,2
1700004591,1020.129,R_100,9
1700004592,1020.132,R_100,2
1700004593,1020.136,R_100,6
1700004594,1020.147,R_100,7
1700004595,1020.148,R_100,8
1700004596,1020.14,R_100,0
1700004597,1020.14,R_100,0
1700004598,1020.146,R_100,6
1700004599,1020.153,R_100,3
1700004600,1020.163,R_100,3
1700004601,1020.175,R_100,5
1700004602,1020.181,R_100,1
1700004603,1020.18,R_100,0
1700004604,1020.189,R_100,9
1700004605,1020.195,R_100,5
1700004606,1020.205,R_100,5
1700004607,1020.217,R_100,7
1700004608,1020.212,R_100,2
1700004609,1020.217,R_100,7
1700004610,1020.218,R_100,8
1700004611,1020.227,R_100,7
1700004612,1020.234,R_100,4
1700004613,1020.232,R_100,2
1700004614,1020.245,R_100,5
1700004615,1020.259,R_100,9
1700004616,1020.269,R_100,9
1700004617,1020.278,R_100,8
1700004618,1020.284,R_100,4
1700004619,1020.294,R_100,4
1700004620,1020.305,R_100,5
1700004621,1020.301,R_100,1
1700004622,1020.309,R_100,9
1700004623,1020.311,R_100,1
1700004624,1020.315,R_100,5
1700004625,1020.325,R_100,5
1700004626,1020.321,R_100,1
1700004627,1020.324,R_100,4
1700004628,1020.326,R_100,6
1700004629,1020.332,R_100,2
1700004630,1020.339,R_100,9
1700004631,1020.347,R_100,7
1700004632,1020.354,R_100,4
1700004633,1020.351,R_100,1
1700004634,1020.36,R_100,0
1700004635,1020.362,R_100,2
1700004636,1020.37,R_100,0
1700004637,1020.388,R_100,8
1700004638,1020.394,R_100,4
1700004639,1020.401,R_100,1
1700004640,1020.403,R_100,3
1700004641,1020.4,R_100,0
1700004642,1020.407,R_100,7
1700004643,1020.412,R_100,2
1700004644,1020.418,R_100,8
1700004645,1020.411,R_100,1
1700004646,1020.411,R_100,1
1700004647,1020.419,R_100,9
1700004648,1020.427,R_100,7
1700004649,1020.429,R_100,9
1700004650,1020.426,R_100,6
1700004651,1020.42,R_100,0
1700004652,1020.425,R_100,5
1700004653,1020.43,R_100,0
1700004654,1020.436,R_100,6
1700004655,1020.442,R_100,2
1700004656,1020.444,R_100,4
1700004657,1020.443,R_100,3
1700004658,1020.443,R_100,3
1700004659,1020.449,R_100,9
1700004660,1020.455,R_100,5
1700004661,1020.458,R_100,8
1700004662,1020.469,R_100,9
1700004663,1020.478,R_100,8
1700004664,1020.484,R_100,4
1700004665,1020.483,R_100,3
1700004666,1020.486,R_100,6
1700004667,1020.482,R_100,2
1700004668,1020.488,R_100,8
1700004669,1020.489,R_100,9
1700004670,1020.498,R_100,8
1700004671,1020.507,R_100,7
1700004672,1020.508,R_100,8
1700004673,1020.51,R_100,0
1700004674,1020.511,R_100,1
1700004675,1020.516,R_100,6
1700004676,1020.515,R_100,5
1700004677,1020.514,R_100,4
1700004678,1020.523,R_100,3
1700004679,1020.525,R_100,5
1700004680,1020.538,R_100,8
1700004681,1020.542,R_100,2
1700004682,1020.554,R_100,4
1700004683,1020.556,R_100,6
1700004684,1020.561,R_100,1
1700004685,1020.565,R_100,5
1700004686,1020.577,R_100,7
1700004687,1020.586,R_100,6
1700004688,1020.595,R_100,5
1700004689,1020.606,R_100,6
1700004690,1020.618,R_100,8
1700004691,1020.622,R_100,2
1700004692,1020.622,R_100,2
1700004693,1020.623,R_100,3
1700004694,1020.622,R_100,2
1700004695,1020.627,R_100,7
1700004696,1020.626,R_100,6
1700004697,1020.635,R_100,5
1700004698,1020.635,R_100,5
1700004699,1020.643,R_100,3
1700004700,1020.654,R_100,4
1700004701,1020.663,R_100,3
1700004702,1020.662,R_100,2
1700004703,1020.66,R_100,0
1700004704,1020.66,R_100,0
1700004705,1020.666,R_100,6
1700004706,1020.672,R_100,2
1700004707,1020.671,R_100,1
1700004708,1020.673,R_100,3
1700004709,1020.672,R_100,2
1700004710,1020.673,R_100,3
1700004711,1020.678,R_100,8
1700004712,1020.673,R_100,3
1700004713,1020.672,R_100,2
1700004714,1020.671,R_100,1
1700004715,1020.671,R_100,1
1700004716,1020.672,R_100,2
1700004717,1020.679,R_100,9
1700004718,1020.681,R_100,1
1700004719,1020.68,R_100,0
1700004720,1020.685,R_100,5
1700004721,1020.68,R_100,0
1700004722,1020.682,R_100,2
1700004723,1020.683,R_100,3
1700004724,1020.693,R_100,3
1700004725,1020.691,R_100,1
1700004726,1020.69,R_100,0
1700004727,1020.694,R_100,4
1700004728,1020.708,R_100,8
1700004729,1020.71,R_100,0
1700004730,1020.71,R_100,0
1700004731,1020.715,R_100,5
1700004732,1020.71,R_100,0
1700004733,1020.719,R_100,9
1700004734,1020.728,R_100,8
1700004735,1020.736,R_100,6
1700004736,1020.748,R_100,8
1700004737,1020.757,R_100,7
1700004738,1020.763,R_100,3
1700004739,1020.766,R_100,6
1700004740,1020.766,R_100,6
1700004741,1020.774,R_100,4
1700004742,1020.783,R_100,3
1700004743,1020.787,R_100,7
1700004744,1020.788,R_100,8
1700004745,1020.788,R_100,8
1700004746,1020.791,R_100,1
1700004747,1020.796,R_100,6
1700004748,1020.809,R_100,9
1700004749,1020.811,R_100,1
1700004750,1020.811,R_100,1
1700004751,1020.812,R_100,2
1700004752,1020.814,R_100,4
1700004753,1020.828,R_100,8
1700004754,1020.829,R_100,9
1700004755,1020.832,R_100,2
1700004756,1020.839,R_100,9
1700004757,1020.841,R_100,1
1700004758,1020.849,R_100,9
1700004759,1020.857,R_100,7
1700004760,1020.864,R_100,4
1700004761,1020.861,R_100,1
1700004762,1020.86,R_100,0
1700004763,1020.865,R_100,5
1700004764,1020.861,R_100,1
1700004765,1020.871,R_100,1
1700004766,1020.881,R_100,1
1700004767,1020.889,R_100,9
1700004768,1020.891,R_100,1
1700004769,1020.898,R_100,8
1700004770,1020.903,R_100,3
1700004771,1020.902,R_100,2
1700004772,1020.906,R_100,6
1700004773,1020.915,R_100,5
1700004774,1020.918,R_100,8
1700004775,1020.926,R_100,6
1700004776,1020.92,R_100,0
1700004777,1020.91,R_100,0
1700004778,1020.912,R_100,2
1700004779,1020.912,R_100,2
1700004780,1020.914,R_100,4
1700004781,1020.915,R_100,5
1700004782,1020.91,R_100,0
1700004783,1020.913,R_100,3
1700004784,1020.916,R_100,6
1700004785,1020.929,R_100,9
1700004786,1020.935,R_100,5
1700004787,1020.94,R_100,0
1700004788,1020.941,R_100,1
1700004789,1020.948,R_100,8
1700004790,1020.95,R_100,0
1700004791,1020.951,R_100,1
1700004792,1020.958,R_100,8
1700004793,1020.964,R_100,4
1700004794,1020.969,R_100,9
1700004795,1020.976,R_100,6
1700004796,1020.988,R_100,8
1700004797,1020.999,R_100,9
1700004798,1021.006,R_100,6
1700004799,1021.001,R_100,1
1700004800,1021.008,R_100,8
1700004801,1021.014,R_100,4
1700004802,1021.01,R_100,0
1700004803,1021.013,R_100,3
1700004804,1021.013,R_100,3
1700004805,1021.023,R_100,3
1700004806,1021.024,R_100,4
1700004807,1021.021,R_100,1
1700004808,1021.021,R_100,1
1700004809,1021.025,R_100,5
1700004810,1021.039,R_100,9
1700004811,1021.041,R_100,1
1700004812,1021.047,R_100,7
1700004813,1021.04,R_100,0
1700004814,1021.045,R_100,5
1700004815,1021.042,R_100,2
1700004816,1021.04,R_100,0
1700004817,1021.049,R_100,9
1700004818,1021.056,R_100,6
1700004819,1021.059,R_100,9
1700004820,1021.063,R_100,3
1700004821,1021.075,R_100,5
1700004822,1021.087,R_100,7
1700004823,1021.097,R_100,7
1700004824,1021.093,R_100,3
1700004825,1021.104,R_100,4
1700004826,1021.107,R_100,7
1700004827,1021.117,R_100,7
1700004828,1021.127,R_100,7
1700004829,1021.13,R_100,0
1700004830,1021.134,R_100,4
1700004831,1021.13,R_100,0
1700004832,1021.135,R_100,5
1700004833,1021.138,R_100,8
1700004834,1021.148,R_100,8
1700004835,1021.158,R_100,8
1700004836,1021.168,R_100,8
1700004837,1021.165,R_100,5
1700004838,1021.167,R_100,7
1700004839,1021.176,R_100,6
1700004840,1021.18,R_100,0
1700004841,1021.182,R_100,2
1700004842,1021.18,R_100,0
1700004843,1021.186,R_100,6
1700004844,1021.186,R_100,6
1700004845,1021.189,R_100,9
1700004846,1021.199,R_100,9
1700004847,1021.205,R_100,5
1700004848,1021.21,R_100,0
1700004849,1021.219,R_100,9
1700004850,1021.226,R_100,6
1700004851,1021.235,R_100,5
1700004852,1021.237,R_100,7
1700004853,1021.245,R_100,5
1700004854,1021.252,R_100,2
1700004855,1021.255,R_100,5
1700004856,1021.267,R_100,7
1700004857,1021.271,R_100,1
1700004858,1021.27,R_100,0
1700004859,1021.271,R_100,1
1700004860,1021.279,R_100,9
1700004861,1021.286,R_100,6
1700004862,1021.281,R_100,1
1700004863,1021.285,R_100,5
1700004864,1021.292,R_100,2
1700004865,1021.29,R_100,0
1700004866,1021.294,R_100,4
1700004867,1021.292,R_100,2
1700004868,1021.294,R_100,4
1700004869,1021.295,R_100,5
1700004870,1021.295,R_100,5
1700004871,1021.293,R_100,3
1700004872,1021.295,R_100,5
1700004873,1021.309,R_100,9
1700004874,1021.313,R_100,3
1700004875,1021.32,R_100,0
1700004876,1021.326,R_100,6
1700004877,1021.331,R_100,1
1700004878,1021.336,R_100,6
1700004879,1021.349,R_100,9
1700004880,1021.351,R_100,1
1700004881,1021.351,R_100,1
1700004882,1021.357,R_100,7
1700004883,1021.362,R_100,2
1700004884,1021.363,R_100,3
1700004885,1021.363,R_100,3
1700004886,1021.367,R_100,7
1700004887,1021.378,R_100,8
1700004888,1021.383,R_100,3
1700004889,1021.395,R_100,5
1700004890,1021.39,R_100,0
1700004891,1021.397,R_100,7
1700004892,1021.409,R_100,9
1700004893,1021.406,R_100,6
1700004894,1021.41,R_100,0
1700004895,1021.413,R_100,3
1700004896,1021.419,R_100,9
1700004897,1021.425,R_100,5
1700004898,1021.434,R_100,4
1700004899,1021.431,R_100,1
1700004900,1021.43,R_100,0
1700004901,1021.438,R_100,8
1700004902,1021.44,R_100,0
1700004903,1021.443,R_100,3
1700004904,1021.459,R_100,9
1700004905,1021.467,R_100,7
1700004906,1021.47,R_100,0
1700004907,1021.474,R_100,4
1700004908,1021.485,R_100,5
1700004909,1021.499,R_100,9
1700004910,1021.508,R_100,8
1700004911,1021.517,R_100,7
1700004912,1021.523,R_100,3
1700004913,1021.53,R_100,0
1700004914,1021.534,R_100,4
1700004915,1021.533,R_100,3
1700004916,1021.532,R_100,2
1700004917,1021.532,R_100,2
1700004918,1021.531,R_100,1
1700004919,1021.535,R_100,5
1700004920,1021.532,R_100,2
1700004921,1021.532,R_100,2
1700004922,1021.534,R_100,4
1700004923,1021.538,R_100,8
1700004924,1021.548,R_100,8
1700004925,1021.55,R_100,0
1700004926,1021.558,R_100,8
1700004927,1021.561,R_100,1
1700004928,1021.567,R_100,7
1700004929,1021.572,R_100,2
1700004930,1021.573,R_100,3
1700004931,1021.578,R_100,8
1700004932,1021.588,R_100,8
1700004933,1021.587,R_100,7
1700004934,1021.599,R_100,9
1700004935,1021.601,R_100,1
1700004936,1021.608,R_100,8
1700004937,1021.618,R_100,8
1700004938,1021.622,R_100,2
1700004939,1021.626,R_100,6
1700004940,1021.621,R_100,1
1700004941,1021.626,R_100,6
1700004942,1021.626,R_100,6
1700004943,1021.633,R_100,3
1700004944,1021.63,R_100,0
1700004945,1021.629,R_100,9
1700004946,1021.635,R_100,5
1700004947,1021.635,R_100,5
1700004948,1021.63,R_100,0
1700004949,1021.638,R_100,8
1700004950,1021.646,R_100,6
1700004951,1021.654,R_100,4
1700004952,1021.656,R_100,6
1700004953,1021.657,R_100,7
1700004954,1021.663,R_100,3
1700004955,1021.662,R_100,2
1700004956,1021.66,R_100,0
1700004957,1021.669,R_100,9
1700004958,1021.674,R_100,4
1700004959,1021.689,R_100,9
1700004960,1021.685,R_100,5
1700004961,1021.693,R_100,3
1700004962,1021.692,R_100,2
1700004963,1021.697,R_100,7
1700004964,1021.709,R_100,9
1700004965,1021.715,R_100,5
1700004966,1021.724,R_100,4
1700004967,1021.721,R_100,1
1700004968,1021.727,R_100,7
1700004969,1021.734,R_100,4
1700004970,1021.745,R_100,5
1700004971,1021.74,R_100,0
1700004972,1021.749,R_100,9
1700004973,1021.752,R_100,2
1700004974,1021.757,R_100,7
1700004975,1021.755,R_100,5
1700004976,1021.767,R_100,7
1700004977,1021.765,R_100,5
1700004978,1021.764,R_100,4
1700004979,1021.769,R_100,9
1700004980,1021.764,R_100,4
1700004981,1021.76,R_100,0
1700004982,1021.762,R_100,2
1700004983,1021.762,R_100,2
1700004984,1021.766,R_100,6
1700004985,1021.777,R_100,7
1700004986,1021.789,R_100,9
1700004987,1021.791,R_100,1
1700004988,1021.79,R_100,0
1700004989,1021.794,R_100,4
1700004990,1021.792,R_100,2
1700004991,1021.795,R_100,5
1700004992,1021.791,R_100,1
1700004993,1021.792,R_100,2
1700004994,1021.802,R_100,2
1700004995,1021.804,R_100,4
1700004996,1021.802,R_100,2
1700004997,1021.8,R_100,0
1700004998,1021.801,R_100,1
1700004999,1021.804,R_100,4
1700005000,1021.814,R_100,4
1700005001,1021.815,R_100,5
1700005002,1021.824,R_100,4
1700005003,1021.829,R_100,9
1700005004,1021.839,R_100,9
1700005005,1021.846,R_100,6
1700005006,1021.843,R_100,3
1700005007,1021.846,R_100,6
1700005008,1021.847,R_100,7
1700005009,1021.852,R_100,2
1700005010,1021.857,R_100,7
1700005011,1021.861,R_100,1
1700005012,1021.866,R_100,6
1700005013,1021.875,R_100,5
1700005014,1021.882,R_100,2
1700005015,1021.898,R_100,8
1700005016,1021.892,R_100,2
1700005017,1021.898,R_100,8
1700005018,1021.89,R_100,0
1700005019,1021.89,R_100,0
1700005020,1021.884,R_100,4
1700005021,1021.895,R_100,5
1700005022,1021.9,R_100,0
1700005023,1021.905,R_100,5
1700005024,1021.901,R_100,1
1700005025,1021.909,R_100,9
1700005026,1021.917,R_100,7
1700005027,1021.922,R_100,2
1700005028,1021.927,R_100,7
1700005029,1021.939,R_100,9
1700005030,1021.947,R_100,7
1700005031,1021.953,R_100,3
1700005032,1021.956,R_100,6
1700005033,1021.961,R_100,1
1700005034,1021.975,R_100,5
1700005035,1021.989,R_100,9
1700005036,1021.998,R_100,8
1700005037,1021.998,R_100,8
1700005038,1022.009,R_100,9
1700005039,1022.015,R_100,5
1700005040,1022.02,R_100,0
1700005041,1022.026,R_100,6
1700005042,1022.033,R_100,3
1700005043,1022.032,R_100,2
1700005044,1022.033,R_100,3
1700005045,1022.037,R_100,7
1700005046,1022.045,R_100,5
1700005047,1022.047,R_100,7
1700005048,1022.057,R_100,7
1700005049,1022.052,R_100,2
1700005050,1022.05,R_100,0
1700005051,1022.059,R_100,9
1700005052,1022.065,R_100,5
1700005053,1022.063,R_100,3
1700005054,1022.067,R_100,7
1700005055,1022.071,R_100,1
1700005056,1022.07,R_100,0
1700005057,1022.07,R_100,0
1700005058,1022.073,R_100,3
1700005059,1022.076,R_100,6
1700005060,1022.086,R_100,6
1700005061,1022.093,R_100,3
1700005062,1022.096,R_100,6
1700005063,1022.095,R_100,5
1700005064,1022.103,R_100,3
1700005065,1022.1,R_100,0
1700005066,1022.101,R_100,1
1700005067,1022.108,R_100,8
1700005068,1022.118,R_100,8
1700005069,1022.122,R_100,2
1700005070,1022.136,R_100,6
1700005071,1022.143,R_100,3
1700005072,1022.151,R_100,1
1700005073,1022.158,R_100,8
1700005074,1022.162,R_100,2
1700005075,1022.165,R_100,5
1700005076,1022.164,R_100,4
1700005077,1022.168,R_100,8
1700005078,1022.174,R_100,4
1700005079,1022.185,R_100,5
1700005080,1022.193,R_100,3
1700005081,1022.196,R_100,6
1700005082,1022.209,R_100,9
1700005083,1022.218,R_100,8
1700005084,1022.226,R_100,6
1700005085,1022.238,R_100,8
1700005086,1022.236,R_100,6
1700005087,1022.246,R_100,6
1700005088,1022.256,R_100,6
1700005089,1022.263,R_100,3
1700005090,1022.269,R_100,9
1700005091,1022.279,R_100,9
1700005092,1022.289,R_100,9
1700005093,1022.292,R_100,2
1700005094,1022.293,R_100,3
1700005095,1022.294,R_100,4
1700005096,1022.291,R_100,1
1700005097,1022.295,R_100,5
1700005098,1022.292,R_100,2
1700005099,1022.291,R_100,1
1700005100,1022.295,R_100,5
1700005101,1022.298,R_100,8
1700005102,1022.3,R_100,0
1700005103,1022.307,R_100,7
1700005104,1022.312,R_100,2
1700005105,1022.315,R_100,5
1700005106,1022.311,R_100,1
1700005107,1022.312,R_100,2
1700005108,1022.312,R_100,2
1700005109,1022.32,R_100,0
1700005110,1022.325,R_100,5
1700005111,1022.33,R_100,0
1700005112,1022.337,R_100,7
1700005113,1022.348,R_100,8
1700005114,1022.357,R_100,7
1700005115,1022.364,R_100,4
1700005116,1022.379,R_100,9
1700005117,1022.385,R_100,5
1700005118,1022.396,R_100,6
1700005119,1022.393,R_100,3
1700005120,1022.393,R_100,3
1700005121,1022.393,R_100,3
1700005122,1022.399,R_100,9
1700005123,1022.393,R_100,3
1700005124,1022.397,R_100,7
1700005125,1022.403,R_100,3
1700005126,1022.403,R_100,3
1700005127,1022.408,R_100,8
1700005128,1022.415,R_100,5
1700005129,1022.414,R_100,4
1700005130,1022.427,R_100,7
1700005131,1022.437,R_100,7
1700005132,1022.437,R_100,7
1700005133,1022.446,R_100,6
1700005134,1022.454,R_100,4
1700005135,1022.459,R_100,9
1700005136,1022.468,R_100,8
1700005137,1022.477,R_100,7
1700005138,1022.484,R_100,4
1700005139,1022.494,R_100,4
1700005140,1022.5,R_100,0
1700005141,1022.503,R_100,3
1700005142,1022.515,R_100,5
1700005143,1022.528,R_100,8
1700005144,1022.521,R_100,1
1700005145,1022.531,R_100,1
1700005146,1022.537,R_100,7
1700005147,1022.547,R_100,7
1700005148,1022.551,R_100,1
1700005149,1022.555,R_100,5
1700005150,1022.559,R_100,9
1700005151,1022.561,R_100,1
1700005152,1022.564,R_100,4
1700005153,1022.56,R_100,0
1700005154,1022.569,R_100,9
1700005155,1022.573,R_100,3
1700005156,1022.587,R_100,7
1700005157,1022.591,R_100,1
1700005158,1022.598,R_100,8
1700005159,1022.601,R_100,1
1700005160,1022.609,R_100,9
1700005161,1022.619,R_100,9
1700005162,1022.625,R_100,5
1700005163,1022.626,R_100,6
1700005164,1022.62,R_100,0
1700005165,1022.622,R_100,2
1700005166,1022.625,R_100,5
1700005167,1022.627,R_100,7
1700005168,1022.638,R_100,8
1700005169,1022.635,R_100,5
1700005170,1022.63,R_100,0
1700005171,1022.636,R_100,6
1700005172,1022.647,R_100,7
1700005173,1022.651,R_100,1
1700005174,1022.655,R_100,5
1700005175,1022.651,R_100,1
1700005176,1022.667,R_100,7
1700005177,1022.672,R_100,2
1700005178,1022.688,R_100,8
1700005179,1022.695,R_100,5
1700005180,1022.696,R_100,6
1700005181,1022.707,R_100,7
1700005182,1022.706,R_100,6
1700005183,1022.701,R_100,1
1700005184,1022.703,R_100,3
1700005185,1022.702,R_100,2
1700005186,1022.705,R_100,5
1700005187,1022.713,R_100,3
1700005188,1022.716,R_100,6
1700005189,1022.715,R_100,5
1700005190,1022.712,R_100,2
1700005191,1022.718,R_100,8
1700005192,1022.72,R_100,0
1700005193,1022.724,R_100,4
1700005194,1022.732,R_100,2
1700005195,1022.734,R_100,4
1700005196,1022.736,R_100,6
1700005197,1022.745,R_100,5
1700005198,1022.751,R_100,1
1700005199,1022.756,R_100,6
1700005200,1022.761,R_100,1
1700005201,1022.76,R_100,0
1700005202,1022.766,R_100,6
1700005203,1022.773,R_100,3
1700005204,1022.776,R_100,6
1700005205,1022.788,R_100,8
1700005206,1022.795,R_100,5
1700005207,1022.796,R_100,6
1700005208,1022.796,R_100,6
1700005209,1022.806,R_100,6
1700005210,1022.818,R_100,8
1700005211,1022.829,R_100,9
1700005212,1022.83,R_100,0
1700005213,1022.834,R_100,4
1700005214,1022.842,R_100,2
1700005215,1022.844,R_100,4
1700005216,1022.841,R_100,1
1700005217,1022.841,R_100,1
1700005218,1022.849,R_100,9
1700005219,1022.857,R_100,7
1700005220,1022.867,R_100,7
1700005221,1022.874,R_100,4
1700005222,1022.887,R_100,7
1700005223,1022.894,R_100,4
1700005224,1022.898,R_100,8
1700005225,1022.9,R_100,0
1700005226,1022.9,R_100,0
1700005227,1022.901,R_100,1
1700005228,1022.905,R_100,5
1700005229,1022.91,R_100,0
1700005230,1022.911,R_100,1
1700005231,1022.918,R_100,8
1700005232,1022.929,R_100,9
1700005233,1022.939,R_100,9
1700005234,1022.94,R_100,0
1700005235,1022.945,R_100,5
1700005236,1022.957,R_100,7
1700005237,1022.952,R_100,2
1700005238,1022.954,R_100,4
1700005239,1022.968,R_100,8
1700005240,1022.971,R_100,1
1700005241,1022.976,R_100,6
1700005242,1022.975,R_100,5
1700005243,1022.987,R_100,7
1700005244,1022.998,R_100,8
1700005245,1023.001,R_100,1
1700005246,1023.0,R_100,0
1700005247,1023.001,R_100,1
1700005248,1023.008,R_100,8
1700005249,1023.013,R_100,3
1700005250,1023.018,R_100,8
1700005251,1023.029,R_100,9
1700005252,1023.039,R_100,9
1700005253,1023.049,R_100,9
1700005254,1023.055,R_100,5
1700005255,1023.06,R_100,0
1700005256,1023.068,R_100,8
1700005257,1023.076,R_100,6
1700005258,1023.081,R_100,1
1700005259,1023.087,R_100,7
1700005260,1023.096,R_100,6
1700005261,1023.1,R_100,0
1700005262,1023.106,R_100,6
1700005263,1023.113,R_100,3
1700005264,1023.112,R_100,2
1700005265,1023.115,R_100,5
1700005266,1023.128,R_100,8
1700005267,1023.135,R_100,5
1700005268,1023.149,R_100,9
1700005269,1023.149,R_100,9
1700005270,1023.147,R_100,7
1700005271,1023.15,R_100,0
1700005272,1023.154,R_100,4
1700005273,1023.158,R_100,8
1700005274,1023.154,R_100,4
1700005275,1023.155,R_100,5
1700005276,1023.166,R_100,6
1700005277,1023.175,R_100,5
1700005278,1023.182,R_100,2
1700005279,1023.184,R_100,4
1700005280,1023.195,R_100,5
1700005281,1023.19,R_100,0
1700005282,1023.199,R_100,9
1700005283,1023.208,R_100,8
1700005284,1023.211,R_100,1
1700005285,1023.216,R_100,6
1700005286,1023.229,R_100,9
1700005287,1023.236,R_100,6
1700005288,1023.239,R_100,9
1700005289,1023.249,R_100,9
1700005290,1023.253,R_100,3
1700005291,1023.262,R_100,2
1700005292,1023.264,R_100,4
1700005293,1023.275,R_100,5
1700005294,1023.279,R_100,9
1700005295,1023.285,R_100,5
1700005296,1023.295,R_100,5
1700005297,1023.296,R_100,6
1700005298,1023.292,R_100,2
1700005299,1023.308,R_100,8
1700005300,1023.302,R_100,2
1700005301,1023.3,R_100,0
1700005302,1023.309,R_100,9
1700005303,1023.317,R_100,7
1700005304,1023.328,R_100,8
1700005305,1023.331,R_100,1
1700005306,1023.33,R_100,0
1700005307,1023.338,R_100,8
1700005308,1023.332,R_100,2
1700005309,1023.332,R_100,2
1700005310,1023.347,R_100,7
1700005311,1023.351,R_100,1
1700005312,1023.353,R_100,3
1700005313,1023.367,R_100,7
1700005314,1023.374,R_100,4
1700005315,1023.378,R_100,8
1700005316,1023.374,R_100,4
1700005317,1023.389,R_100,9
1700005318,1023.389,R_100,9
1700005319,1023.396,R_100,6
1700005320,1023.397,R_100,7
1700005321,1023.399,R_100,9
1700005322,1023.4,R_100,0
1700005323,1023.404,R_100,4
1700005324,1023.401,R_100,1
1700005325,1023.403,R_100,3
1700005326,1023.403,R_100,3
1700005327,1023.419,R_100,9
1700005328,1023.412,R_100,2
1700005329,1023.414,R_100,4
1700005330,1023.414,R_100,4
1700005331,1023.412,R_100,2
1700005332,1023.412,R_100,2
1700005333,1023.415,R_100,5
1700005334,1023.423,R_100,3
1700005335,1023.424,R_100,4
1700005336,1023.428,R_100,8
1700005337,1023.432,R_100,2
1700005338,1023.439,R_100,9
1700005339,1023.446,R_100,6
1700005340,1023.45,R_100,0
1700005341,1023.452,R_100,2
1700005342,1023.452,R_100,2
1700005343,1023.453,R_100,3
1700005344,1023.468,R_100,8
1700005345,1023.473,R_100,3
1700005346,1023.483,R_100,3
1700005347,1023.495,R_100,5
1700005348,1023.495,R_100,5
1700005349,1023.509,R_100,9
1700005350,1023.515,R_100,5
1700005351,1023.525,R_100,5
1700005352,1023.529,R_100,9
1700005353,1023.534,R_100,4
1700005354,1023.545,R_100,5
1700005355,1023.547,R_100,7
1700005356,1023.547,R_100,7
1700005357,1023.555,R_100,5
1700005358,1023.551,R_100,1
1700005359,1023.552,R_100,2
1700005360,1023.558,R_100,8
1700005361,1023.567,R_100,7
1700005362,1023.576,R_100,6
1700005363,1023.585,R_100,5
1700005364,1023.594,R_100,4
1700005365,1023.597,R_100,7
1700005366,1023.607,R_100,7
1700005367,1023.603,R_100,3
1700005368,1023.606,R_100,6
1700005369,1023.618,R_100,8
1700005370,1023.618,R_100,8
1700005371,1023.626,R_100,6
1700005372,1023.627,R_100,7
1700005373,1023.622,R_100,2
1700005374,1023.639,R_100,9
1700005375,1023.648,R_100,8
1700005376,1023.657,R_100,7
1700005377,1023.657,R_100,7
1700005378,1023.651,R_100,1
1700005379,1023.656,R_100,6
1700005380,1023.653,R_100,3
1700005381,1023.65,R_100,0
1700005382,1023.657,R_100,7
1700005383,1023.655,R_100,5
1700005384,1023.659,R_100,9
1700005385,1023.664,R_100,4
1700005386,1023.661,R_100,1
1700005387,1023.661,R_100,1
1700005388,1023.661,R_100,1
1700005389,1023.663,R_100,3
1700005390,1023.676,R_100,6
1700005391,1023.671,R_100,1
1700005392,1023.672,R_100,2
1700005393,1023.671,R_100,1
1700005394,1023.675,R_100,5
1700005395,1023.678,R_100,8
1700005396,1023.688,R_100,8
1700005397,1023.695,R_100,5
1700005398,1023.709,R_100,9
1700005399,1023.717,R_100,7
1700005400,1023.727,R_100,7
1700005401,1023.738,R_100,8
1700005402,1023.745,R_100,5
1700005403,1023.742,R_100,2
1700005404,1023.747,R_100,7
1700005405,1023.755,R_100,5
1700005406,1023.762,R_100,2
1700005407,1023.765,R_100,5
1700005408,1023.771,R_100,1
1700005409,1023.773,R_100,3
1700005410,1023.779,R_100,9
1700005411,1023.772,R_100,2
1700005412,1023.77,R_100,0
1700005413,1023.773,R_100,3
1700005414,1023.775,R_100,5
1700005415,1023.788,R_100,8
1700005416,1023.791,R_100,1
1700005417,1023.79,R_100,0
1700005418,1023.79,R_100,0
1700005419,1023.796,R_100,6
1700005420,1023.794,R_100,4
1700005421,1023.803,R_100,3
1700005422,1023.809,R_100,9
1700005423,1023.816,R_100,6
1700005424,1023.82,R_100,0
1700005425,1023.824,R_100,4
1700005426,1023.829,R_100,9
1700005427,1023.839,R_100,9
1700005428,1023.846,R_100,6
1700005429,1023.841,R_100,1
1700005430,1023.847,R_100,7
1700005431,1023.857,R_100,7
1700005432,1023.854,R_100,4
1700005433,1023.861,R_100,1
1700005434,1023.877,R_100,7
1700005435,1023.88,R_100,0
1700005436,1023.887,R_100,7
1700005437,1023.888,R_100,8
1700005438,1023.894,R_100,4
1700005439,1023.896,R_100,6
1700005440,1023.904,R_100,4
1700005441,1023.906,R_100,6
1700005442,1023.913,R_100,3
1700005443,1023.914,R_100,4
1700005444,1023.927,R_100,7
1700005445,1023.93,R_100,0
1700005446,1023.93,R_100,0
1700005447,1023.939,R_100,9
1700005448,1023.941,R_100,1
1700005449,1023.948,R_100,8
1700005450,1023.955,R_100,5
1700005451,1023.967,R_100,7
1700005452,1023.971,R_100,1
1700005453,1023.97,R_100,0
1700005454,1023.976,R_100,6
1700005455,1023.977,R_100,7
1700005456,1023.988,R_100,8
1700005457,1023.998,R_100,8
1700005458,1023.992,R_100,2
1700005459,1023.992,R_100,2
1700005460,1023.999,R_100,9
1700005461,1024.004,R_100,4
1700005462,1024.001,R_100,1
1700005463,1024.0,R_100,0
1700005464,1024.002,R_100,2
1700005465,1024.008,R_100,8
1700005466,1024.011,R_100,1
1700005467,1024.016,R_100,6
1700005468,1024.017,R_100,7
1700005469,1024.021,R_100,1
1700005470,1024.022,R_100,2
1700005471,1024.025,R_100,5
1700005472,1024.023,R_100,3
1700005473,1024.031,R_100,1
1700005474,1024.037,R_100,7
1700005475,1024.037,R_100,7
1700005476,1024.031,R_100,1
1700005477,1024.03,R_100,0
1700005478,1024.031,R_100,1
1700005479,1024.034,R_100,4
1700005480,1024.04,R_100,0
1700005481,1024.048,R_100,8
1700005482,1024.049,R_100,9
1700005483,1024.058,R_100,8
1700005484,1024.065,R_100,5
1700005485,1024.066,R_100,6
1700005486,1024.074,R_100,4
1700005487,1024.076,R_100,6
1700005488,1024.077,R_100,7
1700005489,1024.086,R_100,6
1700005490,1024.084,R_100,4
1700005491,1024.083,R_100,3
1700005492,1024.096,R_100,6
1700005493,1024.093,R_100,3
1700005494,1024.094,R_100,4
1700005495,1024.095,R_100,5
1700005496,1024.093,R_100,3
1700005497,1024.105,R_100,5
1700005498,1024.102,R_100,2
1700005499,1024.107,R_100,7
1700005500,1024.118,R_100,8
1700005501,1024.128,R_100,8
1700005502,1024.134,R_100,4
1700005503,1024.133,R_100,3
1700005504,1024.136,R_100,6
1700005505,1024.135,R_100,5
1700005506,1024.142,R_100,2
1700005507,1024.157,R_100,7
1700005508,1024.161,R_100,1
1700005509,1024.164,R_100,4
1700005510,1024.168,R_100,8
1700005511,1024.177,R_100,7
1700005512,1024.172,R_100,2
1700005513,1024.187,R_100,7
1700005514,1024.181,R_100,1
1700005515,1024.188,R_100,8
1700005516,1024.185,R_100,5
1700005517,1024.185,R_100,5
1700005518,1024.188,R_100,8
1700005519,1024.199,R_100,9
1700005520,1024.206,R_100,6
1700005521,1024.205,R_100,5
1700005522,1024.215,R_100,5
1700005523,1024.227,R_100,7
1700005524,1024.238,R_100,8
1700005525,1024.243,R_100,3
1700005526,1024.241,R_100,1
1700005527,1024.249,R_100,9
1700005528,1024.25,R_100,0
1700005529,1024.257,R_100,7
1700005530,1024.265,R_100,5
1700005531,1024.266,R_100,6
1700005532,1024.278,R_100,8
1700005533,1024.283,R_100,3
1700005534,1024.298,R_100,8
1700005535,1024.305,R_100,5
1700005536,1024.318,R_100,8
1700005537,1024.329,R_100,9
1700005538,1024.337,R_100,7
1700005539,1024.349,R_100,9
1700005540,1024.358,R_100,8
1700005541,1024.369,R_100,9
1700005542,1024.373,R_100,3
1700005543,1024.373,R_100,3
1700005544,1024.374,R_100,4
1700005545,1024.388,R_100,8
1700005546,1024.38,R_100,0
1700005547,1024.383,R_100,3
1700005548,1024.383,R_100,3
1700005549,1024.388,R_100,8
1700005550,1024.388,R_100,8
1700005551,1024.381,R_100,1
1700005552,1024.385,R_100,5
1700005553,1024.394,R_100,4
1700005554,1024.405,R_100,5
1700005555,1024.402,R_100,2
1700005556,1024.409,R_100,9
1700005557,1024.414,R_100,4
1700005558,1024.413,R_100,3
1700005559,1024.418,R_100,8
1700005560,1024.428,R_100,8
1700005561,1024.423,R_100,3
1700005562,1024.423,R_100,3
1700005563,1024.426,R_100,6
1700005564,1024.438,R_100,8
1700005565,1024.443,R_100,3
1700005566,1024.445,R_100,5
1700005567,1024.453,R_100,3
1700005568,1024.455,R_100,5
1700005569,1024.458,R_100,8
1700005570,1024.467,R_100,7
1700005571,1024.464,R_100,4
1700005572,1024.46,R_100,0
1700005573,1024.463,R_100,3
1700005574,1024.466,R_100,6
1700005575,1024.477,R_100,7
1700005576,1024.472,R_100,2
1700005577,1024.475,R_100,5
1700005578,1024.484,R_100,4
1700005579,1024.486,R_100,6
1700005580,1024.488,R_100,8
1700005581,1024.491,R_100,1
1700005582,1024.494,R_100,4
1700005583,1024.493,R_100,3
1700005584,1024.493,R_100,3
1700005585,1024.498,R_100,8
1700005586,1024.503,R_100,3
1700005587,1024.503,R_100,3
1700005588,1024.507,R_100,7
1700005589,1024.512,R_100,2
1700005590,1024.512,R_100,2
1700005591,1024.522,R_100,2
1700005592,1024.536,R_100,6
1700005593,1024.53,R_100,0
1700005594,1024.532,R_100,2
1700005595,1024.537,R_100,7
1700005596,1024.539,R_100,9
1700005597,1024.544,R_100,4
1700005598,1024.551,R_100,1
1700005599,1024.556,R_100,6
1700005600,1024.56,R_100,0
1700005601,1024.562,R_100,2
1700005602,1024.563,R_100,3
1700005603,1024.568,R_100,8
1700005604,1024.562,R_100,2
1700005605,1024.578,R_100,8
1700005606,1024.586,R_100,6
1700005607,1024.585,R_100,5
1700005608,1024.594,R_100,4
1700005609,1024.593,R_100,3
1700005610,1024.6,R_100,0
1700005611,1024.602,R_100,2
1700005612,1024.612,R_100,2
1700005613,1024.614,R_100,4
1700005614,1024.618,R_100,8
1700005615,1024.628,R_100,8
1700005616,1024.621,R_100,1
1700005617,1024.624,R_100,4
1700005618,1024.624,R_100,4
1700005619,1024.637,R_100,7
1700005620,1024.646,R_100,6
1700005621,1024.657,R_100,7
1700005622,1024.664,R_100,4
1700005623,1024.671,R_100,1
1700005624,1024.678,R_100,8
1700005625,1024.677,R_100,7
1700005626,1024.686,R_100,6
1700005627,1024.695,R_100,5
1700005628,1024.703,R_100,3
1700005629,1024.709,R_100,9
1700005630,1024.709,R_100,9
1700005631,1024.71,R_100,0
1700005632,1024.716,R_100,6
1700005633,1024.722,R_100,2
1700005634,1024.727,R_100,7
1700005635,1024.734,R_100,4
1700005636,1024.749,R_100,9
1700005637,1024.746,R_100,6
1700005638,1024.759,R_100,9
1700005639,1024.769,R_100,9
1700005640,1024.774,R_100,4
1700005641,1024.786,R_100,6
1700005642,1024.799,R_100,9
1700005643,1024.806,R_100,6
1700005644,1024.818,R_100,8
1700005645,1024.825,R_100,5
1700005646,1024.83,R_100,0
1700005647,1024.839,R_100,9
1700005648,1024.843,R_100,3
1700005649,1024.856,R_100,6
1700005650,1024.863,R_100,3
1700005651,1024.862,R_100,2
1700005652,1024.862,R_100,2
1700005653,1024.878,R_100,8
1700005654,1024.883,R_100,3
1700005655,1024.886,R_100,6
1700005656,1024.882,R_100,2
1700005657,1024.886,R_100,6
1700005658,1024.893,R_100,3
1700005659,1024.895,R_100,5
1700005660,1024.905,R_100,5
1700005661,1024.909,R_100,9
1700005662,1024.915,R_100,5
1700005663,1024.929,R_100,9
1700005664,1024.934,R_100,4
1700005665,1024.937,R_100,7
1700005666,1024.934,R_100,4
1700005667,1024.947,R_100,7
1700005668,1024.95,R_100,0
1700005669,1024.951,R_100,1
1700005670,1024.958,R_100,8
1700005671,1024.958,R_100,8
1700005672,1024.95,R_100,0
1700005673,1024.955,R_100,5
1700005674,1024.958,R_100,8
1700005675,1024.963,R_100,3
1700005676,1024.977,R_100,7
1700005677,1024.984,R_100,4
1700005678,1024.987,R_100,7
1700005679,1024.98,R_100,0
1700005680,1024.989,R_100,9
1700005681,1024.997,R_100,7
1700005682,1025.005,R_100,5
1700005683,1025.019,R_100,9
1700005684,1025.024,R_100,4
1700005685,1025.039,R_100,9
1700005686,1025.043,R_100,3
1700005687,1025.057,R_100,7
1700005688,1025.069,R_100,9
1700005689,1025.076,R_100,6
1700005690,1025.074,R_100,4
1700005691,1025.084,R_100,4
1700005692,1025.084,R_100,4
1700005693,1025.091,R_100,1
1700005694,1025.094,R_100,4
1700005695,1025.098,R_100,8
1700005696,1025.107,R_100,7
1700005697,1025.11,R_100,0
1700005698,1025.117,R_100,7
1700005699,1025.124,R_100,4
1700005700,1025.124,R_100,4
1700005701,1025.121,R_100,1
1700005702,1025.121,R_100,1
1700005703,1025.133,R_100,3
1700005704,1025.136,R_100,6
1700005705,1025.143,R_100,3
1700005706,1025.145,R_100,5
1700005707,1025.15,R_100,0
1700005708,1025.15,R_100,0
1700005709,1025.146,R_100,6
1700005710,1025.147,R_100,7
1700005711,1025.15,R_100,0
1700005712,1025.153,R_100,3
1700005713,1025.167,R_100,7
1700005714,1025.17,R_100,0
1700005715,1025.177,R_100,7
1700005716,1025.178,R_100,8
1700005717,1025.171,R_100,1
1700005718,1025.173,R_100,3
1700005719,1025.178,R_100,8
1700005720,1025.185,R_100,5
1700005721,1025.196,R_100,6
1700005722,1025.201,R_100,1
1700005723,1025.203,R_100,3
1700005724,1025.204,R_100,4
1700005725,1025.209,R_100,9
1700005726,1025.212,R_100,2
1700005727,1025.219,R_100,9
1700005728,1025.225,R_100,5
1700005729,1025.236,R_100,6
1700005730,1025.236,R_100,6
1700005731,1025.236,R_100,6
1700005732,1025.243,R_100,3
1700005733,1025.241,R_100,1
1700005734,1025.242,R_100,2
1700005735,1025.244,R_100,4
1700005736,1025.245,R_100,5
1700005737,1025.247,R_100,7
1700005738,1025.258,R_100,8
1700005739,1025.26,R_100,0
1700005740,1025.268,R_100,8
1700005741,1025.279,R_100,9
1700005742,1025.282,R_100,2
1700005743,1025.282,R_100,2
1700005744,1025.284,R_100,4
1700005745,1025.288,R_100,8
1700005746,1025.299,R_100,9
1700005747,1025.303,R_100,3
1700005748,1025.307,R_100,7
1700005749,1025.31,R_100,0
1700005750,1025.314,R_100,4
1700005751,1025.321,R_100,1
1700005752,1025.324,R_100,4
1700005753,1025.326,R_100,6
1700005754,1025.333,R_100,3
1700005755,1025.337,R_100,7
1700005756,1025.344,R_100,4
1700005757,1025.346,R_100,6
1700005758,1025.346,R_100,6
1700005759,1025.355,R_100,5
1700005760,1025.363,R_100,3
1700005761,1025.375,R_100,5
1700005762,1025.373,R_100,3
1700005763,1025.37,R_100,0
1700005764,1025.379,R_100,9
1700005765,1025.382,R_100,2
1700005766,1025.384,R_100,4
1700005767,1025.389,R_100,9
1700005768,1025.388,R_100,8
1700005769,1025.39,R_100,0
1700005770,1025.399,R_100,9
1700005771,1025.408,R_100,8
1700005772,1025.409,R_100,9
1700005773,1025.404,R_100,4
1700005774,1025.409,R_100,9
1700005775,1025.417,R_100,7
1700005776,1025.415,R_100,5
1700005777,1025.414,R_100,4
1700005778,1025.418,R_100,8
1700005779,1025.429,R_100,9
1700005780,1025.435,R_100,5
1700005781,1025.447,R_100,7
1700005782,1025.449,R_100,9
1700005783,1025.454,R_100,4
1700005784,1025.453,R_100,3
1700005785,1025.454,R_100,4
1700005786,1025.466,R_100,6
1700005787,1025.462,R_100,2
1700005788,1025.464,R_100,4
1700005789,1025.468,R_100,8
1700005790,1025.471,R_100,1
1700005791,1025.473,R_100,3
1700005792,1025.47,R_100,0
1700005793,1025.467,R_100,7
1700005794,1025.478,R_100,8
1700005795,1025.479,R_100,9
1700005796,1025.47,R_100,0
1700005797,1025.478,R_100,8
1700005798,1025.485,R_100,5
1700005799,1025.497,R_100,7
1700005800,1025.495,R_100,5
1700005801,1025.499,R_100,9
1700005802,1025.501,R_100,1
1700005803,1025.503,R_100,3
1700005804,1025.5,R_100,0
1700005805,1025.504,R_100,4
1700005806,1025.5,R_100,0
1700005807,1025.506,R_100,6
1700005808,1025.503,R_100,3
1700005809,1025.514,R_100,4
1700005810,1025.517,R_100,7
1700005811,1025.52,R_100,0
1700005812,1025.528,R_100,8
1700005813,1025.522,R_100,2
1700005814,1025.529,R_100,9
1700005815,1025.538,R_100,8
1700005816,1025.54,R_100,0
1700005817,1025.543,R_100,3
1700005818,1025.546,R_100,6
1700005819,1025.545,R_100,5
1700005820,1025.555,R_100,5
1700005821,1025.554,R_100,4
1700005822,1025.552,R_100,2
1700005823,1025.551,R_100,1
1700005824,1025.561,R_100,1
1700005825,1025.576,R_100,6
1700005826,1025.573,R_100,3
1700005827,1025.585,R_100,5
1700005828,1025.596,R_100,6
1700005829,1025.608,R_100,8
1700005830,1025.617,R_100,7
1700005831,1025.628,R_100,8
1700005832,1025.626,R_100,6
1700005833,1025.634,R_100,4
1700005834,1025.634,R_100,4
1700005835,1025.632,R_100,2
1700005836,1025.633,R_100,3
1700005837,1025.644,R_100,4
1700005838,1025.645,R_100,5
1700005839,1025.647,R_100,7
1700005840,1025.648,R_100,8
1700005841,1025.653,R_100,3
1700005842,1025.652,R_100,2
1700005843,1025.654,R_100,4
1700005844,1025.653,R_100,3
1700005845,1025.669,R_100,9
1700005846,1025.672,R_100,2
1700005847,1025.673,R_100,3
1700005848,1025.681,R_100,1
1700005849,1025.693,R_100,3
1700005850,1025.709,R_100,9
1700005851,1025.718,R_100,8
1700005852,1025.728,R_100,8
1700005853,1025.729,R_100,9
1700005854,1025.735,R_100,5
1700005855,1025.74,R_100,0
1700005856,1025.744,R_100,4
1700005857,1025.752,R_100,2
1700005858,1025.765,R_100,5
1700005859,1025.76,R_100,0
1700005860,1025.767,R_100,7
1700005861,1025.779,R_100,9
1700005862,1025.781,R_100,1
1700005863,1025.781,R_100,1
1700005864,1025.785,R_100,5
1700005865,1025.786,R_100,6
1700005866,1025.785,R_100,5
1700005867,1025.792,R_100,2
1700005868,1025.798,R_100,8
1700005869,1025.804,R_100,4
1700005870,1025.817,R_100,7
1700005871,1025.827,R_100,7
1700005872,1025.839,R_100,9
1700005873,1025.842,R_100,2
1700005874,1025.858,R_100,8
1700005875,1025.864,R_100,4
1700005876,1025.868,R_100,8
1700005877,1025.873,R_100,3
1700005878,1025.874,R_100,4
1700005879,1025.884,R_100,4
1700005880,1025.885,R_100,5
1700005881,1025.886,R_100,6
1700005882,1025.898,R_100,8
1700005883,1025.9,R_100,0
1700005884,1025.905,R_100,5
1700005885,1025.916,R_100,6
1700005886,1025.913,R_100,3
1700005887,1025.919,R_100,9
1700005888,1025.928,R_100,8
1700005889,1025.933,R_100,3
1700005890,1025.939,R_100,9
1700005891,1025.941,R_100,1
1700005892,1025.942,R_100,2
1700005893,1025.947,R_100,7
1700005894,1025.953,R_100,3
1700005895,1025.963,R_100,3
1700005896,1025.966,R_100,6
1700005897,1025.976,R_100,6
1700005898,1025.979,R_100,9
1700005899,1025.983,R_100,3
1700005900,1025.982,R_100,2
1700005901,1025.981,R_100,1
1700005902,1025.987,R_100,7
1700005903,1025.996,R_100,6
1700005904,1026.006,R_100,6
1700005905,1026.016,R_100,6
1700005906,1026.027,R_100,7
1700005907,1026.023,R_100,3
1700005908,1026.022,R_100,2
1700005909,1026.023,R_100,3
1700005910,1026.031,R_100,1
1700005911,1026.031,R_100,1
1700005912,1026.039,R_100,9
1700005913,1026.044,R_100,4
1700005914,1026.049,R_100,9
1700005915,1026.056,R_100,6
1700005916,1026.057,R_100,7
1700005917,1026.069,R_100,9
1700005918,1026.072,R_100,2
1700005919,1026.086,R_100,6
1700005920,1026.095,R_100,5
1700005921,1026.098,R_100,8
1700005922,1026.105,R_100,5
1700005923,1026.117,R_100,7
1700005924,1026.126,R_100,6
1700005925,1026.127,R_100,7
1700005926,1026.137,R_100,7
1700005927,1026.139,R_100,9
1700005928,1026.148,R_100,8
1700005929,1026.158,R_100,8
1700005930,1026.167,R_100,7
1700005931,1026.179,R_100,9
1700005932,1026.183,R_100,3
1700005933,1026.199,R_100,9
1700005934,1026.208,R_100,8
1700005935,1026.216,R_100,6
1700005936,1026.213,R_100,3
1700005937,1026.225,R_100,5
1700005938,1026.224,R_100,4
1700005939,1026.226,R_100,6
1700005940,1026.232,R_100,2
1700005941,1026.238,R_100,8
1700005942,1026.245,R_100,5
1700005943,1026.244,R_100,4
1700005944,1026.255,R_100,5
1700005945,1026.261,R_100,1
1700005946,1026.268,R_100,8
1700005947,1026.264,R_100,4
1700005948,1026.261,R_100,1
1700005949,1026.264,R_100,4
1700005950,1026.277,R_100,7
1700005951,1026.279,R_100,9
1700005952,1026.281,R_100,1
1700005953,1026.287,R_100,7
1700005954,1026.293,R_100,3
1700005955,1026.295,R_100,5
1700005956,1026.293,R_100,3
1700005957,1026.294,R_100,4
1700005958,1026.298,R_100,8
1700005959,1026.309,R_100,9
1700005960,1026.318,R_100,8
1700005961,1026.327,R_100,7
1700005962,1026.332,R_100,2
1700005963,1026.33,R_100,0
1700005964,1026.332,R_100,2
1700005965,1026.34,R_100,0
1700005966,1026.345,R_100,5
1700005967,1026.349,R_100,9
1700005968,1026.352,R_100,2
1700005969,1026.367,R_100,7
1700005970,1026.371,R_100,1
1700005971,1026.377,R_100,7
1700005972,1026.373,R_100,3
1700005973,1026.389,R_100,9
1700005974,1026.398,R_100,8
1700005975,1026.394,R_100,4
1700005976,1026.394,R_100,4
1700005977,1026.394,R_100,4
1700005978,1026.397,R_100,7
1700005979,1026.398,R_100,8
1700005980,1026.401,R_100,1
1700005981,1026.406,R_100,6
1700005982,1026.41,R_100,0
1700005983,1026.412,R_100,2
1700005984,1026.412,R_100,2
1700005985,1026.421,R_100,1
1700005986,1026.429,R_100,9
1700005987,1026.434,R_100,4
1700005988,1026.438,R_100,8
1700005989,1026.443,R_100,3
1700005990,1026.451,R_100,1
1700005991,1026.45,R_100,0
1700005992,1026.453,R_100,3
1700005993,1026.454,R_100,4
1700005994,1026.457,R_100,7
1700005995,1026.463,R_100,3
1700005996,1026.479,R_100,9
1700005997,1026.487,R_100,7
1700005998,1026.496,R_100,6
1700005999,1026.504,R_100,4
1700006000,1026.516,R_100,6
1700006001,1026.52,R_100,0
1700006002,1026.526,R_100,6
1700006003,1026.539,R_100,9
1700006004,1026.541,R_100,1
1700006005,1026.544,R_100,4
1700006006,1026.55,R_100,0
1700006007,1026.551,R_100,1
1700006008,1026.561,R_100,1
1700006009,1026.56,R_100,0
1700006010,1026.563,R_100,3
1700006011,1026.566,R_100,6
1700006012,1026.576,R_100,6
1700006013,1026.581,R_100,1
1700006014,1026.585,R_100,5
1700006015,1026.599,R_100,9
1700006016,1026.602,R_100,2
1700006017,1026.603,R_100,3
1700006018,1026.6,R_100,0
1700006019,1026.601,R_100,1
1700006020,1026.609,R_100,9
1700006021,1026.615,R_100,5
1700006022,1026.621,R_100,1
1700006023,1026.629,R_100,9
1700006024,1026.634,R_100,4
1700006025,1026.641,R_100,1
1700006026,1026.641,R_100,1
1700006027,1026.649,R_100,9
1700006028,1026.653,R_100,3
1700006029,1026.662,R_100,2
1700006030,1026.666,R_100,6
1700006031,1026.67,R_100,0
1700006032,1026.672,R_100,2
1700006033,1026.673,R_100,3
1700006034,1026.675,R_100,5
1700006035,1026.682,R_100,2
1700006036,1026.68,R_100,0
1700006037,1026.685,R_100,5
1700006038,1026.684,R_100,4
1700006039,1026.686,R_100,6
1700006040,1026.683,R_100,3
1700006041,1026.686,R_100,6
1700006042,1026.696,R_100,6
1700006043,1026.699,R_100,9
1700006044,1026.706,R_100,6
1700006045,1026.705,R_100,5
1700006046,1026.704,R_100,4
1700006047,1026.703,R_100,3
1700006048,1026.704,R_100,4
1700006049,1026.712,R_100,2
1700006050,1026.71,R_100,0
1700006051,1026.71,R_100,0
1700006052,1026.713,R_100,3
1700006053,1026.719,R_100,9
1700006054,1026.722,R_100,2
1700006055,1026.725,R_100,5
1700006056,1026.731,R_100,1
1700006057,1026.731,R_100,1
1700006058,1026.742,R_100,2
1700006059,1026.748,R_100,8
1700006060,1026.752,R_100,2
1700006061,1026.768,R_100,8
1700006062,1026.778,R_100,8
1700006063,1026.787,R_100,7
1700006064,1026.787,R_100,7
1700006065,1026.797,R_100,7
1700006066,1026.801,R_100,1
1700006067,1026.807,R_100,7
1700006068,1026.814,R_100,4
1700006069,1026.828,R_100,8
1700006070,1026.833,R_100,3
1700006071,1026.83,R_100,0
1700006072,1026.836,R_100,6
1700006073,1026.846,R_100,6
1700006074,1026.842,R_100,2
1700006075,1026.853,R_100,3
1700006076,1026.862,R_100,2
1700006077,1026.874,R_100,4
1700006078,1026.88,R_100,0
1700006079,1026.889,R_100,9
1700006080,1026.892,R_100,2
1700006081,1026.899,R_100,9
1700006082,1026.905,R_100,5
1700006083,1026.906,R_100,6
1700006084,1026.908,R_100,8
1700006085,1026.908,R_100,8
1700006086,1026.917,R_100,7
1700006087,1026.911,R_100,1
1700006088,1026.919,R_100,9
1700006089,1026.911,R_100,1
1700006090,1026.916,R_100,6
1700006091,1026.929,R_100,9
1700006092,1026.939,R_100,9
1700006093,1026.931,R_100,1
1700006094,1026.93,R_100,0
1700006095,1026.936,R_100,6
1700006096,1026.944,R_100,4
1700006097,1026.943,R_100,3
1700006098,1026.952,R_100,2
1700006099,1026.957,R_100,7
1700006100,1026.951,R_100,1
1700006101,1026.955,R_100,5
1700006102,1026.951,R_100,1
1700006103,1026.952,R_100,2
1700006104,1026.955,R_100,5
1700006105,1026.957,R_100,7
1700006106,1026.955,R_100,5
1700006107,1026.95,R_100,0
1700006108,1026.954,R_100,4
1700006109,1026.959,R_100,9
1700006110,1026.962,R_100,2
1700006111,1026.973,R_100,3
1700006112,1026.987,R_100,7
1700006113,1026.982,R_100,2
1700006114,1026.989,R_100,9
1700006115,1026.995,R_100,5
1700006116,1027.0,R_100,0
1700006117,1027.001,R_100,1
1700006118,1027.008,R_100,8
1700006119,1027.016,R_100,6
1700006120,1027.022,R_100,2
1700006121,1027.02,R_100,0
1700006122,1027.02,R_100,0
1700006123,1027.024,R_100,4
1700006124,1027.03,R_100,0
1700006125,1027.031,R_100,1
1700006126,1027.03,R_100,0
1700006127,1027.038,R_100,8
1700006128,1027.036,R_100,6
1700006129,1027.037,R_100,7
1700006130,1027.045,R_100,5
1700006131,1027.042,R_100,2
1700006132,1027.043,R_100,3
1700006133,1027.047,R_100,7
1700006134,1027.051,R_100,1
1700006135,1027.053,R_100,3
1700006136,1027.056,R_100,6
1700006137,1027.059,R_100,9
1700006138,1027.066,R_100,6
1700006139,1027.067,R_100,7
1700006140,1027.073,R_100,3
1700006141,1027.074,R_100,4
1700006142,1027.083,R_100,3
1700006143,1027.082,R_100,2
1700006144,1027.098,R_100,8
1700006145,1027.1,R_100,0
1700006146,1027.109,R_100,9
1700006147,1027.113,R_100,3
1700006148,1027.117,R_100,7
1700006149,1027.124,R_100,4
1700006150,1027.128,R_100,8
1700006151,1027.123,R_100,3
1700006152,1027.126,R_100,6
1700006153,1027.122,R_100,2
1700006154,1027.135,R_100,5
1700006155,1027.14,R_100,0
1700006156,1027.148,R_100,8
1700006157,1027.158,R_100,8
1700006158,1027.164,R_100,4
1700006159,1027.16,R_100,0
1700006160,1027.16,R_100,0
1700006161,1027.162,R_100,2
1700006162,1027.166,R_100,6
1700006163,1027.175,R_100,5
1700006164,1027.175,R_100,5
1700006165,1027.189,R_100,9
1700006166,1027.193,R_100,3
1700006167,1027.191,R_100,1
1700006168,1027.194,R_100,4
1700006169,1027.195,R_100,5
1700006170,1027.19,R_100,0
1700006171,1027.199,R_100,9
1700006172,1027.2,R_100,0
1700006173,1027.207,R_100,7
1700006174,1027.203,R_100,3
1700006175,1027.2,R_100,0
1700006176,1027.201,R_100,1
1700006177,1027.206,R_100,6
1700006178,1027.203,R_100,3
1700006179,1027.202,R_100,2
1700006180,1027.208,R_100,8
1700006181,1027.214,R_100,4
1700006182,1027.212,R_100,2
1700006183,1027.219,R_100,9
1700006184,1027.228,R_100,8
1700006185,1027.238,R_100,8
1700006186,1027.234,R_100,4
1700006187,1027.244,R_100,4
1700006188,1027.24,R_100,0
1700006189,1027.244,R_100,4
1700006190,1027.25,R_100,0
1700006191,1027.255,R_100,5
1700006192,1027.25,R_100,0
1700006193,1027.256,R_100,6
1700006194,1027.256,R_100,6
1700006195,1027.261,R_100,1
1700006196,1027.26,R_100,0
1700006197,1027.268,R_100,8
1700006198,1027.279,R_100,9
1700006199,1027.27,R_100,0
1700006200,1027.273,R_100,3
1700006201,1027.277,R_100,7
1700006202,1027.283,R_100,3
1700006203,1027.282,R_100,2
1700006204,1027.282,R_100,2
1700006205,1027.287,R_100,7
1700006206,1027.298,R_100,8
1700006207,1027.303,R_100,3
1700006208,1027.317,R_100,7
1700006209,1027.325,R_100,5
1700006210,1027.321,R_100,1
1700006211,1027.322,R_100,2
1700006212,1027.322,R_100,2
1700006213,1027.326,R_100,6
1700006214,1027.331,R_100,1
1700006215,1027.332,R_100,2
1700006216,1027.333,R_100,3
1700006217,1027.349,R_100,9
1700006218,1027.351,R_100,1
1700006219,1027.357,R_100,7
1700006220,1027.365,R_100,5
1700006221,1027.374,R_100,4
1700006222,1027.375,R_100,5
1700006223,1027.377,R_100,7
1700006224,1027.37,R_100,0
1700006225,1027.379,R_100,9
1700006226,1027.38,R_100,0
1700006227,1027.382,R_100,2
1700006228,1027.381,R_100,1
1700006229,1027.381,R_100,1
1700006230,1027.384,R_100,4
1700006231,1027.399,R_100,9
1700006232,1027.402,R_100,2
1700006233,1027.409,R_100,9
1700006234,1027.411,R_100,1
1700006235,1027.419,R_100,9
1700006236,1027.429,R_100,9
1700006237,1027.434,R_100,4
1700006238,1027.434,R_100,4
1700006239,1027.439,R_100,9
1700006240,1027.437,R_100,7
1700006241,1027.443,R_100,3
1700006242,1027.44,R_100,0
1700006243,1027.449,R_100,9
1700006244,1027.441,R_100,1
1700006245,1027.44,R_100,0
1700006246,1027.445,R_100,5
1700006247,1027.451,R_100,1
1700006248,1027.458,R_100,8
1700006249,1027.45,R_100,0
1700006250,1027.451,R_100,1
1700006251,1027.453,R_100,3
1700006252,1027.45,R_100,0
1700006253,1027.459,R_100,9
1700006254,1027.454,R_100,4
1700006255,1027.455,R_100,5
1700006256,1027.464,R_100,4
1700006257,1027.466,R_100,6
1700006258,1027.472,R_100,2
1700006259,1027.478,R_100,8
1700006260,1027.489,R_100,9
1700006261,1027.49,R_100,0
1700006262,1027.498,R_100,8
1700006263,1027.504,R_100,4
1700006264,1027.508,R_100,8
1700006265,1027.515,R_100,5
1700006266,1027.528,R_100,8
1700006267,1027.533,R_100,3
1700006268,1027.535,R_100,5
1700006269,1027.537,R_100,7
1700006270,1027.543,R_100,3
1700006271,1027.546,R_100,6
1700006272,1027.556,R_100,6
1700006273,1027.558,R_100,8
1700006274,1027.561,R_100,1
1700006275,1027.566,R_100,6
1700006276,1027.57,R_100,0
1700006277,1027.576,R_100,6
1700006278,1027.588,R_100,8
1700006279,1027.593,R_100,3
1700006280,1027.59,R_100,0
1700006281,1027.594,R_100,4
1700006282,1027.599,R_100,9
1700006283,1027.604,R_100,4
1700006284,1027.612,R_100,2
1700006285,1027.61,R_100,0
1700006286,1027.612,R_100,2
1700006287,1027.62,R_100,0
1700006288,1027.629,R_100,9
1700006289,1027.632,R_100,2
1700006290,1027.632,R_100,2
1700006291,1027.63,R_100,0
1700006292,1027.632,R_100,2
1700006293,1027.644,R_100,4
1700006294,1027.64,R_100,0
1700006295,1027.643,R_100,3
1700006296,1027.646,R_100,6
1700006297,1027.641,R_100,1
1700006298,1027.649,R_100,9
1700006299,1027.642,R_100,2
1700006300,1027.644,R_100,4
1700006301,1027.653,R_100,3
1700006302,1027.654,R_100,4
1700006303,1027.658,R_100,8
1700006304,1027.669,R_100,9
1700006305,1027.673,R_100,3
1700006306,1027.672,R_100,2
1700006307,1027.686,R_100,6
1700006308,1027.695,R_100,5
1700006309,1027.698,R_100,8
1700006310,1027.7,R_100,0
1700006311,1027.708,R_100,8
1700006312,1027.703,R_100,3
1700006313,1027.718,R_100,8
1700006314,1027.726,R_100,6
1700006315,1027.736,R_100,6
1700006316,1027.738,R_100,8
1700006317,1027.73,R_100,0
1700006318,1027.729,R_100,9
1700006319,1027.73,R_100,0
1700006320,1027.724,R_100,4
1700006321,1027.726,R_100,6
1700006322,1027.722,R_100,2
1700006323,1027.736,R_100,6
1700006324,1027.738,R_100,8
1700006325,1027.734,R_100,4
1700006326,1027.749,R_100,9
1700006327,1027.748,R_100,8
1700006328,1027.756,R_100,6
1700006329,1027.75,R_100,0
1700006330,1027.754,R_100,4
1700006331,1027.765,R_100,5
1700006332,1027.761,R_100,1
1700006333,1027.766,R_100,6
1700006334,1027.763,R_100,3
1700006335,1027.763,R_100,3
1700006336,1027.764,R_100,4
1700006337,1027.768,R_100,8
1700006338,1027.777,R_100,7
1700006339,1027.785,R_100,5
1700006340,1027.781,R_100,1
1700006341,1027.787,R_100,7
1700006342,1027.797,R_100,7
1700006343,1027.807,R_100,7
1700006344,1027.81,R_100,0
1700006345,1027.819,R_100,9
1700006346,1027.825,R_100,5
1700006347,1027.837,R_100,7
1700006348,1027.848,R_100,8
1700006349,1027.852,R_100,2
1700006350,1027.852,R_100,2
1700006351,1027.86,R_100,0
1700006352,1027.861,R_100,1
1700006353,1027.865,R_100,5
1700006354,1027.875,R_100,5
1700006355,1027.874,R_100,4
1700006356,1027.881,R_100,1
1700006357,1027.881,R_100,1
1700006358,1027.88,R_100,0
1700006359,1027.889,R_100,9
1700006360,1027.897,R_100,7
1700006361,1027.902,R_100,2
1700006362,1027.908,R_100,8
1700006363,1027.908,R_100,8
1700006364,1027.915,R_100,5
1700006365,1027.926,R_100,6
1700006366,1027.921,R_100,1
1700006367,1027.928,R_100,8
1700006368,1027.924,R_100,4
1700006369,1027.926,R_100,6
1700006370,1027.923,R_100,3
1700006371,1027.928,R_100,8
1700006372,1027.932,R_100,2
1700006373,1027.948,R_100,8
1700006374,1027.953,R_100,3
1700006375,1027.958,R_100,8
1700006376,1027.953,R_100,3
1700006377,1027.956,R_100,6
1700006378,1027.967,R_100,7
1700006379,1027.973,R_100,3
1700006380,1027.976,R_100,6
1700006381,1027.972,R_100,2
1700006382,1027.975,R_100,5
1700006383,1027.97,R_100,0
1700006384,1027.964,R_100,4
1700006385,1027.967,R_100,7
1700006386,1027.979,R_100,9
1700006387,1027.986,R_100,6
1700006388,1027.989,R_100,9
1700006389,1027.99,R_100,0
1700006390,1027.992,R_100,2
1700006391,1027.993,R_100,3
1700006392,1027.996,R_100,6
1700006393,1027.999,R_100,9
1700006394,1028.001,R_100,1
1700006395,1028.007,R_100,7
1700006396,1028.019,R_100,9
1700006397,1028.027,R_100,7
1700006398,1028.024,R_100,4
1700006399,1028.025,R_100,5
1700006400,1028.024,R_100,4
1700006401,1028.023,R_100,3
1700006402,1028.024,R_100,4
1700006403,1028.03,R_100,0
1700006404,1028.033,R_100,3
1700006405,1028.042,R_100,2
1700006406,1028.043,R_100,3
1700006407,1028.047,R_100,7
1700006408,1028.051,R_100,1
1700006409,1028.054,R_100,4
1700006410,1028.05,R_100,0
1700006411,1028.053,R_100,3
1700006412,1028.058,R_100,8
1700006413,1028.062,R_100,2
1700006414,1028.063,R_100,3
1700006415,1028.066,R_100,6
1700006416,1028.072,R_100,2
1700006417,1028.083,R_100,3
1700006418,1028.095,R_100,5
1700006419,1028.107,R_100,7
1700006420,1028.117,R_100,7
1700006421,1028.125,R_100,5
1700006422,1028.128,R_100,8
1700006423,1028.132,R_100,2
1700006424,1028.133,R_100,3
1700006425,1028.143,R_100,3
1700006426,1028.149,R_100,9
1700006427,1028.155,R_100,5
1700006428,1028.167,R_100,7
1700006429,1028.176,R_100,6
1700006430,1028.187,R_100,7
1700006431,1028.199,R_100,9
1700006432,1028.206,R_100,6
1700006433,1028.215,R_100,5
1700006434,1028.228,R_100,8
1700006435,1028.233,R_100,3
1700006436,1028.236,R_100,6
1700006437,1028.244,R_100,4
1700006438,1028.24,R_100,0
1700006439,1028.242,R_100,2
1700006440,1028.244,R_100,4
1700006441,1028.245,R_100,5
1700006442,1028.256,R_100,6
1700006443,1028.259,R_100,9
1700006444,1028.267,R_100,7
1700006445,1028.275,R_100,5
1700006446,1028.276,R_100,6
1700006447,1028.288,R_100,8
1700006448,1028.293,R_100,3
1700006449,1028.3,R_100,0
1700006450,1028.309,R_100,9
1700006451,1028.314,R_100,4
1700006452,1028.312,R_100,2
1700006453,1028.326,R_100,6
1700006454,1028.337,R_100,7
1700006455,1028.342,R_100,2
1700006456,1028.352,R_100,2
1700006457,1028.35,R_100,0
1700006458,1028.368,R_100,8
1700006459,1028.374,R_100,4
1700006460,1028.379,R_100,9
1700006461,1028.384,R_100,4
1700006462,1028.385,R_100,5
1700006463,1028.394,R_100,4
1700006464,1028.393,R_100,3
1700006465,1028.39,R_100,0
1700006466,1028.39,R_100,0
1700006467,1028.396,R_100,6
1700006468,1028.394,R_100,4
1700006469,1028.406,R_100,6
1700006470,1028.417,R_100,7
1700006471,1028.429,R_100,9
1700006472,1028.438,R_100,8
1700006473,1028.442,R_100,2
1700006474,1028.444,R_100,4
1700006475,1028.441,R_100,1
1700006476,1028.441,R_100,1
1700006477,1028.443,R_100,3
1700006478,1028.444,R_100,4
1700006479,1028.452,R_100,2
1700006480,1028.459,R_100,9
1700006481,1028.461,R_100,1
1700006482,1028.464,R_100,4
1700006483,1028.465,R_100,5
1700006484,1028.477,R_100,7
1700006485,1028.489,R_100,9
1700006486,1028.495,R_100,5
1700006487,1028.494,R_100,4
1700006488,1028.497,R_100,7
1700006489,1028.509,R_100,9
1700006490,1028.511,R_100,1
1700006491,1028.513,R_100,3
1700006492,1028.512,R_100,2
1700006493,1028.523,R_100,3
1700006494,1028.538,R_100,8
1700006495,1028.548,R_100,8
1700006496,1028.55,R_100,0
1700006497,1028.553,R_100,3
1700006498,1028.561,R_100,1
1700006499,1028.562,R_100,2
1700006500,1028.561,R_100,1
1700006501,1028.569,R_100,9
1700006502,1028.572,R_100,2
1700006503,1028.578,R_100,8
1700006504,1028.581,R_100,1
1700006505,1028.586,R_100,6
1700006506,1028.589,R_100,9
1700006507,1028.595,R_100,5
1700006508,1028.607,R_100,7
1700006509,1028.612,R_100,2
1700006510,1028.627,R_100,7
1700006511,1028.639,R_100,9
1700006512,1028.645,R_100,5
1700006513,1028.651,R_100,1
1700006514,1028.651,R_100,1
1700006515,1028.653,R_100,3
1700006516,1028.665,R_100,5
1700006517,1028.662,R_100,2
1700006518,1028.661,R_100,1
1700006519,1028.663,R_100,3
1700006520,1028.67,R_100,0
1700006521,1028.67,R_100,0
1700006522,1028.673,R_100,3
1700006523,1028.672,R_100,2
1700006524,1028.677,R_100,7
1700006525,1028.683,R_100,3
1700006526,1028.685,R_100,5
1700006527,1028.698,R_100,8
1700006528,1028.709,R_100,9
1700006529,1028.712,R_100,2
1700006530,1028.711,R_100,1
1700006531,1028.712,R_100,2
1700006532,1028.713,R_100,3
1700006533,1028.716,R_100,6
1700006534,1028.723,R_100,3
1700006535,1028.726,R_100,6
1700006536,1028.724,R_100,4
1700006537,1028.736,R_100,6
1700006538,1028.733,R_100,3
1700006539,1028.734,R_100,4
1700006540,1028.744,R_100,4
1700006541,1028.741,R_100,1
1700006542,1028.746,R_100,6
1700006543,1028.753,R_100,3
1700006544,1028.769,R_100,9
1700006545,1028.776,R_100,6
1700006546,1028.787,R_100,7
1700006547,1028.786,R_100,6
1700006548,1028.799,R_100,9
1700006549,1028.806,R_100,6
1700006550,1028.817,R_100,7
1700006551,1028.829,R_100,9
1700006552,1028.832,R_100,2
1700006553,1028.839,R_100,9
1700006554,1028.847,R_100,7
1700006555,1028.84,R_100,0
1700006556,1028.842,R_100,2
1700006557,1028.847,R_100,7
1700006558,1028.84,R_100,0
1700006559,1028.845,R_100,5
1700006560,1028.841,R_100,1
1700006561,1028.842,R_100,2
1700006562,1028.848,R_100,8
1700006563,1028.841,R_100,1
1700006564,1028.847,R_100,7
1700006565,1028.856,R_100,6
1700006566,1028.863,R_100,3
1700006567,1028.863,R_100,3
1700006568,1028.877,R_100,7
1700006569,1028.887,R_100,7
1700006570,1028.89,R_100,0
1700006571,1028.893,R_100,3
1700006572,1028.908,R_100,8
1700006573,1028.908,R_100,8
1700006574,1028.907,R_100,7
1700006575,1028.9,R_100,0
1700006576,1028.909,R_100,9
1700006577,1028.916,R_100,6
1700006578,1028.928,R_100,8
1700006579,1028.934,R_100,4
1700006580,1028.937,R_100,7
1700006581,1028.949,R_100,9
1700006582,1028.956,R_100,6
1700006583,1028.969,R_100,9
1700006584,1028.978,R_100,8
1700006585,1028.98,R_100,0
1700006586,1028.983,R_100,3
1700006587,1028.99,R_100,0
1700006588,1028.993,R_100,3
1700006589,1028.999,R_100,9
1700006590,1029.009,R_100,9
1700006591,1029.015,R_100,5
1700006592,1029.027,R_100,7
1700006593,1029.035,R_100,5
1700006594,1029.036,R_100,6
1700006595,1029.037,R_100,7
1700006596,1029.044,R_100,4
1700006597,1029.046,R_100,6
1700006598,1029.049,R_100,9
1700006599,1029.05,R_100,0
1700006600,1029.055,R_100,5
1700006601,1029.051,R_100,1
1700006602,1029.052,R_100,2
1700006603,1029.062,R_100,2
1700006604,1029.064,R_100,4
1700006605,1029.069,R_100,9
1700006606,1029.078,R_100,8
1700006607,1029.085,R_100,5
1700006608,1029.081,R_100,1
1700006609,1029.087,R_100,7
1700006610,1029.085,R_100,5
1700006611,1029.093,R_100,3
1700006612,1029.095,R_100,5
1700006613,1029.095,R_100,5
1700006614,1029.105,R_100,5
1700006615,1029.116,R_100,6
1700006616,1029.123,R_100,3
1700006617,1029.124,R_100,4
1700006618,1029.13,R_100,0
1700006619,1029.136,R_100,6
1700006620,1029.145,R_100,5
1700006621,1029.14,R_100,0
1700006622,1029.143,R_100,3
1700006623,1029.157,R_100,7
1700006624,1029.156,R_100,6
1700006625,1029.163,R_100,3
1700006626,1029.162,R_100,2
1700006627,1029.162,R_100,2
1700006628,1029.168,R_100,8
1700006629,1029.176,R_100,6
1700006630,1029.184,R_100,4
1700006631,1029.184,R_100,4
1700006632,1029.181,R_100,1
1700006633,1029.182,R_100,2
1700006634,1029.184,R_100,4
1700006635,1029.188,R_100,8
1700006636,1029.198,R_100,8
1700006637,1029.192,R_100,2
1700006638,1029.191,R_100,1
1700006639,1029.196,R_100,6
1700006640,1029.19,R_100,0
1700006641,1029.198,R_100,8
1700006642,1029.202,R_100,2
1700006643,1029.208,R_100,8
1700006644,1029.213,R_100,3
1700006645,1029.225,R_100,5
1700006646,1029.238,R_100,8
1700006647,1029.231,R_100,1
1700006648,1029.247,R_100,7
1700006649,1029.255,R_100,5
1700006650,1029.269,R_100,9
1700006651,1029.271,R_100,1
1700006652,1029.278,R_100,8
1700006653,1029.285,R_100,5
1700006654,1029.293,R_100,3
1700006655,1029.302,R_100,2
1700006656,1029.306,R_100,6
1700006657,1029.306,R_100,6
1700006658,1029.317,R_100,7
1700006659,1029.32,R_100,0
1700006660,1029.32,R_100,0
1700006661,1029.323,R_100,3
1700006662,1029.324,R_100,4
1700006663,1029.324,R_100,4
1700006664,1029.321,R_100,1
1700006665,1029.325,R_100,5
1700006666,1029.339,R_100,9
1700006667,1029.345,R_100,5
1700006668,1029.342,R_100,2
1700006669,1029.348,R_100,8
1700006670,1029.352,R_100,2
1700006671,1029.366,R_100,6
1700006672,1029.364,R_100,4
1700006673,1029.376,R_100,6
1700006674,1029.385,R_100,5
1700006675,1029.392,R_100,2
1700006676,1029.408,R_100,8
1700006677,1029.413,R_100,3
1700006678,1029.414,R_100,4
1700006679,1029.418,R_100,8
1700006680,1029.428,R_100,8
1700006681,1029.433,R_100,3
1700006682,1029.435,R_100,5
1700006683,1029.439,R_100,9
1700006684,1029.444,R_100,4
1700006685,1029.459,R_100,9
1700006686,1029.46,R_100,0
1700006687,1029.461,R_100,1
1700006688,1029.462,R_100,2
1700006689,1029.465,R_100,5
1700006690,1029.467,R_100,7
1700006691,1029.464,R_100,4
1700006692,1029.46,R_100,0
1700006693,1029.45,R_100,0
1700006694,1029.451,R_100,1
1700006695,1029.459,R_100,9
1700006696,1029.456,R_100,6
1700006697,1029.469,R_100,9
1700006698,1029.476,R_100,6
1700006699,1029.485,R_100,5
1700006700,1029.484,R_100,4
1700006701,1029.489,R_100,9
1700006702,1029.498,R_100,8
1700006703,1029.493,R_100,3
1700006704,1029.498,R_100,8
1700006705,1029.504,R_100,4
1700006706,1029.5,R_100,0
1700006707,1029.508,R_100,8
1700006708,1029.511,R_100,1
1700006709,1029.513,R_100,3
1700006710,1029.513,R_100,3
1700006711,1029.515,R_100,5
1700006712,1029.51,R_100,0
1700006713,1029.512,R_100,2
1700006714,1029.525,R_100,5
1700006715,1029.537,R_100,7
1700006716,1029.535,R_100,5
1700006717,1029.532,R_100,2
1700006718,1029.548,R_100,8
1700006719,1029.548,R_100,8
1700006720,1029.559,R_100,9
1700006721,1029.564,R_100,4
1700006722,1029.573,R_100,3
1700006723,1029.579,R_100,9
1700006724,1029.585,R_100,5
1700006725,1029.583,R_100,3
1700006726,1029.588,R_100,8
1700006727,1029.58,R_100,0
1700006728,1029.581,R_100,1
1700006729,1029.588,R_100,8
1700006730,1029.596,R_100,6
1700006731,1029.598,R_100,8
1700006732,1029.604,R_100,4
1700006733,1029.603,R_100,3
1700006734,1029.61,R_100,0
1700006735,1029.616,R_100,6
1700006736,1029.615,R_100,5
1700006737,1029.629,R_100,9
1700006738,1029.636,R_100,6
1700006739,1029.649,R_100,9
1700006740,1029.65,R_100,0
1700006741,1029.657,R_100,7
1700006742,1029.653,R_100,3
1700006743,1029.657,R_100,7
1700006744,1029.657,R_100,7
1700006745,1029.654,R_100,4
1700006746,1029.664,R_100,4
1700006747,1029.661,R_100,1
1700006748,1029.667,R_100,7
1700006749,1029.665,R_100,5
1700006750,1029.668,R_100,8
1700006751,1029.679,R_100,9
1700006752,1029.689,R_100,9
1700006753,1029.693,R_100,3
1700006754,1029.706,R_100,6
1700006755,1029.719,R_100,9
1700006756,1029.726,R_100,6
1700006757,1029.727,R_100,7
1700006758,1029.725,R_100,5
1700006759,1029.739,R_100,9
1700006760,1029.746,R_100,6
1700006761,1029.752,R_100,2
1700006762,1029.757,R_100,7
1700006763,1029.766,R_100,6
1700006764,1029.773,R_100,3
1700006765,1029.773,R_100,3
1700006766,1029.775,R_100,5
1700006767,1029.778,R_100,8
1700006768,1029.78,R_100,0
1700006769,1029.788,R_100,8
1700006770,1029.793,R_100,3
1700006771,1029.803,R_100,3
1700006772,1029.805,R_100,5
1700006773,1029.808,R_100,8
1700006774,1029.814,R_100,4
1700006775,1029.817,R_100,7
1700006776,1029.824,R_100,4
1700006777,1029.831,R_100,1
1700006778,1029.836,R_100,6
1700006779,1029.833,R_100,3
1700006780,1029.837,R_100,7
1700006781,1029.844,R_100,4
1700006782,1029.843,R_100,3
1700006783,1029.842,R_100,2
1700006784,1029.842,R_100,2
1700006785,1029.845,R_100,5
1700006786,1029.858,R_100,8
1700006787,1029.854,R_100,4
1700006788,1029.858,R_100,8
1700006789,1029.864,R_100,4
1700006790,1029.866,R_100,6
1700006791,1029.879,R_100,9
1700006792,1029.888,R_100,8
1700006793,1029.883,R_100,3
1700006794,1029.885,R_100,5
1700006795,1029.899,R_100,9
1700006796,1029.909,R_100,9
1700006797,1029.915,R_100,5
1700006798,1029.923,R_100,3
1700006799,1029.92,R_100,0
1700006800,1029.925,R_100,5
1700006801,1029.92,R_100,0
1700006802,1029.928,R_100,8
1700006803,1029.935,R_100,5
1700006804,1029.933,R_100,3
1700006805,1029.93,R_100,0
1700006806,1029.933,R_100,3
1700006807,1029.931,R_100,1
1700006808,1029.933,R_100,3
1700006809,1029.935,R_100,5
1700006810,1029.945,R_100,5
1700006811,1029.958,R_100,8
1700006812,1029.961,R_100,1
1700006813,1029.961,R_100,1
1700006814,1029.965,R_100,5
1700006815,1029.968,R_100,8
1700006816,1029.977,R_100,7
1700006817,1029.986,R_100,6
1700006818,1029.996,R_100,6
1700006819,1030.003,R_100,3
1700006820,1030.004,R_100,4
1700006821,1030.014,R_100,4
1700006822,1030.01,R_100,0
1700006823,1030.016,R_100,6
1700006824,1030.011,R_100,1
1700006825,1030.019,R_100,9
1700006826,1030.023,R_100,3
1700006827,1030.035,R_100,5
1700006828,1030.032,R_100,2
1700006829,1030.03,R_100,0
1700006830,1030.031,R_100,1
1700006831,1030.031,R_100,1
1700006832,1030.034,R_100,4
1700006833,1030.035,R_100,5
1700006834,1030.04,R_100,0
1700006835,1030.045,R_100,5
1700006836,1030.046,R_100,6
1700006837,1030.041,R_100,1
1700006838,1030.044,R_100,4
1700006839,1030.055,R_100,5
1700006840,1030.065,R_100,5
1700006841,1030.075,R_100,5
1700006842,1030.081,R_100,1
1700006843,1030.096,R_100,6
1700006844,1030.104,R_100,4
1700006845,1030.104,R_100,4
1700006846,1030.105,R_100,5
1700006847,1030.117,R_100,7
1700006848,1030.121,R_100,1
1700006849,1030.126,R_100,6
1700006850,1030.13,R_100,0
1700006851,1030.131,R_100,1
1700006852,1030.136,R_100,6
1700006853,1030.148,R_100,8
1700006854,1030.159,R_100,9
1700006855,1030.167,R_100,7
1700006856,1030.178,R_100,8
1700006857,1030.179,R_100,9
1700006858,1030.17,R_100,0
1700006859,1030.178,R_100,8
1700006860,1030.173,R_100,3
1700006861,1030.179,R_100,9
1700006862,1030.172,R_100,2
1700006863,1030.182,R_100,2
1700006864,1030.183,R_100,3
1700006865,1030.185,R_100,5
1700006866,1030.185,R_100,5
1700006867,1030.184,R_100,4
1700006868,1030.184,R_100,4
1700006869,1030.197,R_100,7
1700006870,1030.206,R_100,6
1700006871,1030.215,R_100,5
1700006872,1030.211,R_100,1
1700006873,1030.21,R_100,0
1700006874,1030.218,R_100,8
1700006875,1030.212,R_100,2
1700006876,1030.217,R_100,7
1700006877,1030.222,R_100,2
1700006878,1030.225,R_100,5
1700006879,1030.235,R_100,5
1700006880,1030.248,R_100,8
1700006881,1030.248,R_100,8
1700006882,1030.251,R_100,1
1700006883,1030.253,R_100,3
1700006884,1030.255,R_100,5
1700006885,1030.256,R_100,6
1700006886,1030.256,R_100,6
1700006887,1030.268,R_100,8
1700006888,1030.276,R_100,6
1700006889,1030.28,R_100,0
1700006890,1030.282,R_100,2
1700006891,1030.298,R_100,8
1700006892,1030.3,R_100,0
1700006893,1030.3,R_100,0
1700006894,1030.302,R_100,2
1700006895,1030.303,R_100,3
1700006896,1030.311,R_100,1
1700006897,1030.318,R_100,8
1700006898,1030.32,R_100,0
1700006899,1030.322,R_100,2
1700006900,1030.322,R_100,2
1700006901,1030.327,R_100,7
1700006902,1030.327,R_100,7
1700006903,1030.338,R_100,8
1700006904,1030.343,R_100,3
1700006905,1030.349,R_100,9
1700006906,1030.357,R_100,7
1700006907,1030.366,R_100,6
1700006908,1030.377,R_100,7
1700006909,1030.385,R_100,5
1700006910,1030.388,R_100,8
1700006911,1030.395,R_100,5
1700006912,1030.401,R_100,1
1700006913,1030.402,R_100,2
1700006914,1030.403,R_100,3
1700006915,1030.401,R_100,1
1700006916,1030.401,R_100,1
1700006917,1030.403,R_100,3
1700006918,1030.405,R_100,5
1700006919,1030.405,R_100,5
1700006920,1030.402,R_100,2
1700006921,1030.402,R_100,2
1700006922,1030.404,R_100,4
1700006923,1030.412,R_100,2
1700006924,1030.418,R_100,8
1700006925,1030.429,R_100,9
1700006926,1030.436,R_100,6
1700006927,1030.438,R_100,8
1700006928,1030.445,R_100,5
1700006929,1030.451,R_100,1
1700006930,1030.456,R_100,6
1700006931,1030.469,R_100,9
1700006932,1030.47,R_100,0
1700006933,1030.473,R_100,3
1700006934,1030.472,R_100,2
1700006935,1030.476,R_100,6
1700006936,1030.473,R_100,3
1700006937,1030.475,R_100,5
1700006938,1030.48,R_100,0
1700006939,1030.484,R_100,4
1700006940,1030.498,R_100,8
1700006941,1030.501,R_100,1
1700006942,1030.5,R_100,0
1700006943,1030.508,R_100,8
1700006944,1030.514,R_100,4
1700006945,1030.524,R_100,4
1700006946,1030.53,R_100,0
1700006947,1030.533,R_100,3
1700006948,1030.534,R_100,4
1700006949,1030.54,R_100,0
1700006950,1030.543,R_100,3
1700006951,1030.541,R_100,1
1700006952,1030.54,R_100,0
1700006953,1030.548,R_100,8
1700006954,1030.559,R_100,9
1700006955,1030.562,R_100,2
1700006956,1030.577,R_100,7
1700006957,1030.586,R_100,6
1700006958,1030.591,R_100,1
1700006959,1030.596,R_100,6
1700006960,1030.603,R_100,3
1700006961,1030.619,R_100,9
1700006962,1030.622,R_100,2
1700006963,1030.632,R_100,2
1700006964,1030.634,R_100,4
1700006965,1030.634,R_100,4
1700006966,1030.632,R_100,2
1700006967,1030.649,R_100,9
1700006968,1030.657,R_100,7
1700006969,1030.665,R_100,5
1700006970,1030.666,R_100,6
1700006971,1030.669,R_100,9
1700006972,1030.674,R_100,4
1700006973,1030.68,R_100,0
1700006974,1030.688,R_100,8
1700006975,1030.69,R_100,0
1700006976,1030.698,R_100,8
1700006977,1030.694,R_100,4
1700006978,1030.707,R_100,7
1700006979,1030.715,R_100,5
1700006980,1030.726,R_100,6
1700006981,1030.734,R_100,4
1700006982,1030.738,R_100,8
1700006983,1030.747,R_100,7
1700006984,1030.751,R_100,1
1700006985,1030.759,R_100,9
1700006986,1030.761,R_100,1
1700006987,1030.764,R_100,4
1700006988,1030.769,R_100,9
1700006989,1030.77,R_100,0
1700006990,1030.771,R_100,1
1700006991,1030.779,R_100,9
1700006992,1030.781,R_100,1
1700006993,1030.797,R_100,7
1700006994,1030.792,R_100,2
1700006995,1030.799,R_100,9
1700006996,1030.801,R_100,1
1700006997,1030.801,R_100,1
1700006998,1030.808,R_100,8
1700006999,1030.81,R_100,0
1700007000,1030.819,R_100,9
1700007001,1030.827,R_100,7
1700007002,1030.835,R_100,5
1700007003,1030.839,R_100,9
1700007004,1030.843,R_100,3
1700007005,1030.848,R_100,8
1700007006,1030.858,R_100,8
1700007007,1030.866,R_100,6
1700007008,1030.878,R_100,8
1700007009,1030.882,R_100,2
1700007010,1030.89,R_100,0
1700007011,1030.893,R_100,3
1700007012,1030.899,R_100,9
1700007013,1030.901,R_100,1
1700007014,1030.901,R_100,1
1700007015,1030.908,R_100,8
1700007016,1030.911,R_100,1
1700007017,1030.911,R_100,1
1700007018,1030.91,R_100,0
1700007019,1030.909,R_100,9
1700007020,1030.9,R_100,0
1700007021,1030.902,R_100,2
1700007022,1030.906,R_100,6
1700007023,1030.903,R_100,3
1700007024,1030.909,R_100,9
1700007025,1030.905,R_100,5
1700007026,1030.9,R_100,0
1700007027,1030.903,R_100,3
1700007028,1030.908,R_100,8
1700007029,1030.907,R_100,7
1700007030,1030.91,R_100,0
1700007031,1030.918,R_100,8
1700007032,1030.926,R_100,6
1700007033,1030.926,R_100,6
1700007034,1030.921,R_100,1
1700007035,1030.928,R_100,8
1700007036,1030.923,R_100,3
1700007037,1030.929,R_100,9
1700007038,1030.936,R_100,6
1700007039,1030.947,R_100,7
1700007040,1030.952,R_100,2
1700007041,1030.95,R_100,0
1700007042,1030.95,R_100,0
1700007043,1030.959,R_100,9
1700007044,1030.964,R_100,4
1700007045,1030.979,R_100,9
1700007046,1030.981,R_100,1
1700007047,1030.983,R_100,3
1700007048,1030.982,R_100,2
1700007049,1030.989,R_100,9
1700007050,1030.999,R_100,9
1700007051,1031.004,R_100,4
1700007052,1031.003,R_100,3
1700007053,1031.001,R_100,1
1700007054,1031.001,R_100,1
1700007055,1031.009,R_100,9
1700007056,1031.018,R_100,8
1700007057,1031.013,R_100,3
1700007058,1031.026,R_100,6
1700007059,1031.039,R_100,9
1700007060,1031.047,R_100,7
1700007061,1031.04,R_100,0
1700007062,1031.04,R_100,0
1700007063,1031.047,R_100,7
1700007064,1031.056,R_100,6
1700007065,1031.052,R_100,2
1700007066,1031.064,R_100,4
1700007067,1031.075,R_100,5
1700007068,1031.085,R_100,5
1700007069,1031.097,R_100,7
1700007070,1031.106,R_100,6
1700007071,1031.11,R_100,0
1700007072,1031.112,R_100,2
1700007073,1031.126,R_100,6
1700007074,1031.12,R_100,0
1700007075,1031.123,R_100,3
1700007076,1031.127,R_100,7
1700007077,1031.126,R_100,6
1700007078,1031.122,R_100,2
1700007079,1031.126,R_100,6
1700007080,1031.136,R_100,6
1700007081,1031.145,R_100,5
1700007082,1031.143,R_100,3
1700007083,1031.146,R_100,6
1700007084,1031.154,R_100,4
1700007085,1031.163,R_100,3
1700007086,1031.162,R_100,2
1700007087,1031.175,R_100,5
1700007088,1031.175,R_100,5
1700007089,1031.176,R_100,6
1700007090,1031.172,R_100,2
1700007091,1031.173,R_100,3
1700007092,1031.177,R_100,7
1700007093,1031.187,R_100,7
1700007094,1031.186,R_100,6
1700007095,1031.181,R_100,1
1700007096,1031.189,R_100,9
1700007097,1031.198,R_100,8
1700007098,1031.2,R_100,0
1700007099,1031.201,R_100,1
1700007100,1031.2,R_100,0
1700007101,1031.206,R_100,6
1700007102,1031.208,R_100,8
1700007103,1031.213,R_100,3
1700007104,1031.228,R_100,8
1700007105,1031.231,R_100,1
1700007106,1031.233,R_100,3
1700007107,1031.23,R_100,0
1700007108,1031.237,R_100,7
1700007109,1031.237,R_100,7
1700007110,1031.235,R_100,5
1700007111,1031.243,R_100,3
1700007112,1031.254,R_100,4
1700007113,1031.263,R_100,3
1700007114,1031.264,R_100,4
1700007115,1031.268,R_100,8
1700007116,1031.275,R_100,5
1700007117,1031.283,R_100,3
1700007118,1031.29,R_100,0
1700007119,1031.294,R_100,4
1700007120,1031.3,R_100,0
1700007121,1031.308,R_100,8
1700007122,1031.313,R_100,3
1700007123,1031.32,R_100,0
1700007124,1031.327,R_100,7
1700007125,1031.339,R_100,9
1700007126,1031.34,R_100,0
1700007127,1031.343,R_100,3
1700007128,1031.346,R_100,6
1700007129,1031.347,R_100,7
1700007130,1031.34,R_100,0
1700007131,1031.341,R_100,1
1700007132,1031.344,R_100,4
1700007133,1031.358,R_100,8
1700007134,1031.363,R_100,3
1700007135,1031.369,R_100,9
1700007136,1031.377,R_100,7
1700007137,1031.381,R_100,1
1700007138,1031.382,R_100,2
1700007139,1031.38,R_100,0
1700007140,1031.383,R_100,3
1700007141,1031.387,R_100,7
1700007142,1031.382,R_100,2
1700007143,1031.383,R_100,3
1700007144,1031.395,R_100,5
1700007145,1031.393,R_100,3
1700007146,1031.402,R_100,2
1700007147,1031.403,R_100,3
1700007148,1031.411,R_100,1
1700007149,1031.412,R_100,2
1700007150,1031.426,R_100,6
1700007151,1031.434,R_100,4
1700007152,1031.434,R_100,4
1700007153,1031.443,R_100,3
1700007154,1031.451,R_100,1
1700007155,1031.456,R_100,6
1700007156,1031.466,R_100,6
1700007157,1031.468,R_100,8
1700007158,1031.472,R_100,2
1700007159,1031.479,R_100,9
1700007160,1031.487,R_100,7
1700007161,1031.49,R_100,0
1700007162,1031.499,R_100,9
1700007163,1031.503,R_100,3
1700007164,1031.517,R_100,7
1700007165,1031.52,R_100,0
1700007166,1031.522,R_100,2
1700007167,1031.52,R_100,0
1700007168,1031.528,R_100,8
1700007169,1031.535,R_100,5
1700007170,1031.545,R_100,5
1700007171,1031.546,R_100,6
1700007172,1031.559,R_100,9
1700007173,1031.563,R_100,3
1700007174,1031.56,R_100,0
1700007175,1031.565,R_100,5
1700007176,1031.562,R_100,2
1700007177,1031.56,R_100,0
1700007178,1031.565,R_100,5
1700007179,1031.576,R_100,6
1700007180,1031.587,R_100,7
1700007181,1031.597,R_100,7
1700007182,1031.605,R_100,5
1700007183,1031.618,R_100,8
1700007184,1031.629,R_100,9
1700007185,1031.639,R_100,9
1700007186,1031.646,R_100,6
1700007187,1031.658,R_100,8
1700007188,1031.665,R_100,5
1700007189,1031.668,R_100,8
1700007190,1031.669,R_100,9
1700007191,1031.679,R_100,9
1700007192,1031.683,R_100,3
1700007193,1031.685,R_100,5
1700007194,1031.683,R_100,3
1700007195,1031.684,R_100,4
1700007196,1031.696,R_100,6
1700007197,1031.69,R_100,0
1700007198,1031.695,R_100,5
1700007199,1031.704,R_100,4
1700007200,1031.712,R_100,2
1700007201,1031.717,R_100,7
1700007202,1031.723,R_100,3
1700007203,1031.731,R_100,1
1700007204,1031.737,R_100,7
1700007205,1031.736,R_100,6
1700007206,1031.732,R_100,2
1700007207,1031.737,R_100,7
1700007208,1031.745,R_100,5
1700007209,1031.754,R_100,4
1700007210,1031.756,R_100,6
1700007211,1031.758,R_100,8
1700007212,1031.76,R_100,0
1700007213,1031.768,R_100,8
1700007214,1031.777,R_100,7
1700007215,1031.771,R_100,1
1700007216,1031.779,R_100,9
1700007217,1031.783,R_100,3
1700007218,1031.795,R_100,5
1700007219,1031.802,R_100,2
1700007220,1031.807,R_100,7
1700007221,1031.804,R_100,4
1700007222,1031.813,R_100,3
1700007223,1031.829,R_100,9
1700007224,1031.839,R_100,9
1700007225,1031.848,R_100,8
1700007226,1031.852,R_100,2
1700007227,1031.852,R_100,2
1700007228,1031.854,R_100,4
1700007229,1031.866,R_100,6
1700007230,1031.869,R_100,9
1700007231,1031.87,R_100,0
1700007232,1031.874,R_100,4
1700007233,1031.87,R_100,0
1700007234,1031.875,R_100,5
1700007235,1031.888,R_100,8
1700007236,1031.896,R_100,6
1700007237,1031.901,R_100,1
1700007238,1031.901,R_100,1
1700007239,1031.905,R_100,5
1700007240,1031.903,R_100,3
1700007241,1031.901,R_100,1
1700007242,1031.907,R_100,7
1700007243,1031.902,R_100,2
1700007244,1031.904,R_100,4
1700007245,1031.901,R_100,1
1700007246,1031.904,R_100,4
1700007247,1031.918,R_100,8
1700007248,1031.929,R_100,9
1700007249,1031.935,R_100,5
1700007250,1031.931,R_100,1
1700007251,1031.939,R_100,9
1700007252,1031.948,R_100,8
1700007253,1031.955,R_100,5
1700007254,1031.968,R_100,8
1700007255,1031.972,R_100,2
1700007256,1031.977,R_100,7
1700007257,1031.972,R_100,2
1700007258,1031.977,R_100,7
1700007259,1031.988,R_100,8
1700007260,1031.995,R_100,5
1700007261,1031.991,R_100,1
1700007262,1031.99,R_100,0
1700007263,1031.997,R_100,7
1700007264,1032.003,R_100,3
1700007265,1032.008,R_100,8
1700007266,1032.011,R_100,1
1700007267,1032.014,R_100,4
1700007268,1032.017,R_100,7
1700007269,1032.024,R_100,4
1700007270,1032.034,R_100,4
1700007271,1032.039,R_100,9
1700007272,1032.042,R_100,2
1700007273,1032.045,R_100,5
1700007274,1032.053,R_100,3
1700007275,1032.055,R_100,5
1700007276,1032.061,R_100,1
1700007277,1032.06,R_100,0
1700007278,1032.064,R_100,4
1700007279,1032.074,R_100,4
1700007280,1032.087,R_100,7
1700007281,1032.084,R_100,4
1700007282,1032.095,R_100,5
1700007283,1032.091,R_100,1
1700007284,1032.093,R_100,3
1700007285,1032.099,R_100,9
1700007286,1032.107,R_100,7
1700007287,1032.117,R_100,7
1700007288,1032.111,R_100,1
1700007289,1032.113,R_100,3
1700007290,1032.129,R_100,9
1700007291,1032.125,R_100,5
1700007292,1032.124,R_100,4
1700007293,1032.133,R_100,3
1700007294,1032.137,R_100,7
1700007295,1032.149,R_100,9
1700007296,1032.154,R_100,4
1700007297,1032.157,R_100,7
1700007298,1032.16,R_100,0
1700007299,1032.169,R_100,9
1700007300,1032.172,R_100,2
1700007301,1032.172,R_100,2
1700007302,1032.17,R_100,0
1700007303,1032.171,R_100,1
1700007304,1032.178,R_100,8
1700007305,1032.185,R_100,5
1700007306,1032.191,R_100,1
1700007307,1032.202,R_100,2
1700007308,1032.212,R_100,2
1700007309,1032.216,R_100,6
1700007310,1032.229,R_100,9
1700007311,1032.234,R_100,4
1700007312,1032.245,R_100,5
1700007313,1032.259,R_100,9
1700007314,1032.265,R_100,5
1700007315,1032.276,R_100,6
1700007316,1032.277,R_100,7
1700007317,1032.282,R_100,2
1700007318,1032.28,R_100,0
1700007319,1032.285,R_100,5
1700007320,1032.293,R_100,3
1700007321,1032.298,R_100,8
1700007322,1032.303,R_100,3
1700007323,1032.311,R_100,1
1700007324,1032.319,R_100,9
1700007325,1032.329,R_100,9
1700007326,1032.332,R_100,2
1700007327,1032.343,R_100,3
1700007328,1032.34,R_100,0
1700007329,1032.347,R_100,7
1700007330,1032.353,R_100,3
1700007331,1032.366,R_100,6
1700007332,1032.376,R_100,6
1700007333,1032.382,R_100,2
1700007334,1032.384,R_100,4
1700007335,1032.39,R_100,0
1700007336,1032.395,R_100,5
1700007337,1032.391,R_100,1
1700007338,1032.397,R_100,7
1700007339,1032.404,R_100,4
1700007340,1032.408,R_100,8
1700007341,1032.414,R_100,4
1700007342,1032.421,R_100,1
1700007343,1032.424,R_100,4
1700007344,1032.429,R_100,9
1700007345,1032.437,R_100,7
1700007346,1032.449,R_100,9
1700007347,1032.457,R_100,7
1700007348,1032.462,R_100,2
1700007349,1032.465,R_100,5
1700007350,1032.477,R_100,7
1700007351,1032.473,R_100,3
1700007352,1032.489,R_100,9
1700007353,1032.493,R_100,3
1700007354,1032.49,R_100,0
1700007355,1032.493,R_100,3
1700007356,1032.494,R_100,4
1700007357,1032.499,R_100,9
1700007358,1032.49,R_100,0
1700007359,1032.486,R_100,6
1700007360,1032.488,R_100,8
1700007361,1032.492,R_100,2
1700007362,1032.497,R_100,7
1700007363,1032.502,R_100,2
1700007364,1032.506,R_100,6
1700007365,1032.512,R_100,2
1700007366,1032.518,R_100,8
1700007367,1032.51,R_100,0
1700007368,1032.519,R_100,9
1700007369,1032.515,R_100,5
1700007370,1032.514,R_100,4
1700007371,1032.51,R_100,0
1700007372,1032.517,R_100,7
1700007373,1032.525,R_100,5
1700007374,1032.532,R_100,2
1700007375,1032.537,R_100,7
1700007376,1032.535,R_100,5
1700007377,1032.548,R_100,8
1700007378,1032.556,R_100,6
1700007379,1032.562,R_100,2
1700007380,1032.568,R_100,8
1700007381,1032.57,R_100,0
1700007382,1032.57,R_100,0
1700007383,1032.575,R_100,5
1700007384,1032.582,R_100,2
1700007385,1032.58,R_100,0
1700007386,1032.582,R_100,2
1700007387,1032.583,R_100,3
1700007388,1032.581,R_100,1
1700007389,1032.585,R_100,5
1700007390,1032.595,R_100,5
1700007391,1032.603,R_100,3
1700007392,1032.609,R_100,9
1700007393,1032.615,R_100,5
1700007394,1032.622,R_100,2
1700007395,1032.628,R_100,8
1700007396,1032.631,R_100,1
1700007397,1032.636,R_100,6
1700007398,1032.645,R_100,5
1700007399,1032.644,R_100,4
1700007400,1032.647,R_100,7
1700007401,1032.658,R_100,8
1700007402,1032.665,R_100,5
1700007403,1032.672,R_100,2
1700007404,1032.679,R_100,9
1700007405,1032.672,R_100,2
1700007406,1032.675,R_100,5
1700007407,1032.67,R_100,0
1700007408,1032.675,R_100,5
1700007409,1032.671,R_100,1
1700007410,1032.687,R_100,7
1700007411,1032.684,R_100,4
1700007412,1032.693,R_100,3
1700007413,1032.694,R_100,4
1700007414,1032.703,R_100,3
1700007415,1032.706,R_100,6
1700007416,1032.718,R_100,8
1700007417,1032.729,R_100,9
1700007418,1032.737,R_100,7
1700007419,1032.736,R_100,6
1700007420,1032.741,R_100,1
1700007421,1032.75,R_100,0
1700007422,1032.752,R_100,2
1700007423,1032.757,R_100,7
1700007424,1032.759,R_100,9
1700007425,1032.754,R_100,4
1700007426,1032.756,R_100,6
1700007427,1032.764,R_100,4
1700007428,1032.766,R_100,6
1700007429,1032.769,R_100,9
1700007430,1032.772,R_100,2
1700007431,1032.77,R_100,0
1700007432,1032.77,R_100,0
1700007433,1032.775,R_100,5
1700007434,1032.773,R_100,3
1700007435,1032.775,R_100,5
1700007436,1032.786,R_100,6
1700007437,1032.78,R_100,0
1700007438,1032.786,R_100,6
1700007439,1032.793,R_100,3
1700007440,1032.791,R_100,1
1700007441,1032.791,R_100,1
1700007442,1032.794,R_100,4
1700007443,1032.806,R_100,6
1700007444,1032.813,R_100,3
1700007445,1032.816,R_100,6
1700007446,1032.818,R_100,8
1700007447,1032.829,R_100,9
1700007448,1032.834,R_100,4
1700007449,1032.834,R_100,4
1700007450,1032.83,R_100,0
1700007451,1032.834,R_100,4
1700007452,1032.836,R_100,6
1700007453,1032.836,R_100,6
1700007454,1032.834,R_100,4
1700007455,1032.838,R_100,8
1700007456,1032.838,R_100,8
1700007457,1032.843,R_100,3
1700007458,1032.846,R_100,6
1700007459,1032.845,R_100,5
1700007460,1032.858,R_100,8
1700007461,1032.857,R_100,7
1700007462,1032.869,R_100,9
1700007463,1032.877,R_100,7
1700007464,1032.886,R_100,6
1700007465,1032.886,R_100,6
1700007466,1032.889,R_100,9
1700007467,1032.898,R_100,8
1700007468,1032.903,R_100,3
1700007469,1032.916,R_100,6
1700007470,1032.922,R_100,2
1700007471,1032.934,R_100,4
1700007472,1032.935,R_100,5
1700007473,1032.931,R_100,1
1700007474,1032.934,R_100,4
1700007475,1032.941,R_100,1
1700007476,1032.947,R_100,7
1700007477,1032.956,R_100,6
1700007478,1032.964,R_100,4
1700007479,1032.967,R_100,7
1700007480,1032.963,R_100,3
1700007481,1032.979,R_100,9
1700007482,1032.989,R_100,9
1700007483,1032.997,R_100,7
1700007484,1033.0,R_100,0
1700007485,1032.99,R_100,0
1700007486,1032.992,R_100,2
1700007487,1032.998,R_100,8
1700007488,1032.996,R_100,6
1700007489,1033.006,R_100,6
1700007490,1033.0,R_100,0
1700007491,1032.995,R_100,5
1700007492,1032.993,R_100,3
1700007493,1032.992,R_100,2
1700007494,1032.99,R_100,0
1700007495,1032.995,R_100,5
1700007496,1032.992,R_100,2
1700007497,1032.996,R_100,6
1700007498,1032.991,R_100,1
1700007499,1032.999,R_100,9
1700007500,1033.005,R_100,5
1700007501,1033.004,R_100,4
1700007502,1033.018,R_100,8
1700007503,1033.02,R_100,0
1700007504,1033.021,R_100,1
1700007505,1033.028,R_100,8
1700007506,1033.03,R_100,0
1700007507,1033.035,R_100,5
1700007508,1033.037,R_100,7
1700007509,1033.04,R_100,0
1700007510,1033.049,R_100,9
1700007511,1033.054,R_100,4
1700007512,1033.05,R_100,0
1700007513,1033.052,R_100,2
1700007514,1033.061,R_100,1
1700007515,1033.062,R_100,2
1700007516,1033.069,R_100,9
1700007517,1033.071,R_100,1
1700007518,1033.088,R_100,8
1700007519,1033.097,R_100,7
1700007520,1033.102,R_100,2
1700007521,1033.109,R_100,9
1700007522,1033.112,R_100,2
1700007523,1033.115,R_100,5
1700007524,1033.112,R_100,2
1700007525,1033.121,R_100,1
1700007526,1033.123,R_100,3
1700007527,1033.127,R_100,7
1700007528,1033.131,R_100,1
1700007529,1033.142,R_100,2
1700007530,1033.143,R_100,3
1700007531,1033.146,R_100,6
1700007532,1033.159,R_100,9
1700007533,1033.154,R_100,4
1700007534,1033.151,R_100,1
1700007535,1033.158,R_100,8
1700007536,1033.166,R_100,6
1700007537,1033.176,R_100,6
1700007538,1033.173,R_100,3
1700007539,1033.182,R_100,2
1700007540,1033.187,R_100,7
1700007541,1033.193,R_100,3
1700007542,1033.191,R_100,1
1700007543,1033.199,R_100,9
1700007544,1033.208,R_100,8
1700007545,1033.212,R_100,2
1700007546,1033.211,R_100,1
1700007547,1033.214,R_100,4
1700007548,1033.219,R_100,9
1700007549,1033.22,R_100,0
1700007550,1033.228,R_100,8
1700007551,1033.233,R_100,3
1700007552,1033.241,R_100,1
1700007553,1033.249,R_100,9
1700007554,1033.24,R_100,0
1700007555,1033.236,R_100,6
1700007556,1033.236,R_100,6
1700007557,1033.245,R_100,5
1700007558,1033.246,R_100,6
1700007559,1033.254,R_100,4
1700007560,1033.261,R_100,1
1700007561,1033.266,R_100,6
1700007562,1033.278,R_100,8
1700007563,1033.285,R_100,5
1700007564,1033.28,R_100,0
1700007565,1033.288,R_100,8
1700007566,1033.296,R_100,6
1700007567,1033.3,R_100,0
1700007568,1033.3,R_100,0
1700007569,1033.303,R_100,3
1700007570,1033.3,R_100,0
1700007571,1033.302,R_100,2
1700007572,1033.31,R_100,0
1700007573,1033.318,R_100,8
1700007574,1033.323,R_100,3
1700007575,1033.326,R_100,6
1700007576,1033.333,R_100,3
1700007577,1033.34,R_100,0
1700007578,1033.344,R_100,4
1700007579,1033.345,R_100,5
1700007580,1033.346,R_100,6
1700007581,1033.351,R_100,1
1700007582,1033.351,R_100,1
1700007583,1033.356,R_100,6
1700007584,1033.363,R_100,3
1700007585,1033.364,R_100,4
1700007586,1033.366,R_100,6
1700007587,1033.376,R_100,6
1700007588,1033.384,R_100,4
1700007589,1033.382,R_100,2
1700007590,1033.38,R_100,0
1700007591,1033.382,R_100,2
1700007592,1033.384,R_100,4
1700007593,1033.39,R_100,0
1700007594,1033.392,R_100,2
1700007595,1033.397,R_100,7
1700007596,1033.405,R_100,5
1700007597,1033.418,R_100,8
1700007598,1033.425,R_100,5
1700007599,1033.436,R_100,6
1700007600,1033.436,R_100,6
1700007601,1033.444,R_100,4
1700007602,1033.447,R_100,7
1700007603,1033.444,R_100,4
1700007604,1033.443,R_100,3
1700007605,1033.458,R_100,8
1700007606,1033.453,R_100,3
1700007607,1033.452,R_100,2
1700007608,1033.454,R_100,4
1700007609,1033.453,R_100,3
1700007610,1033.469,R_100,9
1700007611,1033.478,R_100,8
1700007612,1033.482,R_100,2
1700007613,1033.498,R_100,8
1700007614,1033.493,R_100,3
1700007615,1033.499,R_100,9
1700007616,1033.506,R_100,6
1700007617,1033.503,R_100,3
1700007618,1033.505,R_100,5
1700007619,1033.507,R_100,7
1700007620,1033.513,R_100,3
1700007621,1033.51,R_100,0
1700007622,1033.514,R_100,4
1700007623,1033.51,R_100,0
1700007624,1033.51,R_100,0
1700007625,1033.528,R_100,8
1700007626,1033.529,R_100,9
1700007627,1033.534,R_100,4
1700007628,1033.53,R_100,0
1700007629,1033.539,R_100,9
1700007630,1033.548,R_100,8
1700007631,1033.556,R_100,6
1700007632,1033.568,R_100,8
1700007633,1033.575,R_100,5
1700007634,1033.574,R_100,4
1700007635,1033.573,R_100,3
1700007636,1033.576,R_100,6
1700007637,1033.581,R_100,1
1700007638,1033.587,R_100,7
1700007639,1033.595,R_100,5
1700007640,1033.603,R_100,3
1700007641,1033.603,R_100,3
1700007642,1033.602,R_100,2
1700007643,1033.616,R_100,6
1700007644,1033.629,R_100,9
1700007645,1033.632,R_100,2
1700007646,1033.636,R_100,6
1700007647,1033.631,R_100,1
1700007648,1033.637,R_100,7
1700007649,1033.632,R_100,2
1700007650,1033.638,R_100,8
1700007651,1033.642,R_100,2
1700007652,1033.643,R_100,3
1700007653,1033.643,R_100,3
1700007654,1033.645,R_100,5
1700007655,1033.641,R_100,1
1700007656,1033.645,R_100,5
1700007657,1033.647,R_100,7
1700007658,1033.641,R_100,1
1700007659,1033.644,R_100,4
1700007660,1033.643,R_100,3
1700007661,1033.646,R_100,6
1700007662,1033.645,R_100,5
1700007663,1033.652,R_100,2
1700007664,1033.666,R_100,6
1700007665,1033.662,R_100,2
1700007666,1033.669,R_100,9
1700007667,1033.671,R_100,1
1700007668,1033.671,R_100,1
1700007669,1033.678,R_100,8
1700007670,1033.687,R_100,7
1700007671,1033.683,R_100,3
1700007672,1033.699,R_100,9
1700007673,1033.707,R_100,7
1700007674,1033.714,R_100,4
1700007675,1033.722,R_100,2
1700007676,1033.727,R_100,7
1700007677,1033.723,R_100,3
1700007678,1033.722,R_100,2
1700007679,1033.736,R_100,6
1700007680,1033.739,R_100,9
1700007681,1033.741,R_100,1
1700007682,1033.745,R_100,5
1700007683,1033.744,R_100,4
1700007684,1033.749,R_100,9
1700007685,1033.755,R_100,5
1700007686,1033.757,R_100,7
1700007687,1033.764,R_100,4
1700007688,1033.76,R_100,0
1700007689,1033.764,R_100,4
1700007690,1033.764,R_100,4
1700007691,1033.763,R_100,3
1700007692,1033.767,R_100,7
1700007693,1033.761,R_100,1
1700007694,1033.777,R_100,7
1700007695,1033.77,R_100,0
1700007696,1033.772,R_100,2
1700007697,1033.772,R_100,2
1700007698,1033.777,R_100,7
1700007699,1033.778,R_100,8
1700007700,1033.787,R_100,7
1700007701,1033.795,R_100,5
1700007702,1033.79,R_100,0
1700007703,1033.794,R_100,4
1700007704,1033.798,R_100,8
1700007705,1033.804,R_100,4
1700007706,1033.802,R_100,2
1700007707,1033.81,R_100,0
1700007708,1033.81,R_100,0
1700007709,1033.815,R_100,5
1700007710,1033.82,R_100,0
1700007711,1033.828,R_100,8
1700007712,1033.834,R_100,4
1700007713,1033.844,R_100,4
1700007714,1033.848,R_100,8
1700007715,1033.851,R_100,1
1700007716,1033.859,R_100,9
1700007717,1033.867,R_100,7
1700007718,1033.861,R_100,1
1700007719,1033.879,R_100,9
1700007720,1033.886,R_100,6
1700007721,1033.887,R_100,7
1700007722,1033.883,R_100,3
1700007723,1033.887,R_100,7
1700007724,1033.894,R_100,4
1700007725,1033.891,R_100,1
1700007726,1033.895,R_100,5
1700007727,1033.904,R_100,4
1700007728,1033.903,R_100,3
1700007729,1033.902,R_100,2
1700007730,1033.905,R_100,5
1700007731,1033.904,R_100,4
1700007732,1033.904,R_100,4
1700007733,1033.908,R_100,8
1700007734,1033.914,R_100,4
1700007735,1033.923,R_100,3
1700007736,1033.92,R_100,0
1700007737,1033.926,R_100,6
1700007738,1033.938,R_100,8
1700007739,1033.938,R_100,8
1700007740,1033.942,R_100,2
1700007741,1033.957,R_100,7
1700007742,1033.954,R_100,4
1700007743,1033.964,R_100,4
1700007744,1033.976,R_100,6
1700007745,1033.976,R_100,6
1700007746,1033.985,R_100,5
1700007747,1033.992,R_100,2
1700007748,1033.995,R_100,5
1700007749,1034.006,R_100,6
1700007750,1034.007,R_100,7
1700007751,1034.009,R_100,9
1700007752,1034.016,R_100,6
1700007753,1034.027,R_100,7
1700007754,1034.035,R_100,5
1700007755,1034.047,R_100,7
1700007756,1034.051,R_100,1
1700007757,1034.06,R_100,0
1700007758,1034.06,R_100,0
1700007759,1034.062,R_100,2
1700007760,1034.065,R_100,5
1700007761,1034.064,R_100,4
1700007762,1034.066,R_100,6
1700007763,1034.067,R_100,7
1700007764,1034.077,R_100,7
1700007765,1034.084,R_100,4
1700007766,1034.095,R_100,5
1700007767,1034.101,R_100,1
1700007768,1034.106,R_100,6
1700007769,1034.116,R_100,6
1700007770,1034.126,R_100,6
1700007771,1034.12,R_100,0
1700007772,1034.121,R_100,1
1700007773,1034.12,R_100,0
1700007774,1034.129,R_100,9
1700007775,1034.132,R_100,2
1700007776,1034.132,R_100,2
1700007777,1034.147,R_100,7
1700007778,1034.158,R_100,8
1700007779,1034.16,R_100,0
1700007780,1034.166,R_100,6
1700007781,1034.168,R_100,8
1700007782,1034.17,R_100,0
1700007783,1034.173,R_100,3
1700007784,1034.188,R_100,8
1700007785,1034.197,R_100,7
1700007786,1034.206,R_100,6
1700007787,1034.207,R_100,7
1700007788,1034.208,R_100,8
1700007789,1034.212,R_100,2
1700007790,1034.228,R_100,8
1700007791,1034.239,R_100,9
1700007792,1034.236,R_100,6
1700007793,1034.238,R_100,8
1700007794,1034.242,R_100,2
1700007795,1034.24,R_100,0
1700007796,1034.249,R_100,9
1700007797,1034.252,R_100,2
1700007798,1034.259,R_100,9
1700007799,1034.262,R_100,2
1700007800,1034.261,R_100,1
1700007801,1034.266,R_100,6
1700007802,1034.278,R_100,8
1700007803,1034.28,R_100,0
1700007804,1034.28,R_100,0
1700007805,1034.284,R_100,4
1700007806,1034.281,R_100,1
1700007807,1034.286,R_100,6
1700007808,1034.295,R_100,5
1700007809,1034.291,R_100,1
1700007810,1034.3,R_100,0
1700007811,1034.308,R_100,8
1700007812,1034.316,R_100,6
1700007813,1034.315,R_100,5
1700007814,1034.318,R_100,8
1700007815,1034.326,R_100,6
1700007816,1034.335,R_100,5
1700007817,1034.347,R_100,7
1700007818,1034.355,R_100,5
1700007819,1034.35,R_100,0
1700007820,1034.359,R_100,9
1700007821,1034.366,R_100,6
1700007822,1034.366,R_100,6
1700007823,1034.369,R_100,9
1700007824,1034.377,R_100,7
1700007825,1034.381,R_100,1
1700007826,1034.384,R_100,4
1700007827,1034.388,R_100,8
1700007828,1034.384,R_100,4
1700007829,1034.382,R_100,2
1700007830,1034.388,R_100,8
1700007831,1034.386,R_100,6
1700007832,1034.394,R_100,4
1700007833,1034.393,R_100,3
1700007834,1034.394,R_100,4
1700007835,1034.394,R_100,4
1700007836,1034.401,R_100,1
1700007837,1034.405,R_100,5
1700007838,1034.419,R_100,9
1700007839,1034.423,R_100,3
1700007840,1034.42,R_100,0
1700007841,1034.423,R_100,3
1700007842,1034.423,R_100,3
1700007843,1034.42,R_100,0
1700007844,1034.42,R_100,0
1700007845,1034.425,R_100,5
1700007846,1034.427,R_100,7
1700007847,1034.437,R_100,7
1700007848,1034.441,R_100,1
1700007849,1034.444,R_100,4
1700007850,1034.447,R_100,7
1700007851,1034.454,R_100,4
1700007852,1034.452,R_100,2
1700007853,1034.453,R_100,3
1700007854,1034.451,R_100,1
1700007855,1034.457,R_100,7
1700007856,1034.468,R_100,8
1700007857,1034.472,R_100,2
1700007858,1034.475,R_100,5
1700007859,1034.486,R_100,6
1700007860,1034.48,R_100,0
1700007861,1034.489,R_100,9
1700007862,1034.49,R_100,0
1700007863,1034.496,R_100,6
1700007864,1034.506,R_100,6
1700007865,1034.511,R_100,1
1700007866,1034.511,R_100,1
1700007867,1034.512,R_100,2
1700007868,1034.51,R_100,0
1700007869,1034.512,R_100,2
1700007870,1034.512,R_100,2
1700007871,1034.522,R_100,2
1700007872,1034.52,R_100,0
1700007873,1034.521,R_100,1
1700007874,1034.526,R_100,6
1700007875,1034.534,R_100,4
1700007876,1034.542,R_100,2
1700007877,1034.547,R_100,7
1700007878,1034.556,R_100,6
1700007879,1034.568,R_100,8
1700007880,1034.57,R_100,0
1700007881,1034.578,R_100,8
1700007882,1034.585,R_100,5
1700007883,1034.591,R_100,1
1700007884,1034.594,R_100,4
1700007885,1034.599,R_100,9
1700007886,1034.602,R_100,2
1700007887,1034.603,R_100,3
1700007888,1034.601,R_100,1
1700007889,1034.609,R_100,9
1700007890,1034.619,R_100,9
1700007891,1034.625,R_100,5
1700007892,1034.632,R_100,2
1700007893,1034.631,R_100,1
1700007894,1034.633,R_100,3
1700007895,1034.633,R_100,3
1700007896,1034.631,R_100,1
1700007897,1034.632,R_100,2
1700007898,1034.639,R_100,9
1700007899,1034.64,R_100,0
1700007900,1034.644,R_100,4
1700007901,1034.643,R_100,3
1700007902,1034.653,R_100,3
1700007903,1034.654,R_100,4
1700007904,1034.655,R_100,5
1700007905,1034.669,R_100,9
1700007906,1034.675,R_100,5
1700007907,1034.68,R_100,0
1700007908,1034.685,R_100,5
1700007909,1034.685,R_100,5
1700007910,1034.699,R_100,9
1700007911,1034.699,R_100,9
1700007912,1034.708,R_100,8
1700007913,1034.714,R_100,4
1700007914,1034.72,R_100,0
1700007915,1034.72,R_100,0
1700007916,1034.721,R_100,1
1700007917,1034.729,R_100,9
1700007918,1034.721,R_100,1
1700007919,1034.721,R_100,1
1700007920,1034.722,R_100,2
1700007921,1034.724,R_100,4
1700007922,1034.728,R_100,8
1700007923,1034.725,R_100,5
1700007924,1034.72,R_100,0
1700007925,1034.729,R_100,9
1700007926,1034.734,R_100,4
1700007927,1034.745,R_100,5
1700007928,1034.753,R_100,3
1700007929,1034.767,R_100,7
1700007930,1034.774,R_100,4
1700007931,1034.774,R_100,4
1700007932,1034.783,R_100,3
1700007933,1034.787,R_100,7
1700007934,1034.793,R_100,3
1700007935,1034.794,R_100,4
1700007936,1034.798,R_100,8
1700007937,1034.802,R_100,2
1700007938,1034.8,R_100,0
1700007939,1034.808,R_100,8
1700007940,1034.818,R_100,8
1700007941,1034.828,R_100,8
1700007942,1034.836,R_100,6
1700007943,1034.843,R_100,3
1700007944,1034.853,R_100,3
1700007945,1034.867,R_100,7
1700007946,1034.864,R_100,4
1700007947,1034.868,R_100,8
1700007948,1034.879,R_100,9
1700007949,1034.877,R_100,7
1700007950,1034.877,R_100,7
1700007951,1034.882,R_100,2
1700007952,1034.888,R_100,8
1700007953,1034.89,R_100,0
1700007954,1034.895,R_100,5
1700007955,1034.9,R_100,0
1700007956,1034.906,R_100,6
1700007957,1034.909,R_100,9
1700007958,1034.913,R_100,3
1700007959,1034.923,R_100,3
1700007960,1034.92,R_100,0
1700007961,1034.925,R_100,5
1700007962,1034.922,R_100,2
1700007963,1034.923,R_100,3
1700007964,1034.926,R_100,6
1700007965,1034.924,R_100,4
1700007966,1034.936,R_100,6
1700007967,1034.945,R_100,5
1700007968,1034.949,R_100,9
1700007969,1034.959,R_100,9
1700007970,1034.963,R_100,3
1700007971,1034.969,R_100,9
1700007972,1034.961,R_100,1
1700007973,1034.962,R_100,2
1700007974,1034.965,R_100,5
1700007975,1034.963,R_100,3
1700007976,1034.965,R_100,5
1700007977,1034.973,R_100,3
1700007978,1034.978,R_100,8
1700007979,1034.987,R_100,7
1700007980,1034.995,R_100,5
1700007981,1034.991,R_100,1
1700007982,1034.991,R_100,1
1700007983,1034.997,R_100,7
1700007984,1035.0,R_100,0
1700007985,1035.004,R_100,4
1700007986,1035.012,R_100,2
1700007987,1035.02,R_100,0
1700007988,1035.022,R_100,2
1700007989,1035.034,R_100,4
1700007990,1035.033,R_100,3
1700007991,1035.048,R_100,8
1700007992,1035.055,R_100,5
1700007993,1035.067,R_100,7
1700007994,1035.079,R_100,9
1700007995,1035.089,R_100,9
1700007996,1035.092,R_100,2
1700007997,1035.095,R_100,5
1700007998,1035.103,R_100,3
1700007999,1035.111,R_100,1
1700008000,1035.112,R_100,2
1700008001,1035.124,R_100,4
1700008002,1035.135,R_100,5
1700008003,1035.146,R_100,6
1700008004,1035.157,R_100,7
1700008005,1035.162,R_100,2
1700008006,1035.163,R_100,3
1700008007,1035.165,R_100,5
1700008008,1035.172,R_100,2
1700008009,1035.17,R_100,0
1700008010,1035.17,R_100,0
1700008011,1035.172,R_100,2
1700008012,1035.176,R_100,6
1700008013,1035.185,R_100,5
1700008014,1035.188,R_100,8
1700008015,1035.196,R_100,6
1700008016,1035.202,R_100,2
1700008017,1035.202,R_100,2
1700008018,1035.201,R_100,1
1700008019,1035.209,R_100,9
1700008020,1035.216,R_100,6
1700008021,1035.211,R_100,1
1700008022,1035.212,R_100,2
1700008023,1035.21,R_100,0
1700008024,1035.215,R_100,5
1700008025,1035.211,R_100,1
1700008026,1035.21,R_100,0
1700008027,1035.21,R_100,0
1700008028,1035.215,R_100,5
1700008029,1035.22,R_100,0
1700008030,1035.222,R_100,2
1700008031,1035.228,R_100,8
1700008032,1035.236,R_100,6
1700008033,1035.237,R_100,7
1700008034,1035.24,R_100,0
1700008035,1035.243,R_100,3
1700008036,1035.243,R_100,3
1700008037,1035.24,R_100,0
1700008038,1035.243,R_100,3
1700008039,1035.243,R_100,3
1700008040,1035.248,R_100,8
1700008041,1035.257,R_100,7
1700008042,1035.266,R_100,6
1700008043,1035.277,R_100,7
1700008044,1035.276,R_100,6
1700008045,1035.277,R_100,7
1700008046,1035.284,R_100,4
1700008047,1035.29,R_100,0
1700008048,1035.293,R_100,3
1700008049,1035.308,R_100,8
1700008050,1035.306,R_100,6
1700008051,1035.315,R_100,5
1700008052,1035.323,R_100,3
1700008053,1035.326,R_100,6
1700008054,1035.339,R_100,9
1700008055,1035.345,R_100,5
1700008056,1035.35,R_100,0
1700008057,1035.35,R_100,0
1700008058,1035.35,R_100,0
1700008059,1035.352,R_100,2
1700008060,1035.353,R_100,3
1700008061,1035.35,R_100,0
1700008062,1035.351,R_100,1
1700008063,1035.359,R_100,9
1700008064,1035.364,R_100,4
1700008065,1035.379,R_100,9
1700008066,1035.382,R_100,2
1700008067,1035.388,R_100,8
1700008068,1035.392,R_100,2
1700008069,1035.396,R_100,6
1700008070,1035.4,R_100,0
1700008071,1035.409,R_100,9
1700008072,1035.411,R_100,1
1700008073,1035.416,R_100,6
1700008074,1035.414,R_100,4
1700008075,1035.422,R_100,2
1700008076,1035.42,R_100,0
1700008077,1035.422,R_100,2
1700008078,1035.422,R_100,2
1700008079,1035.422,R_100,2
1700008080,1035.42,R_100,0
1700008081,1035.42,R_100,0
1700008082,1035.42,R_100,0
1700008083,1035.427,R_100,7
1700008084,1035.427,R_100,7
1700008085,1035.439,R_100,9
1700008086,1035.438,R_100,8
1700008087,1035.444,R_100,4
1700008088,1035.455,R_100,5
1700008089,1035.454,R_100,4
1700008090,1035.453,R_100,3
1700008091,1035.456,R_100,6
1700008092,1035.465,R_100,5
1700008093,1035.472,R_100,2
1700008094,1035.472,R_100,2
1700008095,1035.478,R_100,8
1700008096,1035.486,R_100,6
1700008097,1035.497,R_100,7
1700008098,1035.492,R_100,2
1700008099,1035.497,R_100,7
1700008100,1035.503,R_100,3
1700008101,1035.502,R_100,2
1700008102,1035.506,R_100,6
1700008103,1035.514,R_100,4
1700008104,1035.524,R_100,4
1700008105,1035.528,R_100,8
1700008106,1035.535,R_100,5
1700008107,1035.544,R_100,4
1700008108,1035.54,R_100,0
1700008109,1035.548,R_100,8
1700008110,1035.55,R_100,0
1700008111,1035.556,R_100,6
1700008112,1035.563,R_100,3
1700008113,1035.569,R_100,9
1700008114,1035.572,R_100,2
1700008115,1035.576,R_100,6
1700008116,1035.58,R_100,0
1700008117,1035.589,R_100,9
1700008118,1035.599,R_100,9
1700008119,1035.608,R_100,8
1700008120,1035.616,R_100,6
1700008121,1035.618,R_100,8
1700008122,1035.62,R_100,0
1700008123,1035.62,R_100,0
1700008124,1035.625,R_100,5
1700008125,1035.629,R_100,9
1700008126,1035.631,R_100,1
1700008127,1035.632,R_100,2
1700008128,1035.631,R_100,1
1700008129,1035.637,R_100,7
1700008130,1035.632,R_100,2
1700008131,1035.631,R_100,1
1700008132,1035.631,R_100,1
1700008133,1035.635,R_100,5
1700008134,1035.639,R_100,9
1700008135,1035.637,R_100,7
1700008136,1035.645,R_100,5
1700008137,1035.642,R_100,2
1700008138,1035.642,R_100,2
1700008139,1035.652,R_100,2
1700008140,1035.659,R_100,9
1700008141,1035.66,R_100,0
1700008142,1035.668,R_100,8
1700008143,1035.673,R_100,3
1700008144,1035.685,R_100,5
1700008145,1035.688,R_100,8
1700008146,1035.692,R_100,2
1700008147,1035.707,R_100,7
1700008148,1035.715,R_100,5
1700008149,1035.725,R_100,5
1700008150,1035.739,R_100,9
1700008151,1035.739,R_100,9
1700008152,1035.745,R_100,5
1700008153,1035.755,R_100,5
1700008154,1035.754,R_100,4
1700008155,1035.761,R_100,1
1700008156,1035.772,R_100,2
1700008157,1035.778,R_100,8
1700008158,1035.787,R_100,7
1700008159,1035.791,R_100,1
1700008160,1035.807,R_100,7
1700008161,1035.816,R_100,6
1700008162,1035.81,R_100,0
1700008163,1035.814,R_100,4
1700008164,1035.813,R_100,3
1700008165,1035.817,R_100,7
1700008166,1035.815,R_100,5
1700008167,1035.812,R_100,2
1700008168,1035.826,R_100,6
1700008169,1035.836,R_100,6
1700008170,1035.844,R_100,4
1700008171,1035.846,R_100,6
1700008172,1035.855,R_100,5
1700008173,1035.862,R_100,2
1700008174,1035.863,R_100,3
1700008175,1035.878,R_100,8
1700008176,1035.886,R_100,6
1700008177,1035.883,R_100,3
1700008178,1035.885,R_100,5
1700008179,1035.893,R_100,3
1700008180,1035.901,R_100,1
1700008181,1035.918,R_100,8
1700008182,1035.928,R_100,8
1700008183,1035.938,R_100,8
1700008184,1035.944,R_100,4
1700008185,1035.958,R_100,8
1700008186,1035.968,R_100,8
1700008187,1035.979,R_100,9
1700008188,1035.985,R_100,5
1700008189,1035.989,R_100,9
1700008190,1035.997,R_100,7
1700008191,1036.009,R_100,9
1700008192,1036.011,R_100,1
1700008193,1036.017,R_100,7
1700008194,1036.026,R_100,6
1700008195,1036.028,R_100,8
1700008196,1036.039,R_100,9
1700008197,1036.045,R_100,5
1700008198,1036.058,R_100,8
1700008199,1036.054,R_100,4
1700008200,1036.06,R_100,0
1700008201,1036.06,R_100,0
1700008202,1036.069,R_100,9
1700008203,1036.071,R_100,1
1700008204,1036.07,R_100,0
1700008205,1036.074,R_100,4
1700008206,1036.085,R_100,5
1700008207,1036.097,R_100,7
1700008208,1036.108,R_100,8
1700008209,1036.119,R_100,9
1700008210,1036.129,R_100,9
1700008211,1036.138,R_100,8
1700008212,1036.143,R_100,3
1700008213,1036.151,R_100,1
1700008214,1036.155,R_100,5
1700008215,1036.165,R_100,5
1700008216,1036.164,R_100,4
1700008217,1036.174,R_100,4
1700008218,1036.174,R_100,4
1700008219,1036.178,R_100,8
1700008220,1036.185,R_100,5
1700008221,1036.193,R_100,3
1700008222,1036.204,R_100,4
1700008223,1036.21,R_100,0
1700008224,1036.212,R_100,2
1700008225,1036.215,R_100,5
1700008226,1036.212,R_100,2
1700008227,1036.212,R_100,2
1700008228,1036.215,R_100,5
1700008229,1036.219,R_100,9
1700008230,1036.217,R_100,7
1700008231,1036.226,R_100,6
1700008232,1036.236,R_100,6
1700008233,1036.238,R_100,8
1700008234,1036.243,R_100,3
1700008235,1036.249,R_100,9
1700008236,1036.254,R_100,4
1700008237,1036.253,R_100,3
1700008238,1036.257,R_100,7
1700008239,1036.26,R_100,0
1700008240,1036.264,R_100,4
1700008241,1036.277,R_100,7
1700008242,1036.281,R_100,1
1700008243,1036.284,R_100,4
1700008244,1036.294,R_100,4
1700008245,1036.292,R_100,2
1700008246,1036.29,R_100,0
1700008247,1036.293,R_100,3
1700008248,1036.298,R_100,8
1700008249,1036.302,R_100,2
1700008250,1036.314,R_100,4
1700008251,1036.314,R_100,4
1700008252,1036.321,R_100,1
1700008253,1036.327,R_100,7
1700008254,1036.336,R_100,6
1700008255,1036.345,R_100,5
1700008256,1036.351,R_100,1
1700008257,1036.35,R_100,0
1700008258,1036.355,R_100,5
1700008259,1036.351,R_100,1
1700008260,1036.358,R_100,8
1700008261,1036.368,R_100,8
1700008262,1036.371,R_100,1
1700008263,1036.371,R_100,1
1700008264,1036.379,R_100,9
1700008265,1036.38,R_100,0
1700008266,1036.38,R_100,0
1700008267,1036.386,R_100,6
1700008268,1036.383,R_100,3
1700008269,1036.385,R_100,5
1700008270,1036.386,R_100,6
1700008271,1036.392,R_100,2
1700008272,1036.398,R_100,8
1700008273,1036.391,R_100,1
1700008274,1036.398,R_100,8
1700008275,1036.406,R_100,6
1700008276,1036.405,R_100,5
1700008277,1036.418,R_100,8
1700008278,1036.426,R_100,6
1700008279,1036.431,R_100,1
1700008280,1036.43,R_100,0
1700008281,1036.434,R_100,4
1700008282,1036.448,R_100,8
1700008283,1036.455,R_100,5
1700008284,1036.467,R_100,7
1700008285,1036.475,R_100,5
1700008286,1036.483,R_100,3
1700008287,1036.48,R_100,0
1700008288,1036.489,R_100,9
1700008289,1036.499,R_100,9
1700008290,1036.508,R_100,8
1700008291,1036.51,R_100,0
1700008292,1036.515,R_100,5
1700008293,1036.515,R_100,5
1700008294,1036.524,R_100,4
1700008295,1036.528,R_100,8
1700008296,1036.525,R_100,5
1700008297,1036.533,R_100,3
1700008298,1036.532,R_100,2
1700008299,1036.531,R_100,1
1700008300,1036.533,R_100,3
1700008301,1036.53,R_100,0
1700008302,1036.536,R_100,6
1700008303,1036.546,R_100,6
1700008304,1036.553,R_100,3
1700008305,1036.561,R_100,1
1700008306,1036.572,R_100,2
1700008307,1036.582,R_100,2
1700008308,1036.58,R_100,0
1700008309,1036.58,R_100,0
1700008310,1036.587,R_100,7
1700008311,1036.594,R_100,4
1700008312,1036.605,R_100,5
1700008313,1036.602,R_100,2
1700008314,1036.617,R_100,7
1700008315,1036.628,R_100,8
1700008316,1036.632,R_100,2
1700008317,1036.636,R_100,6
1700008318,1036.63,R_100,0
1700008319,1036.631,R_100,1
1700008320,1036.639,R_100,9
1700008321,1036.644,R_100,4
1700008322,1036.643,R_100,3
1700008323,1036.642,R_100,2
1700008324,1036.649,R_100,9
1700008325,1036.652,R_100,2
1700008326,1036.655,R_100,5
1700008327,1036.659,R_100,9
1700008328,1036.658,R_100,8
1700008329,1036.656,R_100,6
1700008330,1036.663,R_100,3
1700008331,1036.661,R_100,1
1700008332,1036.66,R_100,0
1700008333,1036.663,R_100,3
1700008334,1036.666,R_100,6
1700008335,1036.673,R_100,3
1700008336,1036.678,R_100,8
1700008337,1036.687,R_100,7
1700008338,1036.695,R_100,5
1700008339,1036.702,R_100,2
1700008340,1036.703,R_100,3
1700008341,1036.705,R_100,5
1700008342,1036.702,R_100,2
1700008343,1036.707,R_100,7
1700008344,1036.705,R_100,5
1700008345,1036.712,R_100,2
1700008346,1036.717,R_100,7
1700008347,1036.721,R_100,1
1700008348,1036.723,R_100,3
1700008349,1036.725,R_100,5
1700008350,1036.732,R_100,2
1700008351,1036.731,R_100,1
1700008352,1036.738,R_100,8
1700008353,1036.73,R_100,0
1700008354,1036.737,R_100,7
1700008355,1036.745,R_100,5
1700008356,1036.744,R_100,4
1700008357,1036.743,R_100,3
1700008358,1036.742,R_100,2
1700008359,1036.747,R_100,7
1700008360,1036.756,R_100,6
1700008361,1036.751,R_100,1
1700008362,1036.764,R_100,4
1700008363,1036.76,R_100,0
1700008364,1036.766,R_100,6
1700008365,1036.762,R_100,2
1700008366,1036.765,R_100,5
1700008367,1036.774,R_100,4
1700008368,1036.786,R_100,6
1700008369,1036.797,R_100,7
1700008370,1036.806,R_100,6
1700008371,1036.817,R_100,7
1700008372,1036.822,R_100,2
1700008373,1036.825,R_100,5
1700008374,1036.83,R_100,0
1700008375,1036.833,R_100,3
1700008376,1036.844,R_100,4
1700008377,1036.855,R_100,5
1700008378,1036.859,R_100,9
1700008379,1036.862,R_100,2
1700008380,1036.862,R_100,2
1700008381,1036.868,R_100,8
1700008382,1036.878,R_100,8
1700008383,1036.881,R_100,1
1700008384,1036.882,R_100,2
1700008385,1036.884,R_100,4
1700008386,1036.898,R_100,8
1700008387,1036.896,R_100,6
1700008388,1036.895,R_100,5
1700008389,1036.904,R_100,4
1700008390,1036.916,R_100,6
1700008391,1036.914,R_100,4
1700008392,1036.915,R_100,5
1700008393,1036.919,R_100,9
1700008394,1036.928,R_100,8
1700008395,1036.938,R_100,8
1700008396,1036.945,R_100,5
1700008397,1036.952,R_100,2
1700008398,1036.958,R_100,8
1700008399,1036.969,R_100,9
1700008400,1036.978,R_100,8
1700008401,1036.981,R_100,1
1700008402,1036.983,R_100,3
1700008403,1036.992,R_100,2
1700008404,1036.99,R_100,0
1700008405,1036.993,R_100,3
1700008406,1036.991,R_100,1
1700008407,1036.993,R_100,3
1700008408,1036.999,R_100,9
1700008409,1036.995,R_100,5
1700008410,1037.006,R_100,6
1700008411,1037.019,R_100,9
1700008412,1037.022,R_100,2
1700008413,1037.036,R_100,6
1700008414,1037.035,R_100,5
1700008415,1037.037,R_100,7
1700008416,1037.048,R_100,8
1700008417,1037.058,R_100,8
1700008418,1037.067,R_100,7
1700008419,1037.077,R_100,7
1700008420,1037.086,R_100,6
1700008421,1037.082,R_100,2
1700008422,1037.088,R_100,8
1700008423,1037.098,R_100,8
1700008424,1037.108,R_100,8
1700008425,1037.116,R_100,6
1700008426,1037.129,R_100,9
1700008427,1037.136,R_100,6
1700008428,1037.144,R_100,4
1700008429,1037.142,R_100,2
1700008430,1037.14,R_100,0
1700008431,1037.145,R_100,5
1700008432,1037.146,R_100,6
1700008433,1037.153,R_100,3
1700008434,1037.153,R_100,3
1700008435,1037.157,R_100,7
1700008436,1037.162,R_100,2
1700008437,1037.16,R_100,0
1700008438,1037.161,R_100,1
1700008439,1037.165,R_100,5
1700008440,1037.177,R_100,7
1700008441,1037.17,R_100,0
1700008442,1037.171,R_100,1
1700008443,1037.17,R_100,0
1700008444,1037.176,R_100,6
1700008445,1037.189,R_100,9
1700008446,1037.192,R_100,2
1700008447,1037.196,R_100,6
1700008448,1037.194,R_100,4
1700008449,1037.196,R_100,6
1700008450,1037.207,R_100,7
1700008451,1037.213,R_100,3
1700008452,1037.217,R_100,7
1700008453,1037.223,R_100,3
1700008454,1037.22,R_100,0
1700008455,1037.227,R_100,7
1700008456,1037.238,R_100,8
1700008457,1037.249,R_100,9
1700008458,1037.256,R_100,6
1700008459,1037.267,R_100,7
1700008460,1037.273,R_100,3
1700008461,1037.279,R_100,9
1700008462,1037.283,R_100,3
1700008463,1037.282,R_100,2
1700008464,1037.282,R_100,2
1700008465,1037.289,R_100,9
1700008466,1037.293,R_100,3
1700008467,1037.291,R_100,1
1700008468,1037.292,R_100,2
1700008469,1037.3,R_100,0
1700008470,1037.309,R_100,9
1700008471,1037.313,R_100,3
1700008472,1037.312,R_100,2
1700008473,1037.316,R_100,6
1700008474,1037.312,R_100,2
1700008475,1037.322,R_100,2
1700008476,1037.327,R_100,7
1700008477,1037.336,R_100,6
1700008478,1037.333,R_100,3
1700008479,1037.349,R_100,9
1700008480,1037.354,R_100,4
1700008481,1037.361,R_100,1
1700008482,1037.363,R_100,3
1700008483,1037.364,R_100,4
1700008484,1037.368,R_100,8
1700008485,1037.37,R_100,0
1700008486,1037.376,R_100,6
1700008487,1037.385,R_100,5
1700008488,1037.381,R_100,1
1700008489,1037.381,R_100,1
1700008490,1037.398,R_100,8
1700008491,1037.397,R_100,7
1700008492,1037.402,R_100,2
1700008493,1037.402,R_100,2
1700008494,1037.409,R_100,9
1700008495,1037.413,R_100,3
1700008496,1037.415,R_100,5
1700008497,1037.421,R_100,1
1700008498,1037.426,R_100,6
1700008499,1037.437,R_100,7
1700008500,1037.43,R_100,0
1700008501,1037.435,R_100,5
1700008502,1037.436,R_100,6
1700008503,1037.441,R_100,1
1700008504,1037.446,R_100,6
1700008505,1037.454,R_100,4
1700008506,1037.45,R_100,0
1700008507,1037.452,R_100,2
1700008508,1037.456,R_100,6
1700008509,1037.46,R_100,0
1700008510,1037.462,R_100,2
1700008511,1037.464,R_100,4
1700008512,1037.466,R_100,6
1700008513,1037.473,R_100,3
1700008514,1037.477,R_100,7
1700008515,1037.482,R_100,2
1700008516,1037.49,R_100,0
1700008517,1037.494,R_100,4
1700008518,1037.5,R_100,0
1700008519,1037.507,R_100,7
1700008520,1037.51,R_100,0
1700008521,1037.512,R_100,2
1700008522,1037.517,R_100,7
1700008523,1037.523,R_100,3
1700008524,1037.538,R_100,8
1700008525,1037.546,R_100,6
1700008526,1037.555,R_100,5
1700008527,1037.565,R_100,5
1700008528,1037.571,R_100,1
1700008529,1037.571,R_100,1
1700008530,1037.575,R_100,5
1700008531,1037.586,R_100,6
1700008532,1037.597,R_100,7
1700008533,1037.592,R_100,2
1700008534,1037.597,R_100,7
1700008535,1037.606,R_100,6
1700008536,1037.603,R_100,3
1700008537,1037.609,R_100,9
1700008538,1037.618,R_100,8
1700008539,1037.624,R_100,4
1700008540,1037.62,R_100,0
1700008541,1037.628,R_100,8
1700008542,1037.629,R_100,9
1700008543,1037.633,R_100,3
1700008544,1037.633,R_100,3
1700008545,1037.635,R_100,5
1700008546,1037.636,R_100,6
1700008547,1037.648,R_100,8
1700008548,1037.651,R_100,1
1700008549,1037.651,R_100,1
1700008550,1037.655,R_100,5
1700008551,1037.656,R_100,6
1700008552,1037.669,R_100,9
1700008553,1037.679,R_100,9
1700008554,1037.687,R_100,7
1700008555,1037.697,R_100,7
1700008556,1037.709,R_100,9
1700008557,1037.715,R_100,5
1700008558,1037.711,R_100,1
1700008559,1037.712,R_100,2
1700008560,1037.713,R_100,3
1700008561,1037.718,R_100,8
1700008562,1037.722,R_100,2
1700008563,1037.726,R_100,6
1700008564,1037.739,R_100,9
1700008565,1037.745,R_100,5
1700008566,1037.745,R_100,5
1700008567,1037.745,R_100,5
1700008568,1037.751,R_100,1
1700008569,1037.756,R_100,6
1700008570,1037.75,R_100,0
1700008571,1037.754,R_100,4
1700008572,1037.76,R_100,0
1700008573,1037.768,R_100,8
1700008574,1037.778,R_100,8
1700008575,1037.786,R_100,6
1700008576,1037.797,R_100,7
1700008577,1037.799,R_100,9
1700008578,1037.806,R_100,6
1700008579,1037.818,R_100,8
1700008580,1037.824,R_100,4
1700008581,1037.821,R_100,1
1700008582,1037.82,R_100,0
1700008583,1037.826,R_100,6
1700008584,1037.826,R_100,6
1700008585,1037.839,R_100,9
1700008586,1037.844,R_100,4
1700008587,1037.848,R_100,8
1700008588,1037.844,R_100,4
1700008589,1037.855,R_100,5
1700008590,1037.869,R_100,9
1700008591,1037.874,R_100,4
1700008592,1037.887,R_100,7
1700008593,1037.881,R_100,1
1700008594,1037.889,R_100,9
1700008595,1037.893,R_100,3
1700008596,1037.904,R_100,4
1700008597,1037.902,R_100,2
1700008598,1037.908,R_100,8
1700008599,1037.915,R_100,5
1700008600,1037.913,R_100,3
1700008601,1037.91,R_100,0
1700008602,1037.919,R_100,9
1700008603,1037.922,R_100,2
1700008604,1037.937,R_100,7
1700008605,1037.943,R_100,3
1700008606,1037.941,R_100,1
1700008607,1037.948,R_100,8
1700008608,1037.957,R_100,7
1700008609,1037.962,R_100,2
1700008610,1037.969,R_100,9
1700008611,1037.976,R_100,6
1700008612,1037.981,R_100,1
1700008613,1037.989,R_100,9
1700008614,1037.984,R_100,4
1700008615,1037.993,R_100,3
1700008616,1038.002,R_100,2
1700008617,1038.003,R_100,3
1700008618,1038.008,R_100,8
1700008619,1038.017,R_100,7
1700008620,1038.019,R_100,9
1700008621,1038.025,R_100,5
1700008622,1038.039,R_100,9
1700008623,1038.046,R_100,6
1700008624,1038.054,R_100,4
1700008625,1038.059,R_100,9
1700008626,1038.069,R_100,9
1700008627,1038.078,R_100,8
1700008628,1038.08,R_100,0
1700008629,1038.082,R_100,2
1700008630,1038.084,R_100,4
1700008631,1038.082,R_100,2
1700008632,1038.088,R_100,8
1700008633,1038.094,R_100,4
1700008634,1038.102,R_100,2
1700008635,1038.106,R_100,6
1700008636,1038.116,R_100,6
1700008637,1038.124,R_100,4
1700008638,1038.12,R_100,0
1700008639,1038.127,R_100,7
1700008640,1038.128,R_100,8
1700008641,1038.139,R_100,9
1700008642,1038.146,R_100,6
1700008643,1038.144,R_100,4
1700008644,1038.144,R_100,4
1700008645,1038.143,R_100,3
1700008646,1038.147,R_100,7
1700008647,1038.143,R_100,3
1700008648,1038.15,R_100,0
1700008649,1038.151,R_100,1
1700008650,1038.155,R_100,5
1700008651,1038.152,R_100,2
1700008652,1038.157,R_100,7
1700008653,1038.161,R_100,1
1700008654,1038.16,R_100,0
1700008655,1038.16,R_100,0
1700008656,1038.165,R_100,5
1700008657,1038.179,R_100,9
1700008658,1038.188,R_100,8
1700008659,1038.189,R_100,9
1700008660,1038.191,R_100,1
1700008661,1038.199,R_100,9
1700008662,1038.2,R_100,0
1700008663,1038.204,R_100,4
1700008664,1038.206,R_100,6
1700008665,1038.212,R_100,2
1700008666,1038.228,R_100,8
1700008667,1038.235,R_100,5
1700008668,1038.246,R_100,6
1700008669,1038.244,R_100,4
1700008670,1038.255,R_100,5
1700008671,1038.252,R_100,2
1700008672,1038.258,R_100,8
1700008673,1038.26,R_100,0
1700008674,1038.266,R_100,6
1700008675,1038.265,R_100,5
1700008676,1038.27,R_100,0
1700008677,1038.276,R_100,6
1700008678,1038.282,R_100,2
1700008679,1038.282,R_100,2
1700008680,1038.284,R_100,4
1700008681,1038.298,R_100,8
1700008682,1038.301,R_100,1
1700008683,1038.309,R_100,9
1700008684,1038.314,R_100,4
1700008685,1038.328,R_100,8
1700008686,1038.332,R_100,2
1700008687,1038.336,R_100,6
1700008688,1038.335,R_100,5
1700008689,1038.335,R_100,5
1700008690,1038.347,R_100,7
1700008691,1038.353,R_100,3
1700008692,1038.357,R_100,7
1700008693,1038.361,R_100,1
1700008694,1038.368,R_100,8
1700008695,1038.374,R_100,4
1700008696,1038.381,R_100,1
1700008697,1038.386,R_100,6
1700008698,1038.395,R_100,5
1700008699,1038.393,R_100,3
1700008700,1038.399,R_100,9
1700008701,1038.406,R_100,6
1700008702,1038.419,R_100,9
1700008703,1038.425,R_100,5
1700008704,1038.439,R_100,9
1700008705,1038.449,R_100,9
1700008706,1038.459,R_100,9
1700008707,1038.461,R_100,1
1700008708,1038.463,R_100,3
1700008709,1038.466,R_100,6
1700008710,1038.473,R_100,3
1700008711,1038.475,R_100,5
1700008712,1038.473,R_100,3
1700008713,1038.478,R_100,8
1700008714,1038.485,R_100,5
1700008715,1038.49,R_100,0
1700008716,1038.495,R_100,5
1700008717,1038.509,R_100,9
1700008718,1038.51,R_100,0
1700008719,1038.515,R_100,5
1700008720,1038.515,R_100,5
1700008721,1038.518,R_100,8
1700008722,1038.521,R_100,1
1700008723,1038.533,R_100,3
1700008724,1038.535,R_100,5
1700008725,1038.544,R_100,4
1700008726,1038.55,R_100,0
1700008727,1038.551,R_100,1
1700008728,1038.558,R_100,8
1700008729,1038.56,R_100,0
1700008730,1038.563,R_100,3
1700008731,1038.565,R_100,5
1700008732,1038.561,R_100,1
1700008733,1038.565,R_100,5
1700008734,1038.572,R_100,2
1700008735,1038.577,R_100,7
1700008736,1038.58,R_100,0
1700008737,1038.58,R_100,0
1700008738,1038.588,R_100,8
1700008739,1038.59,R_100,0
1700008740,1038.596,R_100,6
1700008741,1038.604,R_100,4
1700008742,1038.61,R_100,0
1700008743,1038.611,R_100,1
1700008744,1038.618,R_100,8
1700008745,1038.611,R_100,1
1700008746,1038.612,R_100,2
1700008747,1038.616,R_100,6
1700008748,1038.623,R_100,3
1700008749,1038.627,R_100,7
1700008750,1038.631,R_100,1
1700008751,1038.63,R_100,0
1700008752,1038.633,R_100,3
1700008753,1038.639,R_100,9
1700008754,1038.646,R_100,6
1700008755,1038.648,R_100,8
1700008756,1038.65,R_100,0
1700008757,1038.652,R_100,2
1700008758,1038.653,R_100,3
1700008759,1038.656,R_100,6
1700008760,1038.653,R_100,3
1700008761,1038.652,R_100,2
1700008762,1038.655,R_100,5
1700008763,1038.656,R_100,6
1700008764,1038.659,R_100,9
1700008765,1038.668,R_100,8
1700008766,1038.678,R_100,8
1700008767,1038.672,R_100,2
1700008768,1038.673,R_100,3
1700008769,1038.673,R_100,3
1700008770,1038.671,R_100,1
1700008771,1038.673,R_100,3
1700008772,1038.678,R_100,8
1700008773,1038.689,R_100,9
1700008774,1038.699,R_100,9
1700008775,1038.708,R_100,8
1700008776,1038.719,R_100,9
1700008777,1038.712,R_100,2
1700008778,1038.729,R_100,9
1700008779,1038.734,R_100,4
1700008780,1038.745,R_100,5
1700008781,1038.749,R_100,9
1700008782,1038.751,R_100,1
1700008783,1038.759,R_100,9
1700008784,1038.767,R_100,7
1700008785,1038.777,R_100,7
1700008786,1038.78,R_100,0
1700008787,1038.783,R_100,3
1700008788,1038.782,R_100,2
1700008789,1038.786,R_100,6
1700008790,1038.795,R_100,5
1700008791,1038.791,R_100,1
1700008792,1038.797,R_100,7
1700008793,1038.808,R_100,8
1700008794,1038.815,R_100,5
1700008795,1038.829,R_100,9
1700008796,1038.83,R_100,0
1700008797,1038.835,R_100,5
1700008798,1038.832,R_100,2
1700008799,1038.833,R_100,3
1700008800,1038.836,R_100,6
1700008801,1038.84,R_100,0
1700008802,1038.847,R_100,7
1700008803,1038.852,R_100,2
1700008804,1038.854,R_100,4
1700008805,1038.868,R_100,8
1700008806,1038.875,R_100,5
1700008807,1038.873,R_100,3
1700008808,1038.871,R_100,1
1700008809,1038.874,R_100,4
1700008810,1038.874,R_100,4
1700008811,1038.878,R_100,8
1700008812,1038.873,R_100,3
1700008813,1038.88,R_100,0
1700008814,1038.885,R_100,5
1700008815,1038.899,R_100,9
1700008816,1038.908,R_100,8
1700008817,1038.916,R_100,6
1700008818,1038.925,R_100,5
1700008819,1038.938,R_100,8
1700008820,1038.949,R_100,9
1700008821,1038.959,R_100,9
1700008822,1038.966,R_100,6
1700008823,1038.967,R_100,7
1700008824,1038.966,R_100,6
1700008825,1038.968,R_100,8
1700008826,1038.977,R_100,7
1700008827,1038.984,R_100,4
1700008828,1038.987,R_100,7
1700008829,1038.983,R_100,3
1700008830,1038.999,R_100,9
1700008831,1038.99,R_100,0
1700008832,1038.994,R_100,4
1700008833,1039.009,R_100,9
1700008834,1039.018,R_100,8
1700008835,1039.022,R_100,2
1700008836,1039.021,R_100,1
1700008837,1039.027,R_100,7
1700008838,1039.032,R_100,2
1700008839,1039.035,R_100,5
1700008840,1039.032,R_100,2
1700008841,1039.03,R_100,0
1700008842,1039.037,R_100,7
1700008843,1039.04,R_100,0
1700008844,1039.044,R_100,4
1700008845,1039.054,R_100,4
1700008846,1039.069,R_100,9
1700008847,1039.077,R_100,7
1700008848,1039.081,R_100,1
1700008849,1039.091,R_100,1
1700008850,1039.093,R_100,3
1700008851,1039.097,R_100,7
1700008852,1039.093,R_100,3
1700008853,1039.092,R_100,2
1700008854,1039.107,R_100,7
1700008855,1039.118,R_100,8
1700008856,1039.128,R_100,8
1700008857,1039.129,R_100,9
1700008858,1039.135,R_100,5
1700008859,1039.141,R_100,1
1700008860,1039.149,R_100,9
1700008861,1039.154,R_100,4
1700008862,1039.167,R_100,7
1700008863,1039.173,R_100,3
1700008864,1039.189,R_100,9
1700008865,1039.193,R_100,3
1700008866,1039.194,R_100,4
1700008867,1039.191,R_100,1
1700008868,1039.192,R_100,2
1700008869,1039.194,R_100,4
1700008870,1039.194,R_100,4
1700008871,1039.199,R_100,9
1700008872,1039.196,R_100,6
1700008873,1039.206,R_100,6
1700008874,1039.204,R_100,4
1700008875,1039.208,R_100,8
1700008876,1039.215,R_100,5
1700008877,1039.211,R_100,1
1700008878,1039.21,R_100,0
1700008879,1039.219,R_100,9
1700008880,1039.225,R_100,5
1700008881,1039.238,R_100,8
1700008882,1039.248,R_100,8
1700008883,1039.253,R_100,3
1700008884,1039.268,R_100,8
1700008885,1039.262,R_100,2
1700008886,1039.265,R_100,5
1700008887,1039.262,R_100,2
1700008888,1039.275,R_100,5
1700008889,1039.286,R_100,6
1700008890,1039.295,R_100,5
1700008891,1039.306,R_100,6
1700008892,1039.317,R_100,7
1700008893,1039.321,R_100,1
1700008894,1039.337,R_100,7
1700008895,1039.344,R_100,4
1700008896,1039.343,R_100,3
1700008897,1039.346,R_100,6
1700008898,1039.355,R_100,5
1700008899,1039.367,R_100,7
1700008900,1039.371,R_100,1
1700008901,1039.379,R_100,9
1700008902,1039.38,R_100,0
1700008903,1039.381,R_100,1
1700008904,1039.382,R_100,2
1700008905,1039.394,R_100,4
1700008906,1039.394,R_100,4
1700008907,1039.395,R_100,5
1700008908,1039.397,R_100,7
1700008909,1039.401,R_100,1
1700008910,1039.408,R_100,8
1700008911,1039.412,R_100,2
1700008912,1039.419,R_100,9
1700008913,1039.411,R_100,1
1700008914,1039.414,R_100,4
1700008915,1039.426,R_100,6
1700008916,1039.437,R_100,7
1700008917,1039.437,R_100,7
1700008918,1039.431,R_100,1
1700008919,1039.433,R_100,3
1700008920,1039.438,R_100,8
1700008921,1039.448,R_100,8
1700008922,1039.455,R_100,5
1700008923,1039.458,R_100,8
1700008924,1039.467,R_100,7
1700008925,1039.478,R_100,8
1700008926,1039.475,R_100,5
1700008927,1039.476,R_100,6
1700008928,1039.483,R_100,3
1700008929,1039.486,R_100,6
1700008930,1039.499,R_100,9
1700008931,1039.508,R_100,8
1700008932,1039.504,R_100,4
1700008933,1039.504,R_100,4
1700008934,1039.514,R_100,4
1700008935,1039.526,R_100,6
1700008936,1039.538,R_100,8
1700008937,1039.543,R_100,3
1700008938,1039.545,R_100,5
1700008939,1039.545,R_100,5
1700008940,1039.552,R_100,2
1700008941,1039.563,R_100,3
1700008942,1039.571,R_100,1
1700008943,1039.577,R_100,7
1700008944,1039.584,R_100,4
1700008945,1039.583,R_100,3
1700008946,1039.593,R_100,3
1700008947,1039.606,R_100,6
1700008948,1039.614,R_100,4
1700008949,1039.615,R_100,5
1700008950,1039.624,R_100,4
1700008951,1039.625,R_100,5
1700008952,1039.625,R_100,5
1700008953,1039.629,R_100,9
1700008954,1039.635,R_100,5
1700008955,1039.646,R_100,6
1700008956,1039.657,R_100,7
1700008957,1039.653,R_100,3
1700008958,1039.656,R_100,6
1700008959,1039.651,R_100,1
1700008960,1039.655,R_100,5
1700008961,1039.657,R_100,7
1700008962,1039.668,R_100,8
1700008963,1039.666,R_100,6
1700008964,1039.67,R_100,0
1700008965,1039.67,R_100,0
1700008966,1039.675,R_100,5
1700008967,1039.685,R_100,5
1700008968,1039.69,R_100,0
1700008969,1039.69,R_100,0
1700008970,1039.697,R_100,7
1700008971,1039.693,R_100,3
1700008972,1039.694,R_100,4
1700008973,1039.691,R_100,1
1700008974,1039.708,R_100,8
1700008975,1039.715,R_100,5
1700008976,1039.729,R_100,9
1700008977,1039.733,R_100,3
1700008978,1039.744,R_100,4
1700008979,1039.756,R_100,6
1700008980,1039.768,R_100,8
1700008981,1039.774,R_100,4
1700008982,1039.784,R_100,4
1700008983,1039.791,R_100,1
1700008984,1039.798,R_100,8
1700008985,1039.804,R_100,4
1700008986,1039.806,R_100,6
1700008987,1039.81,R_100,0
1700008988,1039.812,R_100,2
1700008989,1039.815,R_100,5
1700008990,1039.827,R_100,7
1700008991,1039.825,R_100,5
1700008992,1039.822,R_100,2
1700008993,1039.828,R_100,8
1700008994,1039.834,R_100,4
1700008995,1039.84,R_100,0
1700008996,1039.849,R_100,9
1700008997,1039.854,R_100,4
1700008998,1039.866,R_100,6
1700008999,1039.878,R_100,8
1700009000,1039.883,R_100,3
1700009001,1039.882,R_100,2
1700009002,1039.885,R_100,5
1700009003,1039.897,R_100,7
1700009004,1039.902,R_100,2
1700009005,1039.904,R_100,4
1700009006,1039.901,R_100,1
1700009007,1039.915,R_100,5
1700009008,1039.916,R_100,6
1700009009,1039.919,R_100,9
1700009010,1039.928,R_100,8
1700009011,1039.934,R_100,4
1700009012,1039.939,R_100,9
1700009013,1039.94,R_100,0
1700009014,1039.947,R_100,7
1700009015,1039.95,R_100,0
1700009016,1039.955,R_100,5
1700009017,1039.952,R_100,2
1700009018,1039.953,R_100,3
1700009019,1039.958,R_100,8
1700009020,1039.961,R_100,1
1700009021,1039.968,R_100,8
1700009022,1039.977,R_100,7
1700009023,1039.983,R_100,3
1700009024,1039.988,R_100,8
1700009025,1039.986,R_100,6
1700009026,1039.996,R_100,6
1700009027,1039.991,R_100,1
1700009028,1039.993,R_100,3
1700009029,1039.992,R_100,2
1700009030,1039.999,R_100,9
1700009031,1040.001,R_100,1
1700009032,1040.008,R_100,8
1700009033,1040.012,R_100,2
1700009034,1040.012,R_100,2
1700009035,1040.018,R_100,8
1700009036,1040.02,R_100,0
1700009037,1040.028,R_100,8
1700009038,1040.035,R_100,5
1700009039,1040.034,R_100,4
1700009040,1040.032,R_100,2
1700009041,1040.036,R_100,6
1700009042,1040.034,R_100,4
1700009043,1040.036,R_100,6
1700009044,1040.045,R_100,5
1700009045,1040.057,R_100,7
1700009046,1040.05,R_100,0
1700009047,1040.056,R_100,6
1700009048,1040.062,R_100,2
1700009049,1040.068,R_100,8
1700009050,1040.079,R_100,9
1700009051,1040.086,R_100,6
1700009052,1040.09,R_100,0
1700009053,1040.092,R_100,2
1700009054,1040.104,R_100,4
1700009055,1040.119,R_100,9
1700009056,1040.121,R_100,1
1700009057,1040.126,R_100,6
1700009058,1040.134,R_100,4
1700009059,1040.143,R_100,3
1700009060,1040.143,R_100,3
1700009061,1040.151,R_100,1
1700009062,1040.158,R_100,8
1700009063,1040.163,R_100,3
1700009064,1040.16,R_100,0
1700009065,1040.163,R_100,3
1700009066,1040.176,R_100,6
1700009067,1040.176,R_100,6
1700009068,1040.177,R_100,7
1700009069,1040.18,R_100,0
1700009070,1040.187,R_100,7
1700009071,1040.18,R_100,0
1700009072,1040.184,R_100,4
1700009073,1040.19,R_100,0
1700009074,1040.194,R_100,4
1700009075,1040.199,R_100,9
1700009076,1040.206,R_100,6
1700009077,1040.217,R_100,7
1700009078,1040.218,R_100,8
1700009079,1040.217,R_100,7
1700009080,1040.226,R_100,6
1700009081,1040.237,R_100,7
1700009082,1040.248,R_100,8
1700009083,1040.244,R_100,4
1700009084,1040.244,R_100,4
1700009085,1040.243,R_100,3
1700009086,1040.259,R_100,9
1700009087,1040.26,R_100,0
1700009088,1040.262,R_100,2
1700009089,1040.278,R_100,8
1700009090,1040.282,R_100,2
1700009091,1040.287,R_100,7
1700009092,1040.298,R_100,8
1700009093,1040.301,R_100,1
1700009094,1040.305,R_100,5
1700009095,1040.301,R_100,1
1700009096,1040.306,R_100,6
1700009097,1040.318,R_100,8
1700009098,1040.328,R_100,8
1700009099,1040.337,R_100,7
1700009100,1040.346,R_100,6
1700009101,1040.351,R_100,1
1700009102,1040.357,R_100,7
1700009103,1040.35,R_100,0
1700009104,1040.357,R_100,7
1700009105,1040.351,R_100,1
1700009106,1040.363,R_100,3
1700009107,1040.368,R_100,8
1700009108,1040.376,R_100,6
1700009109,1040.386,R_100,6
1700009110,1040.381,R_100,1
1700009111,1040.389,R_100,9
1700009112,1040.39,R_100,0
1700009113,1040.391,R_100,1
1700009114,1040.392,R_100,2
1700009115,1040.392,R_100,2
1700009116,1040.393,R_100,3
1700009117,1040.399,R_100,9
1700009118,1040.403,R_100,3
1700009119,1040.402,R_100,2
1700009120,1040.413,R_100,3
1700009121,1040.412,R_100,2
1700009122,1040.416,R_100,6
1700009123,1040.412,R_100,2
1700009124,1040.411,R_100,1
1700009125,1040.418,R_100,8
1700009126,1040.429,R_100,9
1700009127,1040.435,R_100,5
1700009128,1040.443,R_100,3
1700009129,1040.443,R_100,3
1700009130,1040.444,R_100,4
1700009131,1040.44,R_100,0
1700009132,1040.447,R_100,7
1700009133,1040.459,R_100,9
1700009134,1040.463,R_100,3
1700009135,1040.467,R_100,7
1700009136,1040.468,R_100,8
1700009137,1040.473,R_100,3
1700009138,1040.473,R_100,3
1700009139,1040.471,R_100,1
1700009140,1040.479,R_100,9
1700009141,1040.487,R_100,7
1700009142,1040.496,R_100,6
1700009143,1040.495,R_100,5
1700009144,1040.495,R_100,5
1700009145,1040.49,R_100,0
1700009146,1040.491,R_100,1
1700009147,1040.499,R_100,9
1700009148,1040.503,R_100,3
1700009149,1040.505,R_100,5
1700009150,1040.502,R_100,2
1700009151,1040.504,R_100,4
1700009152,1040.518,R_100,8
1700009153,1040.518,R_100,8
1700009154,1040.521,R_100,1
1700009155,1040.528,R_100,8
1700009156,1040.521,R_100,1
1700009157,1040.532,R_100,2
1700009158,1040.536,R_100,6
1700009159,1040.548,R_100,8
1700009160,1040.555,R_100,5
1700009161,1040.566,R_100,6
1700009162,1040.573,R_100,3
1700009163,1040.578,R_100,8
1700009164,1040.584,R_100,4
1700009165,1040.585,R_100,5
1700009166,1040.587,R_100,7
1700009167,1040.592,R_100,2
1700009168,1040.599,R_100,9
1700009169,1040.604,R_100,4
1700009170,1040.617,R_100,7
1700009171,1040.624,R_100,4
1700009172,1040.633,R_100,3
1700009173,1040.63,R_100,0
1700009174,1040.639,R_100,9
1700009175,1040.646,R_100,6
1700009176,1040.641,R_100,1
1700009177,1040.647,R_100,7
1700009178,1040.656,R_100,6
1700009179,1040.665,R_100,5
1700009180,1040.664,R_100,4
1700009181,1040.671,R_100,1
1700009182,1040.679,R_100,9
1700009183,1040.686,R_100,6
1700009184,1040.683,R_100,3
1700009185,1040.685,R_100,5
1700009186,1040.692,R_100,2
1700009187,1040.69,R_100,0
1700009188,1040.698,R_100,8
1700009189,1040.696,R_100,6
1700009190,1040.69,R_100,0
1700009191,1040.696,R_100,6
1700009192,1040.695,R_100,5
1700009193,1040.705,R_100,5
1700009194,1040.711,R_100,1
1700009195,1040.71,R_100,0
1700009196,1040.716,R_100,6
1700009197,1040.728,R_100,8
1700009198,1040.732,R_100,2
1700009199,1040.737,R_100,7
1700009200,1040.731,R_100,1
1700009201,1040.736,R_100,6
1700009202,1040.739,R_100,9
1700009203,1040.748,R_100,8
1700009204,1040.755,R_100,5
1700009205,1040.752,R_100,2
1700009206,1040.765,R_100,5
1700009207,1040.778,R_100,8
1700009208,1040.77,R_100,0
1700009209,1040.776,R_100,6
1700009210,1040.787,R_100,7
1700009211,1040.799,R_100,9
1700009212,1040.804,R_100,4
1700009213,1040.803,R_100,3
1700009214,1040.803,R_100,3
1700009215,1040.808,R_100,8
1700009216,1040.815,R_100,5
1700009217,1040.825,R_100,5
1700009218,1040.823,R_100,3
1700009219,1040.821,R_100,1
1700009220,1040.822,R_100,2
1700009221,1040.836,R_100,6
1700009222,1040.844,R_100,4
1700009223,1040.842,R_100,2
1700009224,1040.849,R_100,9
1700009225,1040.853,R_100,3
1700009226,1040.861,R_100,1
1700009227,1040.863,R_100,3
1700009228,1040.868,R_100,8
1700009229,1040.868,R_100,8
1700009230,1040.879,R_100,9
1700009231,1040.882,R_100,2
1700009232,1040.881,R_100,1
1700009233,1040.887,R_100,7
1700009234,1040.895,R_100,5
1700009235,1040.907,R_100,7
1700009236,1040.919,R_100,9
1700009237,1040.921,R_100,1
1700009238,1040.92,R_100,0
1700009239,1040.921,R_100,1
1700009240,1040.926,R_100,6
1700009241,1040.93,R_100,0
1700009242,1040.928,R_100,8
1700009243,1040.933,R_100,3
1700009244,1040.948,R_100,8
1700009245,1040.944,R_100,4
1700009246,1040.951,R_100,1
1700009247,1040.959,R_100,9
1700009248,1040.954,R_100,4
1700009249,1040.952,R_100,2
1700009250,1040.958,R_100,8
1700009251,1040.965,R_100,5
1700009252,1040.971,R_100,1
1700009253,1040.987,R_100,7
1700009254,1040.994,R_100,4
1700009255,1040.999,R_100,9
1700009256,1040.992,R_100,2
1700009257,1040.998,R_100,8
1700009258,1041.007,R_100,7
1700009259,1041.015,R_100,5
1700009260,1041.016,R_100,6
1700009261,1041.022,R_100,2
1700009262,1041.036,R_100,6
1700009263,1041.037,R_100,7
1700009264,1041.043,R_100,3
1700009265,1041.041,R_100,1
1700009266,1041.056,R_100,6
1700009267,1041.069,R_100,9
1700009268,1041.072,R_100,2
1700009269,1041.074,R_100,4
1700009270,1041.076,R_100,6
1700009271,1041.088,R_100,8
1700009272,1041.098,R_100,8
1700009273,1041.1,R_100,0
1700009274,1041.107,R_100,7
1700009275,1041.107,R_100,7
1700009276,1041.116,R_100,6
1700009277,1041.124,R_100,4
1700009278,1041.127,R_100,7
1700009279,1041.132,R_100,2
1700009280,1041.138,R_100,8
1700009281,1041.145,R_100,5
1700009282,1041.144,R_100,4
1700009283,1041.145,R_100,5
1700009284,1041.143,R_100,3
1700009285,1041.141,R_100,1
1700009286,1041.145,R_100,5
1700009287,1041.144,R_100,4
1700009288,1041.156,R_100,6
1700009289,1041.164,R_100,4
1700009290,1041.161,R_100,1
1700009291,1041.163,R_100,3
1700009292,1041.162,R_100,2
1700009293,1041.179,R_100,9
1700009294,1041.181,R_100,1
1700009295,1041.185,R_100,5
1700009296,1041.18,R_100,0
1700009297,1041.185,R_100,5
1700009298,1041.18,R_100,0
1700009299,1041.183,R_100,3
1700009300,1041.181,R_100,1
1700009301,1041.181,R_100,1
1700009302,1041.188,R_100,8
1700009303,1041.184,R_100,4
1700009304,1041.182,R_100,2
1700009305,1041.187,R_100,7
1700009306,1041.199,R_100,9
1700009307,1041.205,R_100,5
1700009308,1041.212,R_100,2
1700009309,1041.213,R_100,3
1700009310,1041.217,R_100,7
1700009311,1041.223,R_100,3
1700009312,1041.223,R_100,3
1700009313,1041.234,R_100,4
1700009314,1041.234,R_100,4
1700009315,1041.233,R_100,3
1700009316,1041.236,R_100,6
1700009317,1041.238,R_100,8
1700009318,1041.235,R_100,5
1700009319,1041.234,R_100,4
1700009320,1041.232,R_100,2
1700009321,1041.236,R_100,6
1700009322,1041.249,R_100,9
1700009323,1041.244,R_100,4
1700009324,1041.259,R_100,9
1700009325,1041.26,R_100,0
1700009326,1041.263,R_100,3
1700009327,1041.271,R_100,1
1700009328,1041.271,R_100,1
1700009329,1041.272,R_100,2
1700009330,1041.274,R_100,4
1700009331,1041.274,R_100,4
1700009332,1041.275,R_100,5
1700009333,1041.274,R_100,4
1700009334,1041.286,R_100,6
1700009335,1041.286,R_100,6
1700009336,1041.287,R_100,7
1700009337,1041.299,R_100,9
1700009338,1041.307,R_100,7
1700009339,1041.314,R_100,4
1700009340,1041.324,R_100,4
1700009341,1041.336,R_100,6
1700009342,1041.331,R_100,1
1700009343,1041.331,R_100,1
1700009344,1041.339,R_100,9
1700009345,1041.34,R_100,0
1700009346,1041.345,R_100,5
1700009347,1041.352,R_100,2
1700009348,1041.352,R_100,2
1700009349,1041.358,R_100,8
1700009350,1041.367,R_100,7
1700009351,1041.377,R_100,7
1700009352,1041.382,R_100,2
1700009353,1041.382,R_100,2
1700009354,1041.383,R_100,3
1700009355,1041.383,R_100,3
1700009356,1041.393,R_100,3
1700009357,1041.392,R_100,2
1700009358,1041.39,R_100,0
1700009359,1041.395,R_100,5
1700009360,1041.4,R_100,0
1700009361,1041.398,R_100,8
1700009362,1041.404,R_100,4
1700009363,1041.408,R_100,8
1700009364,1041.408,R_100,8
1700009365,1041.406,R_100,6
1700009366,1041.417,R_100,7
1700009367,1041.417,R_100,7
1700009368,1041.422,R_100,2
1700009369,1041.421,R_100,1
1700009370,1041.422,R_100,2
1700009371,1041.433,R_100,3
1700009372,1041.433,R_100,3
1700009373,1041.434,R_100,4
1700009374,1041.434,R_100,4
1700009375,1041.437,R_100,7
1700009376,1041.449,R_100,9
1700009377,1041.45,R_100,0
1700009378,1041.456,R_100,6
1700009379,1041.464,R_100,4
1700009380,1041.477,R_100,7
1700009381,1041.474,R_100,4
1700009382,1041.485,R_100,5
1700009383,1041.486,R_100,6
1700009384,1041.485,R_100,5
1700009385,1041.482,R_100,2
1700009386,1041.484,R_100,4
1700009387,1041.488,R_100,8
1700009388,1041.494,R_100,4
1700009389,1041.499,R_100,9
1700009390,1041.503,R_100,3
1700009391,1041.502,R_100,2
1700009392,1041.514,R_100,4
1700009393,1041.523,R_100,3
1700009394,1041.531,R_100,1
1700009395,1041.532,R_100,2
1700009396,1041.533,R_100,3
1700009397,1041.539,R_100,9
1700009398,1041.544,R_100,4
1700009399,1041.558,R_100,8
1700009400,1041.565,R_100,5
1700009401,1041.574,R_100,4
1700009402,1041.574,R_100,4
1700009403,1041.579,R_100,9
1700009404,1041.588,R_100,8
1700009405,1041.59,R_100,0
1700009406,1041.597,R_100,7
1700009407,1041.609,R_100,9
1700009408,1041.619,R_100,9
1700009409,1041.624,R_100,4
1700009410,1041.623,R_100,3
1700009411,1041.628,R_100,8
1700009412,1041.633,R_100,3
1700009413,1041.631,R_100,1
1700009414,1041.639,R_100,9
1700009415,1041.641,R_100,1
1700009416,1041.643,R_100,3
1700009417,1041.645,R_100,5
1700009418,1041.646,R_100,6
1700009419,1041.655,R_100,5
1700009420,1041.651,R_100,1
1700009421,1041.657,R_100,7
1700009422,1041.654,R_100,4
1700009423,1041.65,R_100,0
1700009424,1041.657,R_100,7
1700009425,1041.661,R_100,1
1700009426,1041.665,R_100,5
1700009427,1041.661,R_100,1
1700009428,1041.664,R_100,4
1700009429,1041.662,R_100,2
1700009430,1041.663,R_100,3
1700009431,1041.665,R_100,5
1700009432,1041.673,R_100,3
1700009433,1041.679,R_100,9
1700009434,1041.688,R_100,8
1700009435,1041.693,R_100,3
1700009436,1041.708,R_100,8
1700009437,1041.713,R_100,3
1700009438,1041.712,R_100,2
1700009439,1041.713,R_100,3
1700009440,1041.714,R_100,4
1700009441,1041.724,R_100,4
1700009442,1041.738,R_100,8
1700009443,1041.745,R_100,5
1700009444,1041.757,R_100,7
1700009445,1041.764,R_100,4
1700009446,1041.763,R_100,3
1700009447,1041.768,R_100,8
1700009448,1041.764,R_100,4
1700009449,1041.762,R_100,2
1700009450,1041.765,R_100,5
1700009451,1041.772,R_100,2
1700009452,1041.779,R_100,9
1700009453,1041.786,R_100,6
1700009454,1041.783,R_100,3
1700009455,1041.797,R_100,7
1700009456,1041.8,R_100,0
1700009457,1041.805,R_100,5
1700009458,1041.814,R_100,4
1700009459,1041.814,R_100,4
1700009460,1041.824,R_100,4
1700009461,1041.826,R_100,6
1700009462,1041.82,R_100,0
1700009463,1041.828,R_100,8
1700009464,1041.835,R_100,5
1700009465,1041.845,R_100,5
1700009466,1041.856,R_100,6
1700009467,1041.859,R_100,9
1700009468,1041.86,R_100,0
1700009469,1041.866,R_100,6
1700009470,1041.868,R_100,8
1700009471,1041.876,R_100,6
1700009472,1041.888,R_100,8
1700009473,1041.889,R_100,9
1700009474,1041.897,R_100,7
1700009475,1041.908,R_100,8
1700009476,1041.911,R_100,1
1700009477,1041.91,R_100,0
1700009478,1041.91,R_100,0
1700009479,1041.91,R_100,0
1700009480,1041.913,R_100,3
1700009481,1041.927,R_100,7
1700009482,1041.922,R_100,2
1700009483,1041.925,R_100,5
1700009484,1041.92,R_100,0
1700009485,1041.922,R_100,2
1700009486,1041.921,R_100,1
1700009487,1041.925,R_100,5
1700009488,1041.922,R_100,2
1700009489,1041.934,R_100,4
1700009490,1041.93,R_100,0
1700009491,1041.938,R_100,8
1700009492,1041.949,R_100,9
1700009493,1041.958,R_100,8
1700009494,1041.967,R_100,7
1700009495,1041.978,R_100,8
1700009496,1041.985,R_100,5
1700009497,1041.986,R_100,6
1700009498,1041.997,R_100,7
1700009499,1042.002,R_100,2
1700009500,1042.009,R_100,9
1700009501,1042.012,R_100,2
1700009502,1042.027,R_100,7
1700009503,1042.039,R_100,9
1700009504,1042.045,R_100,5
1700009505,1042.048,R_100,8
1700009506,1042.051,R_100,1
1700009507,1042.056,R_100,6
1700009508,1042.057,R_100,7
1700009509,1042.057,R_100,7
1700009510,1042.063,R_100,3
1700009511,1042.074,R_100,4
1700009512,1042.078,R_100,8
1700009513,1042.08,R_100,0
1700009514,1042.081,R_100,1
1700009515,1042.087,R_100,7
1700009516,1042.099,R_100,9
1700009517,1042.107,R_100,7
1700009518,1042.117,R_100,7
1700009519,1042.125,R_100,5
1700009520,1042.122,R_100,2
1700009521,1042.122,R_100,2
1700009522,1042.129,R_100,9
1700009523,1042.137,R_100,7
1700009524,1042.14,R_100,0
1700009525,1042.147,R_100,7
1700009526,1042.158,R_100,8
1700009527,1042.16,R_100,0
1700009528,1042.168,R_100,8
1700009529,1042.172,R_100,2
1700009530,1042.176,R_100,6
1700009531,1042.177,R_100,7
1700009532,1042.178,R_100,8
1700009533,1042.179,R_100,9
1700009534,1042.18,R_100,0
1700009535,1042.177,R_100,7
1700009536,1042.189,R_100,9
1700009537,1042.19,R_100,0
1700009538,1042.184,R_100,4
1700009539,1042.195,R_100,5
1700009540,1042.19,R_100,0
1700009541,1042.199,R_100,9
1700009542,1042.208,R_100,8
1700009543,1042.217,R_100,7
1700009544,1042.221,R_100,1
1700009545,1042.227,R_100,7
1700009546,1042.221,R_100,1
1700009547,1042.229,R_100,9
1700009548,1042.235,R_100,5
1700009549,1042.24,R_100,0
1700009550,1042.241,R_100,1
1700009551,1042.244,R_100,4
1700009552,1042.241,R_100,1
1700009553,1042.244,R_100,4
1700009554,1042.252,R_100,2
1700009555,1042.262,R_100,2
1700009556,1042.27,R_100,0
1700009557,1042.27,R_100,0
1700009558,1042.277,R_100,7
1700009559,1042.28,R_100,0
1700009560,1042.281,R_100,1
1700009561,1042.283,R_100,3
1700009562,1042.28,R_100,0
1700009563,1042.281,R_100,1
1700009564,1042.287,R_100,7
1700009565,1042.294,R_100,4
1700009566,1042.294,R_100,4
1700009567,1042.297,R_100,7
1700009568,1042.308,R_100,8
1700009569,1042.314,R_100,4
1700009570,1042.314,R_100,4
1700009571,1042.313,R_100,3
1700009572,1042.316,R_100,6
1700009573,1042.313,R_100,3
1700009574,1042.31,R_100,0
1700009575,1042.31,R_100,0
1700009576,1042.315,R_100,5
1700009577,1042.318,R_100,8
1700009578,1042.321,R_100,1
1700009579,1042.329,R_100,9
1700009580,1042.337,R_100,7
1700009581,1042.348,R_100,8
1700009582,1042.358,R_100,8
1700009583,1042.361,R_100,1
1700009584,1042.365,R_100,5
1700009585,1042.372,R_100,2
1700009586,1042.37,R_100,0
1700009587,1042.378,R_100,8
1700009588,1042.388,R_100,8
1700009589,1042.396,R_100,6
1700009590,1042.407,R_100,7
1700009591,1042.411,R_100,1
1700009592,1042.417,R_100,7
1700009593,1042.413,R_100,3
1700009594,1042.416,R_100,6
1700009595,1042.425,R_100,5
1700009596,1042.435,R_100,5
1700009597,1042.448,R_100,8
1700009598,1042.452,R_100,2
1700009599,1042.453,R_100,3
1700009600,1042.452,R_100,2
1700009601,1042.459,R_100,9
1700009602,1042.463,R_100,3
1700009603,1042.466,R_100,6
1700009604,1042.469,R_100,9
1700009605,1042.475,R_100,5
1700009606,1042.486,R_100,6
1700009607,1042.498,R_100,8
1700009608,1042.504,R_100,4
1700009609,1042.517,R_100,7
1700009610,1042.516,R_100,6
1700009611,1042.525,R_100,5
1700009612,1042.531,R_100,1
1700009613,1042.532,R_100,2
1700009614,1042.545,R_100,5
1700009615,1042.54,R_100,0
1700009616,1042.541,R_100,1
1700009617,1042.558,R_100,8
1700009618,1042.558,R_100,8
1700009619,1042.555,R_100,5
1700009620,1042.558,R_100,8
1700009621,1042.552,R_100,2
1700009622,1042.558,R_100,8
1700009623,1042.569,R_100,9
1700009624,1042.57,R_100,0
1700009625,1042.579,R_100,9
1700009626,1042.588,R_100,8
1700009627,1042.598,R_100,8
1700009628,1042.593,R_100,3
1700009629,1042.595,R_100,5
1700009630,1042.599,R_100,9
1700009631,1042.6,R_100,0
1700009632,1042.605,R_100,5
1700009633,1042.6,R_100,0
1700009634,1042.605,R_100,5
1700009635,1042.616,R_100,6
1700009636,1042.626,R_100,6
1700009637,1042.635,R_100,5
1700009638,1042.643,R_100,3
1700009639,1042.649,R_100,9
1700009640,1042.655,R_100,5
1700009641,1042.663,R_100,3
1700009642,1042.674,R_100,4
1700009643,1042.676,R_100,6
1700009644,1042.676,R_100,6
1700009645,1042.688,R_100,8
1700009646,1042.697,R_100,7
1700009647,1042.698,R_100,8
1700009648,1042.709,R_100,9
1700009649,1042.717,R_100,7
1700009650,1042.723,R_100,3
1700009651,1042.729,R_100,9
1700009652,1042.732,R_100,2
1700009653,1042.737,R_100,7
1700009654,1042.736,R_100,6
1700009655,1042.745,R_100,5
1700009656,1042.758,R_100,8
1700009657,1042.767,R_100,7
1700009658,1042.774,R_100,4
1700009659,1042.786,R_100,6
1700009660,1042.798,R_100,8
1700009661,1042.806,R_100,6
1700009662,1042.809,R_100,9
1700009663,1042.819,R_100,9
1700009664,1042.825,R_100,5
1700009665,1042.831,R_100,1
1700009666,1042.837,R_100,7
1700009667,1042.847,R_100,7
1700009668,1042.85,R_100,0
1700009669,1042.853,R_100,3
1700009670,1042.859,R_100,9
1700009671,1042.868,R_100,8
1700009672,1042.866,R_100,6
1700009673,1042.878,R_100,8
1700009674,1042.889,R_100,9
1700009675,1042.898,R_100,8
1700009676,1042.899,R_100,9
1700009677,1042.895,R_100,5
1700009678,1042.899,R_100,9
1700009679,1042.907,R_100,7
1700009680,1042.914,R_100,4
1700009681,1042.928,R_100,8
1700009682,1042.938,R_100,8
1700009683,1042.949,R_100,9
1700009684,1042.958,R_100,8
1700009685,1042.951,R_100,1
1700009686,1042.954,R_100,4
1700009687,1042.969,R_100,9
1700009688,1042.973,R_100,3
1700009689,1042.987,R_100,7
1700009690,1042.993,R_100,3
1700009691,1042.994,R_100,4
1700009692,1042.995,R_100,5
1700009693,1042.994,R_100,4
1700009694,1042.997,R_100,7
1700009695,1043.007,R_100,7
1700009696,1043.008,R_100,8
1700009697,1043.015,R_100,5
1700009698,1043.029,R_100,9
1700009699,1043.031,R_100,1
1700009700,1043.046,R_100,6
1700009701,1043.051,R_100,1
1700009702,1043.054,R_100,4
1700009703,1043.068,R_100,8
1700009704,1043.072,R_100,2
1700009705,1043.078,R_100,8
1700009706,1043.07,R_100,0
1700009707,1043.07,R_100,0
1700009708,1043.077,R_100,7
1700009709,1043.081,R_100,1
1700009710,1043.082,R_100,2
1700009711,1043.095,R_100,5
1700009712,1043.107,R_100,7
1700009713,1043.116,R_100,6
1700009714,1043.127,R_100,7
1700009715,1043.125,R_100,5
1700009716,1043.121,R_100,1
1700009717,1043.123,R_100,3
1700009718,1043.128,R_100,8
1700009719,1043.138,R_100,8
1700009720,1043.144,R_100,4
1700009721,1043.145,R_100,5
1700009722,1043.141,R_100,1
1700009723,1043.149,R_100,9
1700009724,1043.157,R_100,7
1700009725,1043.166,R_100,6
1700009726,1043.16,R_100,0
1700009727,1043.162,R_100,2
1700009728,1043.169,R_100,9
1700009729,1043.177,R_100,7
1700009730,1043.17,R_100,0
1700009731,1043.173,R_100,3
1700009732,1043.176,R_100,6
1700009733,1043.172,R_100,2
1700009734,1043.17,R_100,0
1700009735,1043.172,R_100,2
1700009736,1043.183,R_100,3
1700009737,1043.181,R_100,1
1700009738,1043.188,R_100,8
1700009739,1043.19,R_100,0
1700009740,1043.198,R_100,8
1700009741,1043.205,R_100,5
1700009742,1043.202,R_100,2
1700009743,1043.207,R_100,7
1700009744,1043.209,R_100,9
1700009745,1043.218,R_100,8
1700009746,1043.224,R_100,4
1700009747,1043.234,R_100,4
1700009748,1043.247,R_100,7
1700009749,1043.245,R_100,5
1700009750,1043.257,R_100,7
1700009751,1043.261,R_100,1
1700009752,1043.261,R_100,1
1700009753,1043.261,R_100,1
1700009754,1043.279,R_100,9
1700009755,1043.284,R_100,4
1700009756,1043.285,R_100,5
1700009757,1043.293,R_100,3
1700009758,1043.297,R_100,7
1700009759,1043.298,R_100,8
1700009760,1043.304,R_100,4
1700009761,1043.303,R_100,3
1700009762,1043.309,R_100,9
1700009763,1043.314,R_100,4
1700009764,1043.326,R_100,6
1700009765,1043.337,R_100,7
1700009766,1043.332,R_100,2
1700009767,1043.334,R_100,4
1700009768,1043.331,R_100,1
1700009769,1043.335,R_100,5
1700009770,1043.338,R_100,8
1700009771,1043.347,R_100,7
1700009772,1043.359,R_100,9
1700009773,1043.369,R_100,9
1700009774,1043.377,R_100,7
1700009775,1043.373,R_100,3
1700009776,1043.376,R_100,6
1700009777,1043.379,R_100,9
1700009778,1043.389,R_100,9
1700009779,1043.398,R_100,8
1700009780,1043.4,R_100,0
1700009781,1043.401,R_100,1
1700009782,1043.401,R_100,1
1700009783,1043.408,R_100,8
1700009784,1043.412,R_100,2
1700009785,1043.417,R_100,7
1700009786,1043.424,R_100,4
1700009787,1043.427,R_100,7
1700009788,1043.432,R_100,2
1700009789,1043.437,R_100,7
1700009790,1043.433,R_100,3
1700009791,1043.438,R_100,8
1700009792,1043.431,R_100,1
1700009793,1043.432,R_100,2
1700009794,1043.432,R_100,2
1700009795,1043.449,R_100,9
1700009796,1043.451,R_100,1
1700009797,1043.457,R_100,7
1700009798,1043.452,R_100,2
1700009799,1043.458,R_100,8
1700009800,1043.466,R_100,6
1700009801,1043.464,R_100,4
1700009802,1043.477,R_100,7
1700009803,1043.471,R_100,1
1700009804,1043.472,R_100,2
1700009805,1043.479,R_100,9
1700009806,1043.484,R_100,4
1700009807,1043.494,R_100,4
1700009808,1043.49,R_100,0
1700009809,1043.49,R_100,0
1700009810,1043.492,R_100,2
1700009811,1043.502,R_100,2
1700009812,1043.5,R_100,0
1700009813,1043.505,R_100,5
1700009814,1043.506,R_100,6
1700009815,1043.515,R_100,5
1700009816,1043.529,R_100,9
1700009817,1043.53,R_100,0
1700009818,1043.535,R_100,5
1700009819,1043.537,R_100,7
1700009820,1043.536,R_100,6
1700009821,1043.536,R_100,6
1700009822,1043.537,R_100,7
1700009823,1043.548,R_100,8
1700009824,1043.541,R_100,1
1700009825,1043.559,R_100,9
1700009826,1043.566,R_100,6
1700009827,1043.566,R_100,6
1700009828,1043.566,R_100,6
1700009829,1043.569,R_100,9
1700009830,1043.576,R_100,6
1700009831,1043.583,R_100,3
1700009832,1043.594,R_100,4
1700009833,1043.596,R_100,6
1700009834,1043.599,R_100,9
1700009835,1043.607,R_100,7
1700009836,1043.604,R_100,4
1700009837,1043.6,R_100,0
1700009838,1043.603,R_100,3
1700009839,1043.605,R_100,5
1700009840,1043.601,R_100,1
1700009841,1043.607,R_100,7
1700009842,1043.614,R_100,4
1700009843,1043.619,R_100,9
1700009844,1043.624,R_100,4
1700009845,1043.629,R_100,9
1700009846,1043.636,R_100,6
1700009847,1043.639,R_100,9
1700009848,1043.646,R_100,6
1700009849,1043.658,R_100,8
1700009850,1043.664,R_100,4
1700009851,1043.667,R_100,7
1700009852,1043.667,R_100,7
1700009853,1043.676,R_100,6
1700009854,1043.674,R_100,4
1700009855,1043.682,R_100,2
1700009856,1043.684,R_100,4
1700009857,1043.683,R_100,3
1700009858,1043.697,R_100,7
1700009859,1043.707,R_100,7
1700009860,1043.716,R_100,6
1700009861,1043.712,R_100,2
1700009862,1043.711,R_100,1
1700009863,1043.714,R_100,4
1700009864,1043.726,R_100,6
1700009865,1043.731,R_100,1
1700009866,1043.731,R_100,1
1700009867,1043.733,R_100,3
1700009868,1043.732,R_100,2
1700009869,1043.745,R_100,5
1700009870,1043.751,R_100,1
1700009871,1043.756,R_100,6
1700009872,1043.752,R_100,2
1700009873,1043.761,R_100,1
1700009874,1043.765,R_100,5
1700009875,1043.778,R_100,8
1700009876,1043.789,R_100,9
1700009877,1043.794,R_100,4
1700009878,1043.799,R_100,9
1700009879,1043.806,R_100,6
1700009880,1043.814,R_100,4
1700009881,1043.811,R_100,1
1700009882,1043.815,R_100,5
1700009883,1043.81,R_100,0
1700009884,1043.814,R_100,4
1700009885,1043.815,R_100,5
1700009886,1043.829,R_100,9
1700009887,1043.833,R_100,3
1700009888,1043.835,R_100,5
1700009889,1043.831,R_100,1
1700009890,1043.838,R_100,8
1700009891,1043.844,R_100,4
1700009892,1043.857,R_100,7
1700009893,1043.867,R_100,7
1700009894,1043.879,R_100,9
1700009895,1043.881,R_100,1
1700009896,1043.895,R_100,5
1700009897,1043.899,R_100,9
1700009898,1043.902,R_100,2
1700009899,1043.904,R_100,4
1700009900,1043.907,R_100,7
1700009901,1043.918,R_100,8
1700009902,1043.915,R_100,5
1700009903,1043.917,R_100,7
1700009904,1043.913,R_100,3
1700009905,1043.918,R_100,8
1700009906,1043.925,R_100,5
1700009907,1043.927,R_100,7
1700009908,1043.925,R_100,5
1700009909,1043.92,R_100,0
1700009910,1043.921,R_100,1
1700009911,1043.923,R_100,3
1700009912,1043.92,R_100,0
1700009913,1043.923,R_100,3
1700009914,1043.933,R_100,3
1700009915,1043.931,R_100,1
1700009916,1043.938,R_100,8
1700009917,1043.948,R_100,8
1700009918,1043.95,R_100,0
1700009919,1043.955,R_100,5
1700009920,1043.952,R_100,2
1700009921,1043.952,R_100,2
1700009922,1043.959,R_100,9
1700009923,1043.969,R_100,9
1700009924,1043.96,R_100,0
1700009925,1043.961,R_100,1
1700009926,1043.964,R_100,4
1700009927,1043.969,R_100,9
1700009928,1043.97,R_100,0
1700009929,1043.972,R_100,2
1700009930,1043.972,R_100,2
1700009931,1043.976,R_100,6
1700009932,1043.981,R_100,1
1700009933,1043.985,R_100,5
1700009934,1043.991,R_100,1
1700009935,1043.994,R_100,4
1700009936,1043.996,R_100,6
1700009937,1044.007,R_100,7
1700009938,1044.017,R_100,7
1700009939,1044.023,R_100,3
1700009940,1044.025,R_100,5
1700009941,1044.037,R_100,7
1700009942,1044.042,R_100,2
1700009943,1044.049,R_100,9
1700009944,1044.059,R_100,9
1700009945,1044.068,R_100,8
1700009946,1044.079,R_100,9
1700009947,1044.084,R_100,4
1700009948,1044.087,R_100,7
1700009949,1044.089,R_100,9
1700009950,1044.096,R_100,6
1700009951,1044.095,R_100,5
1700009952,1044.099,R_100,9
1700009953,1044.108,R_100,8
1700009954,1044.105,R_100,5
1700009955,1044.117,R_100,7
1700009956,1044.125,R_100,5
1700009957,1044.138,R_100,8
1700009958,1044.142,R_100,2
1700009959,1044.154,R_100,4
1700009960,1044.151,R_100,1
1700009961,1044.158,R_100,8
1700009962,1044.163,R_100,3
1700009963,1044.168,R_100,8
1700009964,1044.174,R_100,4
1700009965,1044.176,R_100,6
1700009966,1044.184,R_100,4
1700009967,1044.19,R_100,0
1700009968,1044.192,R_100,2
1700009969,1044.199,R_100,9
1700009970,1044.201,R_100,1
1700009971,1044.203,R_100,3
1700009972,1044.202,R_100,2
1700009973,1044.206,R_100,6
1700009974,1044.207,R_100,7
1700009975,1044.213,R_100,3
1700009976,1044.217,R_100,7
1700009977,1044.221,R_100,1
1700009978,1044.225,R_100,5
1700009979,1044.221,R_100,1
1700009980,1044.228,R_100,8
1700009981,1044.22,R_100,0
1700009982,1044.22,R_100,0
1700009983,1044.223,R_100,3
1700009984,1044.22,R_100,0
1700009985,1044.221,R_100,1
1700009986,1044.228,R_100,8
1700009987,1044.23,R_100,0
1700009988,1044.237,R_100,7
1700009989,1044.242,R_100,2
1700009990,1044.241,R_100,1
1700009991,1044.249,R_100,9
1700009992,1044.255,R_100,5
1700009993,1044.254,R_100,4
1700009994,1044.251,R_100,1
1700009995,1044.254,R_100,4
1700009996,1044.262,R_100,2
1700009997,1044.278,R_100,8
1700009998,1044.288,R_100,8
1700009999,1044.29,R_100,0
1700010000,1044.298,R_100,8
1700010001,1044.301,R_100,1
1700010002,1044.309,R_100,9
1700010003,1044.315,R_100,5
1700010004,1044.327,R_100,7
1700010005,1044.32,R_100,0
1700010006,1044.322,R_100,2
1700010007,1044.335,R_100,5
1700010008,1044.34,R_100,0
1700010009,1044.356,R_100,6
1700010010,1044.366,R_100,6
1700010011,1044.369,R_100,9
1700010012,1044.372,R_100,2
1700010013,1044.381,R_100,1
1700010014,1044.385,R_100,5
1700010015,1044.386,R_100,6
1700010016,1044.395,R_100,5
1700010017,1044.409,R_100,9
1700010018,1044.411,R_100,1
1700010019,1044.413,R_100,3
1700010020,1044.428,R_100,8
1700010021,1044.423,R_100,3
1700010022,1044.424,R_100,4
1700010023,1044.421,R_100,1
1700010024,1044.428,R_100,8
1700010025,1044.438,R_100,8
1700010026,1044.439,R_100,9
1700010027,1044.447,R_100,7
1700010028,1044.45,R_100,0
1700010029,1044.455,R_100,5
1700010030,1044.468,R_100,8
1700010031,1044.465,R_100,5
1700010032,1044.471,R_100,1
1700010033,1044.474,R_100,4
1700010034,1044.477,R_100,7
1700010035,1044.485,R_100,5
1700010036,1044.496,R_100,6
1700010037,1044.492,R_100,2
1700010038,1044.497,R_100,7
1700010039,1044.508,R_100,8
1700010040,1044.51,R_100,0
1700010041,1044.517,R_100,7
1700010042,1044.528,R_100,8
1700010043,1044.53,R_100,0
1700010044,1044.531,R_100,1
1700010045,1044.535,R_100,5
1700010046,1044.532,R_100,2
1700010047,1044.548,R_100,8
1700010048,1044.553,R_100,3
1700010049,1044.561,R_100,1
1700010050,1044.566,R_100,6
1700010051,1044.569,R_100,9
1700010052,1044.57,R_100,0
1700010053,1044.57,R_100,0
1700010054,1044.576,R_100,6
1700010055,1044.583,R_100,3
1700010056,1044.59,R_100,0
1700010057,1044.595,R_100,5
1700010058,1044.607,R_100,7
1700010059,1044.612,R_100,2
1700010060,1044.624,R_100,4
1700010061,1044.622,R_100,2
1700010062,1044.625,R_100,5
1700010063,1044.629,R_100,9
1700010064,1044.637,R_100,7
1700010065,1044.648,R_100,8
1700010066,1044.651,R_100,1
1700010067,1044.652,R_100,2
1700010068,1044.653,R_100,3
1700010069,1044.662,R_100,2
1700010070,1044.66,R_100,0
1700010071,1044.664,R_100,4
1700010072,1044.66,R_100,0
1700010073,1044.663,R_100,3
1700010074,1044.673,R_100,3
1700010075,1044.686,R_100,6
1700010076,1044.695,R_100,5
1700010077,1044.697,R_100,7
1700010078,1044.697,R_100,7
1700010079,1044.698,R_100,8
1700010080,1044.703,R_100,3
1700010081,1044.703,R_100,3
1700010082,1044.703,R_100,3
1700010083,1044.705,R_100,5
1700010084,1044.709,R_100,9
1700010085,1044.718,R_100,8
1700010086,1044.728,R_100,8
1700010087,1044.73,R_100,0
1700010088,1044.732,R_100,2
1700010089,1044.734,R_100,4
1700010090,1044.735,R_100,5
1700010091,1044.739,R_100,9
1700010092,1044.747,R_100,7
1700010093,1044.752,R_100,2
1700010094,1044.759,R_100,9
1700010095,1044.764,R_100,4
1700010096,1044.773,R_100,3
1700010097,1044.776,R_100,6
1700010098,1044.786,R_100,6
1700010099,1044.784,R_100,4
1700010100,1044.786,R_100,6
1700010101,1044.791,R_100,1
1700010102,1044.791,R_100,1
1700010103,1044.797,R_100,7
1700010104,1044.808,R_100,8
1700010105,1044.811,R_100,1
1700010106,1044.825,R_100,5
1700010107,1044.834,R_100,4
1700010108,1044.84,R_100,0
1700010109,1044.846,R_100,6
1700010110,1044.859,R_100,9
1700010111,1044.868,R_100,8
1700010112,1044.879,R_100,9
1700010113,1044.87,R_100,0
1700010114,1044.874,R_100,4
1700010115,1044.889,R_100,9
1700010116,1044.897,R_100,7
1700010117,1044.907,R_100,7
1700010118,1044.919,R_100,9
1700010119,1044.925,R_100,5
1700010120,1044.925,R_100,5
1700010121,1044.928,R_100,8
1700010122,1044.929,R_100,9
1700010123,1044.937,R_100,7
1700010124,1044.937,R_100,7
1700010125,1044.938,R_100,8
1700010126,1044.939,R_100,9
1700010127,1044.947,R_100,7
1700010128,1044.954,R_100,4
1700010129,1044.968,R_100,8
1700010130,1044.976,R_100,6
1700010131,1044.98,R_100,0
1700010132,1044.98,R_100,0
1700010133,1044.983,R_100,3
1700010134,1044.984,R_100,4
1700010135,1044.981,R_100,1
1700010136,1044.983,R_100,3
1700010137,1044.99,R_100,0
1700010138,1044.99,R_100,0
1700010139,1044.997,R_100,7
1700010140,1045.005,R_100,5
1700010141,1045.004,R_100,4
1700010142,1045.011,R_100,1
1700010143,1045.014,R_100,4
1700010144,1045.013,R_100,3
1700010145,1045.028,R_100,8
1700010146,1045.033,R_100,3
1700010147,1045.042,R_100,2
1700010148,1045.042,R_100,2
1700010149,1045.058,R_100,8
1700010150,1045.065,R_100,5
1700010151,1045.075,R_100,5
1700010152,1045.088,R_100,8
1700010153,1045.091,R_100,1
1700010154,1045.099,R_100,9
1700010155,1045.109,R_100,9
1700010156,1045.114,R_100,4
1700010157,1045.119,R_100,9
1700010158,1045.122,R_100,2
1700010159,1045.131,R_100,1
1700010160,1045.135,R_100,5
1700010161,1045.131,R_100,1
1700010162,1045.134,R_100,4
1700010163,1045.13,R_100,0
1700010164,1045.131,R_100,1
1700010165,1045.142,R_100,2
1700010166,1045.15,R_100,0
1700010167,1045.157,R_100,7
1700010168,1045.164,R_100,4
1700010169,1045.162,R_100,2
1700010170,1045.177,R_100,7
1700010171,1045.189,R_100,9
1700010172,1045.198,R_100,8
1700010173,1045.2,R_100,0
1700010174,1045.207,R_100,7
1700010175,1045.212,R_100,2
1700010176,1045.219,R_100,9
1700010177,1045.21,R_100,0
1700010178,1045.215,R_100,5
1700010179,1045.228,R_100,8
1700010180,1045.235,R_100,5
1700010181,1045.239,R_100,9
1700010182,1045.243,R_100,3
1700010183,1045.251,R_100,1
1700010184,1045.265,R_100,5
1700010185,1045.277,R_100,7
1700010186,1045.28,R_100,0
1700010187,1045.286,R_100,6
1700010188,1045.282,R_100,2
1700010189,1045.289,R_100,9
1700010190,1045.293,R_100,3
1700010191,1045.303,R_100,3
1700010192,1045.307,R_100,7
1700010193,1045.312,R_100,2
1700010194,1045.317,R_100,7
1700010195,1045.329,R_100,9
1700010196,1045.333,R_100,3
1700010197,1045.348,R_100,8
1700010198,1045.351,R_100,1
1700010199,1045.355,R_100,5
1700010200,1045.362,R_100,2
1700010201,1045.366,R_100,6
1700010202,1045.379,R_100,9
1700010203,1045.38,R_100,0
1700010204,1045.385,R_100,5
1700010205,1045.389,R_100,9
1700010206,1045.396,R_100,6
1700010207,1045.404,R_100,4
1700010208,1045.41,R_100,0
1700010209,1045.411,R_100,1
1700010210,1045.411,R_100,1
1700010211,1045.416,R_100,6
1700010212,1045.412,R_100,2
1700010213,1045.41,R_100,0
1700010214,1045.411,R_100,1
1700010215,1045.412,R_100,2
1700010216,1045.411,R_100,1
1700010217,1045.413,R_100,3
1700010218,1045.419,R_100,9
1700010219,1045.429,R_100,9
1700010220,1045.437,R_100,7
1700010221,1045.444,R_100,4
1700010222,1045.442,R_100,2
1700010223,1045.449,R_100,9
1700010224,1045.447,R_100,7
1700010225,1045.446,R_100,6
1700010226,1045.45,R_100,0
1700010227,1045.458,R_100,8
1700010228,1045.462,R_100,2
1700010229,1045.466,R_100,6
1700010230,1045.47,R_100,0
1700010231,1045.47,R_100,0
1700010232,1045.471,R_100,1
1700010233,1045.476,R_100,6
1700010234,1045.471,R_100,1
1700010235,1045.474,R_100,4
1700010236,1045.476,R_100,6
1700010237,1045.481,R_100,1
1700010238,1045.489,R_100,9
1700010239,1045.489,R_100,9
1700010240,1045.497,R_100,7
1700010241,1045.503,R_100,3
1700010242,1045.509,R_100,9
1700010243,1045.516,R_100,6
1700010244,1045.511,R_100,1
1700010245,1045.516,R_100,6
1700010246,1045.527,R_100,7
1700010247,1045.538,R_100,8
1700010248,1045.532,R_100,2
1700010249,1045.531,R_100,1
1700010250,1045.531,R_100,1
1700010251,1045.531,R_100,1
1700010252,1045.538,R_100,8
1700010253,1045.548,R_100,8
1700010254,1045.553,R_100,3
1700010255,1045.551,R_100,1
1700010256,1045.563,R_100,3
1700010257,1045.568,R_100,8
1700010258,1045.565,R_100,5
1700010259,1045.567,R_100,7
1700010260,1045.57,R_100,0
1700010261,1045.57,R_100,0
1700010262,1045.579,R_100,9
1700010263,1045.587,R_100,7
1700010264,1045.594,R_100,4
1700010265,1045.594,R_100,4
1700010266,1045.599,R_100,9
1700010267,1045.602,R_100,2
1700010268,1045.61,R_100,0
1700010269,1045.616,R_100,6
1700010270,1045.627,R_100,7
1700010271,1045.637,R_100,7
1700010272,1045.639,R_100,9
1700010273,1045.648,R_100,8
1700010274,1045.659,R_100,9
1700010275,1045.658,R_100,8
1700010276,1045.668,R_100,8
1700010277,1045.663,R_100,3
1700010278,1045.664,R_100,4
1700010279,1045.678,R_100,8
1700010280,1045.674,R_100,4
1700010281,1045.676,R_100,6
1700010282,1045.68,R_100,0
1700010283,1045.685,R_100,5
1700010284,1045.682,R_100,2
1700010285,1045.688,R_100,8
1700010286,1045.691,R_100,1
1700010287,1045.694,R_100,4
1700010288,1045.697,R_100,7
1700010289,1045.707,R_100,7
1700010290,1045.703,R_100,3
1700010291,1045.705,R_100,5
1700010292,1045.708,R_100,8
1700010293,1045.718,R_100,8
1700010294,1045.725,R_100,5
1700010295,1045.727,R_100,7
1700010296,1045.731,R_100,1
1700010297,1045.737,R_100,7
1700010298,1045.731,R_100,1
1700010299,1045.736,R_100,6
1700010300,1045.749,R_100,9
1700010301,1045.754,R_100,4
1700010302,1045.752,R_100,2
1700010303,1045.768,R_100,8
1700010304,1045.779,R_100,9
1700010305,1045.782,R_100,2
1700010306,1045.788,R_100,8
1700010307,1045.792,R_100,2
1700010308,1045.804,R_100,4
1700010309,1045.802,R_100,2
1700010310,1045.807,R_100,7
1700010311,1045.809,R_100,9
1700010312,1045.81,R_100,0
1700010313,1045.815,R_100,5
1700010314,1045.815,R_100,5
1700010315,1045.822,R_100,2
1700010316,1045.822,R_100,2
1700010317,1045.839,R_100,9
1700010318,1045.842,R_100,2
1700010319,1045.844,R_100,4
1700010320,1045.844,R_100,4
1700010321,1045.855,R_100,5
1700010322,1045.867,R_100,7
1700010323,1045.87,R_100,0
1700010324,1045.87,R_100,0
1700010325,1045.871,R_100,1
1700010326,1045.875,R_100,5
1700010327,1045.882,R_100,2
1700010328,1045.893,R_100,3
1700010329,1045.909,R_100,9
1700010330,1045.919,R_100,9
1700010331,1045.928,R_100,8
1700010332,1045.922,R_100,2
1700010333,1045.934,R_100,4
1700010334,1045.934,R_100,4
1700010335,1045.934,R_100,4
1700010336,1045.931,R_100,1
1700010337,1045.938,R_100,8
1700010338,1045.939,R_100,9
1700010339,1045.947,R_100,7
1700010340,1045.956,R_100,6
1700010341,1045.962,R_100,2
1700010342,1045.966,R_100,6
1700010343,1045.971,R_100,1
1700010344,1045.977,R_100,7
1700010345,1045.971,R_100,1
1700010346,1045.972,R_100,2
1700010347,1045.971,R_100,1
1700010348,1045.976,R_100,6
1700010349,1045.981,R_100,1
1700010350,1045.984,R_100,4
1700010351,1045.985,R_100,5
1700010352,1045.991,R_100,1
1700010353,1045.994,R_100,4
1700010354,1045.99,R_100,0
1700010355,1045.999,R_100,9
1700010356,1045.994,R_100,4
1700010357,1046.007,R_100,7
1700010358,1046.018,R_100,8
1700010359,1046.029,R_100,9
1700010360,1046.023,R_100,3
1700010361,1046.021,R_100,1
1700010362,1046.023,R_100,3
1700010363,1046.029,R_100,9
1700010364,1046.032,R_100,2
1700010365,1046.038,R_100,8
1700010366,1046.044,R_100,4
1700010367,1046.054,R_100,4
1700010368,1046.054,R_100,4
1700010369,1046.054,R_100,4
1700010370,1046.054,R_100,4
1700010371,1046.059,R_100,9
1700010372,1046.056,R_100,6
1700010373,1046.064,R_100,4
1700010374,1046.06,R_100,0
1700010375,1046.061,R_100,1
1700010376,1046.075,R_100,5
1700010377,1046.077,R_100,7
1700010378,1046.076,R_100,6
1700010379,1046.071,R_100,1
1700010380,1046.07,R_100,0
1700010381,1046.088,R_100,8
1700010382,1046.093,R_100,3
1700010383,1046.108,R_100,8
1700010384,1046.118,R_100,8
1700010385,1046.124,R_100,4
1700010386,1046.13,R_100,0
1700010387,1046.138,R_100,8
1700010388,1046.145,R_100,5
1700010389,1046.143,R_100,3
1700010390,1046.159,R_100,9
1700010391,1046.158,R_100,8
1700010392,1046.16,R_100,0
1700010393,1046.168,R_100,8
1700010394,1046.16,R_100,0
1700010395,1046.164,R_100,4
1700010396,1046.169,R_100,9
1700010397,1046.17,R_100,0
1700010398,1046.173,R_100,3
1700010399,1046.172,R_100,2
1700010400,1046.172,R_100,2
1700010401,1046.189,R_100,9
1700010402,1046.197,R_100,7
1700010403,1046.209,R_100,9
1700010404,1046.215,R_100,5
1700010405,1046.214,R_100,4
1700010406,1046.214,R_100,4
1700010407,1046.214,R_100,4
1700010408,1046.215,R_100,5
1700010409,1046.215,R_100,5
1700010410,1046.226,R_100,6
1700010411,1046.238,R_100,8
1700010412,1046.23,R_100,0
1700010413,1046.237,R_100,7
1700010414,1046.23,R_100,0
1700010415,1046.237,R_100,7
1700010416,1046.24,R_100,0
1700010417,1046.244,R_100,4
1700010418,1046.247,R_100,7
1700010419,1046.257,R_100,7
1700010420,1046.266,R_100,6
1700010421,1046.271,R_100,1
1700010422,1046.274,R_100,4
1700010423,1046.286,R_100,6
1700010424,1046.297,R_100,7
1700010425,1046.3,R_100,0
1700010426,1046.305,R_100,5
1700010427,1046.306,R_100,6
1700010428,1046.31,R_100,0
1700010429,1046.31,R_100,0
1700010430,1046.312,R_100,2
1700010431,1046.323,R_100,3
1700010432,1046.329,R_100,9
1700010433,1046.333,R_100,3
1700010434,1046.34,R_100,0
1700010435,1046.348,R_100,8
1700010436,1046.358,R_100,8
1700010437,1046.364,R_100,4
1700010438,1046.365,R_100,5
1700010439,1046.378,R_100,8
1700010440,1046.381,R_100,1
1700010441,1046.384,R_100,4
1700010442,1046.399,R_100,9
1700010443,1046.402,R_100,2
1700010444,1046.409,R_100,9
1700010445,1046.419,R_100,9
1700010446,1046.421,R_100,1
1700010447,1046.42,R_100,0
1700010448,1046.429,R_100,9
1700010449,1046.434,R_100,4
1700010450,1046.443,R_100,3
1700010451,1046.443,R_100,3
1700010452,1046.458,R_100,8
1700010453,1046.468,R_100,8
1700010454,1046.478,R_100,8
1700010455,1046.483,R_100,3
1700010456,1046.488,R_100,8
1700010457,1046.492,R_100,2
1700010458,1046.49,R_100,0
1700010459,1046.491,R_100,1
1700010460,1046.492,R_100,2
1700010461,1046.492,R_100,2
1700010462,1046.493,R_100,3
1700010463,1046.49,R_100,0
1700010464,1046.497,R_100,7
1700010465,1046.508,R_100,8
1700010466,1046.51,R_100,0
1700010467,1046.522,R_100,2
1700010468,1046.524,R_100,4
1700010469,1046.524,R_100,4
1700010470,1046.526,R_100,6
1700010471,1046.535,R_100,5
1700010472,1046.534,R_100,4
1700010473,1046.548,R_100,8
1700010474,1046.553,R_100,3
1700010475,1046.567,R_100,7
1700010476,1046.568,R_100,8
1700010477,1046.575,R_100,5
1700010478,1046.582,R_100,2
1700010479,1046.585,R_100,5
1700010480,1046.581,R_100,1
1700010481,1046.582,R_100,2
1700010482,1046.585,R_100,5
1700010483,1046.599,R_100,9
1700010484,1046.608,R_100,8
1700010485,1046.61,R_100,0
1700010486,1046.61,R_100,0
1700010487,1046.611,R_100,1
1700010488,1046.619,R_100,9
1700010489,1046.621,R_100,1
1700010490,1046.629,R_100,9
1700010491,1046.631,R_100,1
1700010492,1046.638,R_100,8
1700010493,1046.645,R_100,5
1700010494,1046.653,R_100,3
1700010495,1046.658,R_100,8
1700010496,1046.666,R_100,6
1700010497,1046.67,R_100,0
1700010498,1046.678,R_100,8
1700010499,1046.68,R_100,0
1700010500,1046.687,R_100,7
1700010501,1046.682,R_100,2
1700010502,1046.686,R_100,6
1700010503,1046.685,R_100,5
1700010504,1046.686,R_100,6
1700010505,1046.693,R_100,3
1700010506,1046.69,R_100,0
1700010507,1046.691,R_100,1
1700010508,1046.693,R_100,3
1700010509,1046.699,R_100,9
1700010510,1046.7,R_100,0
1700010511,1046.708,R_100,8
1700010512,1046.703,R_100,3
1700010513,1046.701,R_100,1
1700010514,1046.708,R_100,8
1700010515,1046.715,R_100,5
1700010516,1046.714,R_100,4
1700010517,1046.729,R_100,9
1700010518,1046.73,R_100,0
1700010519,1046.733,R_100,3
1700010520,1046.743,R_100,3
1700010521,1046.748,R_100,8
1700010522,1046.753,R_100,3
1700010523,1046.766,R_100,6
1700010524,1046.77,R_100,0
1700010525,1046.772,R_100,2
1700010526,1046.772,R_100,2
1700010527,1046.773,R_100,3
1700010528,1046.789,R_100,9
1700010529,1046.796,R_100,6
1700010530,1046.797,R_100,7
1700010531,1046.803,R_100,3
1700010532,1046.806,R_100,6
1700010533,1046.816,R_100,6
1700010534,1046.819,R_100,9
1700010535,1046.829,R_100,9
1700010536,1046.836,R_100,6
1700010537,1046.833,R_100,3
1700010538,1046.849,R_100,9
1700010539,1046.857,R_100,7
1700010540,1046.866,R_100,6
1700010541,1046.86,R_100,0
1700010542,1046.863,R_100,3
1700010543,1046.866,R_100,6
1700010544,1046.871,R_100,1
1700010545,1046.876,R_100,6
1700010546,1046.882,R_100,2
1700010547,1046.896,R_100,6
1700010548,1046.906,R_100,6
1700010549,1046.917,R_100,7
1700010550,1046.91,R_100,0
1700010551,1046.916,R_100,6
1700010552,1046.913,R_100,3
1700010553,1046.914,R_100,4
1700010554,1046.911,R_100,1
1700010555,1046.91,R_100,0
1700010556,1046.917,R_100,7
1700010557,1046.92,R_100,0
1700010558,1046.923,R_100,3
1700010559,1046.921,R_100,1
1700010560,1046.936,R_100,6
1700010561,1046.945,R_100,5
1700010562,1046.947,R_100,7
1700010563,1046.95,R_100,0
1700010564,1046.95,R_100,0
1700010565,1046.951,R_100,1
1700010566,1046.958,R_100,8
1700010567,1046.962,R_100,2
1700010568,1046.964,R_100,4
1700010569,1046.967,R_100,7
1700010570,1046.962,R_100,2
1700010571,1046.961,R_100,1
1700010572,1046.968,R_100,8
1700010573,1046.974,R_100,4
1700010574,1046.976,R_100,6
1700010575,1046.986,R_100,6
1700010576,1046.997,R_100,7
1700010577,1046.991,R_100,1
1700010578,1046.997,R_100,7
1700010579,1047.006,R_100,6
1700010580,1047.002,R_100,2
1700010581,1047.007,R_100,7
1700010582,1047.018,R_100,8
1700010583,1047.014,R_100,4
1700010584,1047.01,R_100,0
1700010585,1047.015,R_100,5
1700010586,1047.021,R_100,1
1700010587,1047.023,R_100,3
1700010588,1047.026,R_100,6
1700010589,1047.03,R_100,0
1700010590,1047.035,R_100,5
1700010591,1047.043,R_100,3
1700010592,1047.053,R_100,3
1700010593,1047.056,R_100,6
1700010594,1047.061,R_100,1
1700010595,1047.063,R_100,3
1700010596,1047.072,R_100,2
1700010597,1047.086,R_100,6
1700010598,1047.085,R_100,5
1700010599,1047.098,R_100,8
1700010600,1047.106,R_100,6
1700010601,1047.112,R_100,2
1700010602,1047.117,R_100,7
1700010603,1047.125,R_100,5
1700010604,1047.134,R_100,4
1700010605,1047.147,R_100,7
1700010606,1047.157,R_100,7
1700010607,1047.156,R_100,6
1700010608,1047.158,R_100,8
1700010609,1047.166,R_100,6
1700010610,1047.172,R_100,2
1700010611,1047.188,R_100,8
1700010612,1047.183,R_100,3
1700010613,1047.189,R_100,9
1700010614,1047.199,R_100,9
1700010615,1047.203,R_100,3
1700010616,1047.209,R_100,9
1700010617,1047.215,R_100,5
1700010618,1047.213,R_100,3
1700010619,1047.219,R_100,9
1700010620,1047.225,R_100,5
1700010621,1047.223,R_100,3
1700010622,1047.236,R_100,6
1700010623,1047.242,R_100,2
1700010624,1047.241,R_100,1
1700010625,1047.249,R_100,9
1700010626,1047.244,R_100,4
1700010627,1047.257,R_100,7
1700010628,1047.257,R_100,7
1700010629,1047.258,R_100,8
1700010630,1047.266,R_100,6
1700010631,1047.261,R_100,1
1700010632,1047.269,R_100,9
1700010633,1047.27,R_100,0
1700010634,1047.27,R_100,0
1700010635,1047.272,R_100,2
1700010636,1047.277,R_100,7
1700010637,1047.283,R_100,3
1700010638,1047.299,R_100,9
1700010639,1047.308,R_100,8
1700010640,1047.317,R_100,7
1700010641,1047.317,R_100,7
1700010642,1047.316,R_100,6
1700010643,1047.326,R_100,6
1700010644,1047.333,R_100,3
1700010645,1047.348,R_100,8
1700010646,1047.357,R_100,7
1700010647,1047.36,R_100,0
1700010648,1047.361,R_100,1
1700010649,1047.368,R_100,8
1700010650,1047.371,R_100,1
1700010651,1047.37,R_100,0
1700010652,1047.378,R_100,8
1700010653,1047.385,R_100,5
1700010654,1047.382,R_100,2
1700010655,1047.384,R_100,4
1700010656,1047.398,R_100,8
1700010657,1047.406,R_100,6
1700010658,1047.403,R_100,3
1700010659,1047.406,R_100,6
1700010660,1047.419,R_100,9
1700010661,1047.417,R_100,7
1700010662,1047.425,R_100,5
1700010663,1047.435,R_100,5
1700010664,1047.432,R_100,2
1700010665,1047.448,R_100,8
1700010666,1047.459,R_100,9
1700010667,1047.463,R_100,3
1700010668,1047.461,R_100,1
1700010669,1047.46,R_100,0
1700010670,1047.462,R_100,2
1700010671,1047.467,R_100,7
1700010672,1047.465,R_100,5
1700010673,1047.47,R_100,0
1700010674,1047.478,R_100,8
1700010675,1047.471,R_100,1
1700010676,1047.471,R_100,1
1700010677,1047.477,R_100,7
1700010678,1047.489,R_100,9
1700010679,1047.497,R_100,7
1700010680,1047.505,R_100,5
1700010681,1047.518,R_100,8
1700010682,1047.52,R_100,0
1700010683,1047.527,R_100,7
1700010684,1047.539,R_100,9
1700010685,1047.539,R_100,9
1700010686,1047.547,R_100,7
1700010687,1047.553,R_100,3
1700010688,1047.564,R_100,4
1700010689,1047.577,R_100,7
1700010690,1047.583,R_100,3
1700010691,1047.583,R_100,3
1700010692,1047.585,R_100,5
1700010693,1047.595,R_100,5
1700010694,1047.608,R_100,8
1700010695,1047.615,R_100,5
1700010696,1047.617,R_100,7
1700010697,1047.617,R_100,7
1700010698,1047.621,R_100,1
1700010699,1047.622,R_100,2
1700010700,1047.625,R_100,5
1700010701,1047.633,R_100,3
1700010702,1047.63,R_100,0
1700010703,1047.639,R_100,9
1700010704,1047.632,R_100,2
1700010705,1047.636,R_100,6
1700010706,1047.644,R_100,4
1700010707,1047.658,R_100,8
1700010708,1047.655,R_100,5
1700010709,1047.659,R_100,9
1700010710,1047.664,R_100,4
1700010711,1047.672,R_100,2
1700010712,1047.67,R_100,0
1700010713,1047.677,R_100,7
1700010714,1047.683,R_100,3
1700010715,1047.688,R_100,8
1700010716,1047.699,R_100,9
1700010717,1047.691,R_100,1
1700010718,1047.693,R_100,3
1700010719,1047.695,R_100,5
1700010720,1047.702,R_100,2
1700010721,1047.705,R_100,5
1700010722,1047.708,R_100,8
1700010723,1047.718,R_100,8
1700010724,1047.723,R_100,3
1700010725,1047.721,R_100,1
1700010726,1047.727,R_100,7
1700010727,1047.726,R_100,6
1700010728,1047.731,R_100,1
1700010729,1047.737,R_100,7
1700010730,1047.742,R_100,2
1700010731,1047.748,R_100,8
1700010732,1047.753,R_100,3
1700010733,1047.751,R_100,1
1700010734,1047.753,R_100,3
1700010735,1047.751,R_100,1
1700010736,1047.751,R_100,1
1700010737,1047.754,R_100,4
1700010738,1047.753,R_100,3
1700010739,1047.767,R_100,7
1700010740,1047.763,R_100,3
1700010741,1047.769,R_100,9
1700010742,1047.77,R_100,0
1700010743,1047.775,R_100,5
1700010744,1047.783,R_100,3
1700010745,1047.792,R_100,2
1700010746,1047.792,R_100,2
1700010747,1047.801,R_100,1
1700010748,1047.8,R_100,0
1700010749,1047.806,R_100,6
1700010750,1047.8,R_100,0
1700010751,1047.8,R_100,0
1700010752,1047.807,R_100,7
1700010753,1047.818,R_100,8
1700010754,1047.823,R_100,3
1700010755,1047.827,R_100,7
1700010756,1047.836,R_100,6
1700010757,1047.847,R_100,7
1700010758,1047.858,R_100,8
1700010759,1047.869,R_100,9
1700010760,1047.874,R_100,4
1700010761,1047.877,R_100,7
1700010762,1047.88,R_100,0
1700010763,1047.887,R_100,7
1700010764,1047.898,R_100,8
1700010765,1047.906,R_100,6
1700010766,1047.904,R_100,4
1700010767,1047.912,R_100,2
1700010768,1047.911,R_100,1
1700010769,1047.912,R_100,2
1700010770,1047.915,R_100,5
1700010771,1047.924,R_100,4
1700010772,1047.936,R_100,6
1700010773,1047.943,R_100,3
1700010774,1047.951,R_100,1
1700010775,1047.96,R_100,0
1700010776,1047.954,R_100,4
1700010777,1047.958,R_100,8
1700010778,1047.965,R_100,5
1700010779,1047.973,R_100,3
1700010780,1047.97,R_100,0
1700010781,1047.977,R_100,7
1700010782,1047.972,R_100,2
1700010783,1047.977,R_100,7
1700010784,1047.977,R_100,7
1700010785,1047.981,R_100,1
1700010786,1047.981,R_100,1
1700010787,1047.989,R_100,9
1700010788,1047.994,R_100,4
1700010789,1047.995,R_100,5
1700010790,1048.004,R_100,4
1700010791,1048.016,R_100,6
1700010792,1048.02,R_100,0
1700010793,1048.02,R_100,0
1700010794,1048.027,R_100,7
1700010795,1048.032,R_100,2
1700010796,1048.037,R_100,7
1700010797,1048.044,R_100,4
1700010798,1048.051,R_100,1
1700010799,1048.057,R_100,7
1700010800,1048.061,R_100,1
1700010801,1048.068,R_100,8
1700010802,1048.078,R_100,8
1700010803,1048.082,R_100,2
1700010804,1048.088,R_100,8
1700010805,1048.098,R_100,8
1700010806,1048.104,R_100,4
1700010807,1048.118,R_100,8
1700010808,1048.113,R_100,3
1700010809,1048.111,R_100,1
1700010810,1048.119,R_100,9
1700010811,1048.122,R_100,2
1700010812,1048.133,R_100,3
1700010813,1048.137,R_100,7
1700010814,1048.14,R_100,0
1700010815,1048.141,R_100,1
1700010816,1048.143,R_100,3
1700010817,1048.142,R_100,2
1700010818,1048.145,R_100,5
1700010819,1048.15,R_100,0
1700010820,1048.158,R_100,8
1700010821,1048.163,R_100,3
1700010822,1048.16,R_100,0
1700010823,1048.168,R_100,8
1700010824,1048.175,R_100,5
1700010825,1048.181,R_100,1
1700010826,1048.184,R_100,4
1700010827,1048.186,R_100,6
1700010828,1048.183,R_100,3
1700010829,1048.183,R_100,3
1700010830,1048.188,R_100,8
1700010831,1048.197,R_100,7
1700010832,1048.197,R_100,7
1700010833,1048.203,R_100,3
1700010834,1048.207,R_100,7
1700010835,1048.215,R_100,5
1700010836,1048.225,R_100,5
1700010837,1048.227,R_100,7
1700010838,1048.22,R_100,0
1700010839,1048.227,R_100,7
1700010840,1048.23,R_100,0
1700010841,1048.231,R_100,1
1700010842,1048.239,R_100,9
1700010843,1048.24,R_100,0
1700010844,1048.24,R_100,0
1700010845,1048.245,R_100,5
1700010846,1048.252,R_100,2
1700010847,1048.26,R_100,0
1700010848,1048.268,R_100,8
1700010849,1048.275,R_100,5
1700010850,1048.288,R_100,8
1700010851,1048.296,R_100,6
1700010852,1048.292,R_100,2
1700010853,1048.306,R_100,6
1700010854,1048.301,R_100,1
1700010855,1048.317,R_100,7
1700010856,1048.312,R_100,2
1700010857,1048.316,R_100,6
1700010858,1048.314,R_100,4
1700010859,1048.314,R_100,4
1700010860,1048.325,R_100,5
1700010861,1048.336,R_100,6
1700010862,1048.342,R_100,2
1700010863,1048.341,R_100,1
1700010864,1048.349,R_100,9
1700010865,1048.354,R_100,4
1700010866,1048.367,R_100,7
1700010867,1048.361,R_100,1
1700010868,1048.368,R_100,8
1700010869,1048.367,R_100,7
1700010870,1048.37,R_100,0
1700010871,1048.376,R_100,6
1700010872,1048.381,R_100,1
1700010873,1048.387,R_100,7
1700010874,1048.399,R_100,9
1700010875,1048.405,R_100,5
1700010876,1048.41,R_100,0
1700010877,1048.41,R_100,0
1700010878,1048.409,R_100,9
1700010879,1048.416,R_100,6
1700010880,1048.413,R_100,3
1700010881,1048.417,R_100,7
1700010882,1048.429,R_100,9
1700010883,1048.436,R_100,6
1700010884,1048.431,R_100,1
1700010885,1048.435,R_100,5
1700010886,1048.448,R_100,8
1700010887,1048.453,R_100,3
1700010888,1048.459,R_100,9
1700010889,1048.462,R_100,2
1700010890,1048.472,R_100,2
1700010891,1048.47,R_100,0
1700010892,1048.476,R_100,6
1700010893,1048.473,R_100,3
1700010894,1048.481,R_100,1
1700010895,1048.484,R_100,4
1700010896,1048.485,R_100,5
1700010897,1048.497,R_100,7
1700010898,1048.506,R_100,6
1700010899,1048.514,R_100,4
1700010900,1048.521,R_100,1
1700010901,1048.521,R_100,1
1700010902,1048.521,R_100,1
1700010903,1048.52,R_100,0
1700010904,1048.526,R_100,6
1700010905,1048.529,R_100,9
1700010906,1048.539,R_100,9
1700010907,1048.541,R_100,1
1700010908,1048.542,R_100,2
1700010909,1048.547,R_100,7
1700010910,1048.541,R_100,1
1700010911,1048.545,R_100,5
1700010912,1048.548,R_100,8
1700010913,1048.554,R_100,4
1700010914,1048.554,R_100,4
1700010915,1048.555,R_100,5
1700010916,1048.556,R_100,6
1700010917,1048.555,R_100,5
1700010918,1048.559,R_100,9
1700010919,1048.567,R_100,7
1700010920,1048.57,R_100,0
1700010921,1048.571,R_100,1
1700010922,1048.575,R_100,5
1700010923,1048.571,R_100,1
1700010924,1048.577,R_100,7
1700010925,1048.587,R_100,7
1700010926,1048.59,R_100,0
1700010927,1048.597,R_100,7
1700010928,1048.609,R_100,9
1700010929,1048.61,R_100,0
1700010930,1048.614,R_100,4
1700010931,1048.615,R_100,5
1700010932,1048.61,R_100,0
1700010933,1048.61,R_100,0
1700010934,1048.614,R_100,4
1700010935,1048.624,R_100,4
1700010936,1048.624,R_100,4
1700010937,1048.633,R_100,3
1700010938,1048.649,R_100,9
1700010939,1048.647,R_100,7
1700010940,1048.648,R_100,8
1700010941,1048.647,R_100,7
1700010942,1048.651,R_100,1
1700010943,1048.652,R_100,2
1700010944,1048.656,R_100,6
1700010945,1048.665,R_100,5
1700010946,1048.676,R_100,6
1700010947,1048.687,R_100,7
1700010948,1048.69,R_100,0
1700010949,1048.699,R_100,9
1700010950,1048.702,R_100,2
1700010951,1048.709,R_100,9
1700010952,1048.714,R_100,4
1700010953,1048.713,R_100,3
1700010954,1048.719,R_100,9
1700010955,1048.711,R_100,1
1700010956,1048.712,R_100,2
1700010957,1048.717,R_100,7
1700010958,1048.71,R_100,0
1700010959,1048.712,R_100,2
1700010960,1048.729,R_100,9
1700010961,1048.726,R_100,6
1700010962,1048.726,R_100,6
1700010963,1048.731,R_100,1
1700010964,1048.73,R_100,0
1700010965,1048.731,R_100,1
1700010966,1048.733,R_100,3
1700010967,1048.737,R_100,7
1700010968,1048.736,R_100,6
1700010969,1048.743,R_100,3
1700010970,1048.74,R_100,0
1700010971,1048.74,R_100,0
1700010972,1048.741,R_100,1
1700010973,1048.743,R_100,3
1700010974,1048.746,R_100,6
1700010975,1048.752,R_100,2
1700010976,1048.753,R_100,3
1700010977,1048.758,R_100,8
1700010978,1048.753,R_100,3
1700010979,1048.752,R_100,2
1700010980,1048.764,R_100,4
1700010981,1048.769,R_100,9
1700010982,1048.778,R_100,8
1700010983,1048.782,R_100,2
1700010984,1048.788,R_100,8
1700010985,1048.796,R_100,6
1700010986,1048.79,R_100,0
1700010987,1048.792,R_100,2
1700010988,1048.799,R_100,9
1700010989,1048.808,R_100,8
1700010990,1048.818,R_100,8
1700010991,1048.824,R_100,4
1700010992,1048.823,R_100,3
1700010993,1048.832,R_100,2
1700010994,1048.832,R_100,2
1700010995,1048.839,R_100,9
1700010996,1048.84,R_100,0
1700010997,1048.845,R_100,5
1700010998,1048.844,R_100,4
1700010999,1048.841,R_100,1
1700011000,1048.843,R_100,3
1700011001,1048.843,R_100,3
1700011002,1048.85,R_100,0
1700011003,1048.855,R_100,5
1700011004,1048.85,R_100,0
1700011005,1048.853,R_100,3
1700011006,1048.857,R_100,7
1700011007,1048.868,R_100,8
1700011008,1048.872,R_100,2
1700011009,1048.879,R_100,9
1700011010,1048.887,R_100,7
1700011011,1048.897,R_100,7
1700011012,1048.902,R_100,2
1700011013,1048.906,R_100,6
1700011014,1048.914,R_100,4
1700011015,1048.916,R_100,6
1700011016,1048.915,R_100,5
1700011017,1048.918,R_100,8
1700011018,1048.912,R_100,2
1700011019,1048.919,R_100,9
1700011020,1048.91,R_100,0
1700011021,1048.918,R_100,8
1700011022,1048.92,R_100,0
1700011023,1048.928,R_100,8
1700011024,1048.933,R_100,3
1700011025,1048.94,R_100,0
1700011026,1048.945,R_100,5
1700011027,1048.945,R_100,5
1700011028,1048.946,R_100,6
1700011029,1048.956,R_100,6
1700011030,1048.961,R_100,1
1700011031,1048.968,R_100,8
1700011032,1048.97,R_100,0
1700011033,1048.979,R_100,9
1700011034,1048.982,R_100,2
1700011035,1048.987,R_100,7
1700011036,1048.984,R_100,4
1700011037,1048.98,R_100,0
1700011038,1048.984,R_100,4
1700011039,1048.984,R_100,4
1700011040,1048.999,R_100,9
1700011041,1049.001,R_100,1
1700011042,1049.007,R_100,7
1700011043,1049.004,R_100,4
1700011044,1049.017,R_100,7
1700011045,1049.028,R_100,8
1700011046,1049.039,R_100,9
1700011047,1049.048,R_100,8
1700011048,1049.052,R_100,2
1700011049,1049.054,R_100,4
1700011050,1049.068,R_100,8
1700011051,1049.078,R_100,8
1700011052,1049.085,R_100,5
1700011053,1049.094,R_100,4
1700011054,1049.091,R_100,1
1700011055,1049.098,R_100,8
1700011056,1049.1,R_100,0
1700011057,1049.106,R_100,6
1700011058,1049.113,R_100,3
1700011059,1049.115,R_100,5
1700011060,1049.118,R_100,8
1700011061,1049.122,R_100,2
1700011062,1049.127,R_100,7
1700011063,1049.123,R_100,3
1700011064,1049.126,R_100,6
1700011065,1049.127,R_100,7
1700011066,1049.127,R_100,7
1700011067,1049.131,R_100,1
1700011068,1049.131,R_100,1
1700011069,1049.136,R_100,6
1700011070,1049.144,R_100,4
1700011071,1049.147,R_100,7
1700011072,1049.152,R_100,2
1700011073,1049.158,R_100,8
1700011074,1049.162,R_100,2
1700011075,1049.166,R_100,6
1700011076,1049.176,R_100,6
1700011077,1049.172,R_100,2
1700011078,1049.176,R_100,6
1700011079,1049.171,R_100,1
1700011080,1049.175,R_100,5
1700011081,1049.171,R_100,1
1700011082,1049.176,R_100,6
1700011083,1049.178,R_100,8
1700011084,1049.171,R_100,1
1700011085,1049.171,R_100,1
1700011086,1049.173,R_100,3
1700011087,1049.172,R_100,2
1700011088,1049.176,R_100,6
1700011089,1049.177,R_100,7
1700011090,1049.181,R_100,1
1700011091,1049.189,R_100,9
1700011092,1049.183,R_100,3
1700011093,1049.18,R_100,0
1700011094,1049.185,R_100,5
1700011095,1049.187,R_100,7
1700011096,1049.194,R_100,4
1700011097,1049.199,R_100,9
1700011098,1049.199,R_100,9
1700011099,1049.203,R_100,3
1700011100,1049.215,R_100,5
1700011101,1049.212,R_100,2
1700011102,1049.217,R_100,7
1700011103,1049.226,R_100,6
1700011104,1049.233,R_100,3
1700011105,1049.247,R_100,7
1700011106,1049.259,R_100,9
1700011107,1049.26,R_100,0
1700011108,1049.266,R_100,6
1700011109,1049.264,R_100,4
1700011110,1049.26,R_100,0
1700011111,1049.261,R_100,1
1700011112,1049.26,R_100,0
1700011113,1049.267,R_100,7
1700011114,1049.279,R_100,9
1700011115,1049.281,R_100,1
1700011116,1049.28,R_100,0
1700011117,1049.288,R_100,8
1700011118,1049.293,R_100,3
1700011119,1049.29,R_100,0
1700011120,1049.291,R_100,1
1700011121,1049.292,R_100,2
1700011122,1049.292,R_100,2
1700011123,1049.301,R_100,1
1700011124,1049.315,R_100,5
1700011125,1049.319,R_100,9
1700011126,1049.329,R_100,9
1700011127,1049.333,R_100,3
1700011128,1049.341,R_100,1
1700011129,1049.345,R_100,5
1700011130,1049.343,R_100,3
1700011131,1049.355,R_100,5
1700011132,1049.351,R_100,1
1700011133,1049.352,R_100,2
1700011134,1049.358,R_100,8
1700011135,1049.367,R_100,7
1700011136,1049.373,R_100,3
1700011137,1049.387,R_100,7
1700011138,1049.382,R_100,2
1700011139,1049.389,R_100,9
1700011140,1049.392,R_100,2
1700011141,1049.395,R_100,5
1700011142,1049.4,R_100,0
1700011143,1049.407,R_100,7
1700011144,1049.419,R_100,9
1700011145,1049.415,R_100,5
1700011146,1049.411,R_100,1
1700011147,1049.419,R_100,9
1700011148,1049.422,R_100,2
1700011149,1049.439,R_100,9
1700011150,1049.447,R_100,7
1700011151,1049.445,R_100,5
1700011152,1049.457,R_100,7
1700011153,1049.469,R_100,9
1700011154,1049.478,R_100,8
1700011155,1049.489,R_100,9
1700011156,1049.491,R_100,1
1700011157,1049.492,R_100,2
1700011158,1049.491,R_100,1
1700011159,1049.494,R_100,4
1700011160,1049.5,R_100,0
1700011161,1049.5,R_100,0
1700011162,1049.501,R_100,1
1700011163,1049.504,R_100,4
1700011164,1049.509,R_100,9
1700011165,1049.518,R_100,8
1700011166,1049.525,R_100,5
1700011167,1049.535,R_100,5
1700011168,1049.538,R_100,8
1700011169,1049.546,R_100,6
1700011170,1049.55,R_100,0
1700011171,1049.552,R_100,2
1700011172,1049.556,R_100,6
1700011173,1049.568,R_100,8
1700011174,1049.566,R_100,6
1700011175,1049.571,R_100,1
1700011176,1049.57,R_100,0
1700011177,1049.577,R_100,7
1700011178,1049.577,R_100,7
1700011179,1049.58,R_100,0
1700011180,1049.582,R_100,2
1700011181,1049.58,R_100,0
1700011182,1049.587,R_100,7
1700011183,1049.58,R_100,0
1700011184,1049.583,R_100,3
1700011185,1049.598,R_100,8
1700011186,1049.601,R_100,1
1700011187,1049.606,R_100,6
1700011188,1049.603,R_100,3
1700011189,1049.603,R_100,3
1700011190,1049.608,R_100,8
1700011191,1049.604,R_100,4
1700011192,1049.603,R_100,3
1700011193,1049.602,R_100,2
1700011194,1049.601,R_100,1
1700011195,1049.606,R_100,6
1700011196,1049.61,R_100,0
1700011197,1049.61,R_100,0
1700011198,1049.615,R_100,5
1700011199,1049.625,R_100,5
1700011200,1049.638,R_100,8
1700011201,1049.643,R_100,3
1700011202,1049.643,R_100,3
1700011203,1049.64,R_100,0
1700011204,1049.642,R_100,2
1700011205,1049.645,R_100,5
1700011206,1049.647,R_100,7
1700011207,1049.65,R_100,0
1700011208,1049.654,R_100,4
1700011209,1049.661,R_100,1
1700011210,1049.667,R_100,7
1700011211,1049.661,R_100,1
1700011212,1049.667,R_100,7
1700011213,1049.672,R_100,2
1700011214,1049.67,R_100,0
1700011215,1049.673,R_100,3
1700011216,1049.676,R_100,6
1700011217,1049.688,R_100,8
1700011218,1049.694,R_100,4
1700011219,1049.705,R_100,5
1700011220,1049.701,R_100,1
1700011221,1049.714,R_100,4
1700011222,1049.717,R_100,7
1700011223,1049.721,R_100,1
1700011224,1049.727,R_100,7
1700011225,1049.726,R_100,6
1700011226,1049.73,R_100,0
1700011227,1049.73,R_100,0
1700011228,1049.738,R_100,8
1700011229,1049.748,R_100,8
1700011230,1049.746,R_100,6
1700011231,1049.757,R_100,7
1700011232,1049.751,R_100,1
1700011233,1049.759,R_100,9
1700011234,1049.756,R_100,6
1700011235,1049.757,R_100,7
1700011236,1049.761,R_100,1
1700011237,1049.769,R_100,9
1700011238,1049.77,R_100,0
1700011239,1049.776,R_100,6
1700011240,1049.788,R_100,8
1700011241,1049.798,R_100,8
1700011242,1049.802,R_100,2
1700011243,1049.807,R_100,7
1700011244,1049.81,R_100,0
1700011245,1049.814,R_100,4
1700011246,1049.827,R_100,7
1700011247,1049.829,R_100,9
1700011248,1049.832,R_100,2
1700011249,1049.832,R_100,2
1700011250,1049.83,R_100,0
1700011251,1049.837,R_100,7
1700011252,1049.836,R_100,6
1700011253,1049.842,R_100,2
1700011254,1049.845,R_100,5
1700011255,1049.84,R_100,0
1700011256,1049.843,R_100,3
1700011257,1049.844,R_100,4
1700011258,1049.851,R_100,1
1700011259,1049.86,R_100,0
1700011260,1049.866,R_100,6
1700011261,1049.879,R_100,9
1700011262,1049.88,R_100,0
1700011263,1049.882,R_100,2
1700011264,1049.884,R_100,4
1700011265,1049.885,R_100,5
1700011266,1049.892,R_100,2
1700011267,1049.89,R_100,0
1700011268,1049.898,R_100,8
1700011269,1049.899,R_100,9
1700011270,1049.908,R_100,8
1700011271,1049.917,R_100,7
1700011272,1049.928,R_100,8
1700011273,1049.932,R_100,2
1700011274,1049.937,R_100,7
1700011275,1049.943,R_100,3
1700011276,1049.952,R_100,2
1700011277,1049.957,R_100,7
1700011278,1049.966,R_100,6
1700011279,1049.961,R_100,1
1700011280,1049.966,R_100,6
1700011281,1049.969,R_100,9
1700011282,1049.975,R_100,5
1700011283,1049.983,R_100,3
1700011284,1049.999,R_100,9
1700011285,1049.999,R_100,9
1700011286,1050.001,R_100,1
1700011287,1050.008,R_100,8
1700011288,1050.017,R_100,7
1700011289,1050.028,R_100,8
1700011290,1050.023,R_100,3
1700011291,1050.026,R_100,6
1700011292,1050.022,R_100,2
1700011293,1050.024,R_100,4
1700011294,1050.02,R_100,0
1700011295,1050.026,R_100,6
1700011296,1050.023,R_100,3
1700011297,1050.032,R_100,2
1700011298,1050.032,R_100,2
1700011299,1050.033,R_100,3
1700011300,1050.031,R_100,1
1700011301,1050.037,R_100,7
1700011302,1050.048,R_100,8
1700011303,1050.05,R_100,0
1700011304,1050.055,R_100,5
1700011305,1050.05,R_100,0
1700011306,1050.055,R_100,5
1700011307,1050.053,R_100,3
1700011308,1050.057,R_100,7
1700011309,1050.065,R_100,5
1700011310,1050.076,R_100,6
1700011311,1050.081,R_100,1
1700011312,1050.088,R_100,8
1700011313,1050.082,R_100,2
1700011314,1050.093,R_100,3
1700011315,1050.093,R_100,3
1700011316,1050.101,R_100,1
1700011317,1050.103,R_100,3
1700011318,1050.111,R_100,1
1700011319,1050.129,R_100,9
1700011320,1050.137,R_100,7
1700011321,1050.149,R_100,9
1700011322,1050.157,R_100,7
1700011323,1050.162,R_100,2
1700011324,1050.177,R_100,7
1700011325,1050.182,R_100,2
1700011326,1050.18,R_100,0
1700011327,1050.188,R_100,8
1700011328,1050.196,R_100,6
1700011329,1050.195,R_100,5
1700011330,1050.205,R_100,5
1700011331,1050.215,R_100,5
1700011332,1050.229,R_100,9
1700011333,1050.239,R_100,9
1700011334,1050.241,R_100,1
1700011335,1050.242,R_100,2
1700011336,1050.24,R_100,0
1700011337,1050.247,R_100,7
1700011338,1050.254,R_100,4
1700011339,1050.257,R_100,7
1700011340,1050.256,R_100,6
1700011341,1050.263,R_100,3
1700011342,1050.268,R_100,8
1700011343,1050.273,R_100,3
1700011344,1050.272,R_100,2
1700011345,1050.277,R_100,7
1700011346,1050.288,R_100,8
1700011347,1050.291,R_100,1
1700011348,1050.291,R_100,1
1700011349,1050.299,R_100,9
1700011350,1050.301,R_100,1
1700011351,1050.304,R_100,4
1700011352,1050.301,R_100,1
1700011353,1050.31,R_100,0
1700011354,1050.315,R_100,5
1700011355,1050.315,R_100,5
1700011356,1050.311,R_100,1
1700011357,1050.318,R_100,8
1700011358,1050.328,R_100,8
1700011359,1050.332,R_100,2
1700011360,1050.338,R_100,8
1700011361,1050.346,R_100,6
1700011362,1050.352,R_100,2
1700011363,1050.356,R_100,6
1700011364,1050.365,R_100,5
1700011365,1050.362,R_100,2
1700011366,1050.378,R_100,8
1700011367,1050.377,R_100,7
1700011368,1050.384,R_100,4
1700011369,1050.381,R_100,1
1700011370,1050.389,R_100,9
1700011371,1050.393,R_100,3
1700011372,1050.398,R_100,8
1700011373,1050.395,R_100,5
1700011374,1050.408,R_100,8
1700011375,1050.404,R_100,4
1700011376,1050.414,R_100,4
1700011377,1050.421,R_100,1
1700011378,1050.429,R_100,9
1700011379,1050.434,R_100,4
1700011380,1050.436,R_100,6
1700011381,1050.449,R_100,9
1700011382,1050.459,R_100,9
1700011383,1050.466,R_100,6
1700011384,1050.465,R_100,5
1700011385,1050.463,R_100,3
1700011386,1050.468,R_100,8
1700011387,1050.473,R_100,3
1700011388,1050.477,R_100,7
1700011389,1050.486,R_100,6
1700011390,1050.499,R_100,9
1700011391,1050.505,R_100,5
1700011392,1050.515,R_100,5
1700011393,1050.52,R_100,0
1700011394,1050.522,R_100,2
1700011395,1050.528,R_100,8
1700011396,1050.535,R_100,5
1700011397,1050.533,R_100,3
1700011398,1050.548,R_100,8
1700011399,1050.557,R_100,7
1700011400,1050.569,R_100,9
1700011401,1050.574,R_100,4
1700011402,1050.579,R_100,9
1700011403,1050.587,R_100,7
1700011404,1050.597,R_100,7
1700011405,1050.591,R_100,1
1700011406,1050.598,R_100,8
1700011407,1050.608,R_100,8
1700011408,1050.616,R_100,6
1700011409,1050.62,R_100,0
1700011410,1050.624,R_100,4
1700011411,1050.628,R_100,8
1700011412,1050.626,R_100,6
1700011413,1050.633,R_100,3
1700011414,1050.637,R_100,7
1700011415,1050.636,R_100,6
1700011416,1050.637,R_100,7
1700011417,1050.639,R_100,9
1700011418,1050.646,R_100,6
1700011419,1050.649,R_100,9
1700011420,1050.658,R_100,8
1700011421,1050.659,R_100,9
1700011422,1050.661,R_100,1
1700011423,1050.664,R_100,4
1700011424,1050.668,R_100,8
1700011425,1050.678,R_100,8
1700011426,1050.679,R_100,9
1700011427,1050.687,R_100,7
1700011428,1050.683,R_100,3
1700011429,1050.689,R_100,9
1700011430,1050.691,R_100,1
1700011431,1050.691,R_100,1
1700011432,1050.699,R_100,9
1700011433,1050.702,R_100,2
1700011434,1050.716,R_100,6
1700011435,1050.72,R_100,0
1700011436,1050.725,R_100,5
1700011437,1050.736,R_100,6
1700011438,1050.74,R_100,0
1700011439,1050.739,R_100,9
1700011440,1050.748,R_100,8
1700011441,1050.751,R_100,1
1700011442,1050.754,R_100,4
1700011443,1050.76,R_100,0
1700011444,1050.76,R_100,0
1700011445,1050.766,R_100,6
1700011446,1050.779,R_100,9
1700011447,1050.788,R_100,8
1700011448,1050.794,R_100,4
1700011449,1050.809,R_100,9
1700011450,1050.818,R_100,8
1700011451,1050.829,R_100,9
1700011452,1050.832,R_100,2
1700011453,1050.836,R_100,6
1700011454,1050.839,R_100,9
1700011455,1050.845,R_100,5
1700011456,1050.859,R_100,9
1700011457,1050.866,R_100,6
1700011458,1050.862,R_100,2
1700011459,1050.871,R_100,1
1700011460,1050.876,R_100,6
1700011461,1050.875,R_100,5
1700011462,1050.873,R_100,3
1700011463,1050.885,R_100,5
1700011464,1050.889,R_100,9
1700011465,1050.891,R_100,1
1700011466,1050.896,R_100,6
1700011467,1050.895,R_100,5
1700011468,1050.891,R_100,1
1700011469,1050.899,R_100,9
1700011470,1050.909,R_100,9
1700011471,1050.912,R_100,2
1700011472,1050.913,R_100,3
1700011473,1050.925,R_100,5
1700011474,1050.936,R_100,6
1700011475,1050.936,R_100,6
1700011476,1050.944,R_100,4
1700011477,1050.949,R_100,9
1700011478,1050.943,R_100,3
1700011479,1050.949,R_100,9
1700011480,1050.953,R_100,3
1700011481,1050.959,R_100,9
1700011482,1050.966,R_100,6
1700011483,1050.965,R_100,5
1700011484,1050.974,R_100,4
1700011485,1050.975,R_100,5
1700011486,1050.988,R_100,8
1700011487,1050.998,R_100,8
1700011488,1051.007,R_100,7
1700011489,1051.004,R_100,4
1700011490,1051.001,R_100,1
1700011491,1051.007,R_100,7
1700011492,1051.013,R_100,3
1700011493,1051.021,R_100,1
1700011494,1051.028,R_100,8
1700011495,1051.033,R_100,3
1700011496,1051.03,R_100,0
1700011497,1051.035,R_100,5
1700011498,1051.039,R_100,9
1700011499,1051.042,R_100,2
1700011500,1051.048,R_100,8
1700011501,1051.056,R_100,6
1700011502,1051.067,R_100,7
1700011503,1051.074,R_100,4
1700011504,1051.075,R_100,5
1700011505,1051.085,R_100,5
1700011506,1051.086,R_100,6
1700011507,1051.096,R_100,6
1700011508,1051.101,R_100,1
1700011509,1051.105,R_100,5
1700011510,1051.116,R_100,6
1700011511,1051.119,R_100,9
1700011512,1051.126,R_100,6
1700011513,1051.135,R_100,5
1700011514,1051.13,R_100,0
1700011515,1051.132,R_100,2
1700011516,1051.131,R_100,1
1700011517,1051.133,R_100,3
1700011518,1051.144,R_100,4
1700011519,1051.143,R_100,3
1700011520,1051.147,R_100,7
1700011521,1051.159,R_100,9
1700011522,1051.161,R_100,1
1700011523,1051.166,R_100,6
1700011524,1051.171,R_100,1
1700011525,1051.171,R_100,1
1700011526,1051.174,R_100,4
1700011527,1051.171,R_100,1
1700011528,1051.174,R_100,4
1700011529,1051.17,R_100,0
1700011530,1051.173,R_100,3
1700011531,1051.189,R_100,9
1700011532,1051.182,R_100,2
1700011533,1051.185,R_100,5
1700011534,1051.197,R_100,7
1700011535,1051.205,R_100,5
1700011536,1051.211,R_100,1
1700011537,1051.21,R_100,0
1700011538,1051.201,R_100,1
1700011539,1051.206,R_100,6
1700011540,1051.206,R_100,6
1700011541,1051.202,R_100,2
1700011542,1051.205,R_100,5
1700011543,1051.211,R_100,1
1700011544,1051.217,R_100,7
1700011545,1051.226,R_100,6
1700011546,1051.232,R_100,2
1700011547,1051.239,R_100,9
1700011548,1051.244,R_100,4
1700011549,1051.244,R_100,4
1700011550,1051.249,R_100,9
1700011551,1051.24,R_100,0
1700011552,1051.248,R_100,8
1700011553,1051.258,R_100,8
1700011554,1051.26,R_100,0
1700011555,1051.267,R_100,7
1700011556,1051.275,R_100,5
1700011557,1051.281,R_100,1
1700011558,1051.287,R_100,7
1700011559,1051.292,R_100,2
1700011560,1051.304,R_100,4
1700011561,1051.304,R_100,4
1700011562,1051.307,R_100,7
1700011563,1051.303,R_100,3
1700011564,1051.3,R_100,0
1700011565,1051.3,R_100,0
1700011566,1051.301,R_100,1
1700011567,1051.308,R_100,8
1700011568,1051.312,R_100,2
1700011569,1051.32,R_100,0
1700011570,1051.324,R_100,4
1700011571,1051.335,R_100,5
1700011572,1051.33,R_100,0
1700011573,1051.332,R_100,2
1700011574,1051.334,R_100,4
1700011575,1051.336,R_100,6
1700011576,1051.344,R_100,4
1700011577,1051.349,R_100,9
1700011578,1051.356,R_100,6
1700011579,1051.367,R_100,7
1700011580,1051.374,R_100,4
1700011581,1051.379,R_100,9
1700011582,1051.381,R_100,1
1700011583,1051.386,R_100,6
1700011584,1051.399,R_100,9
1700011585,1051.401,R_100,1
1700011586,1051.406,R_100,6
1700011587,1051.405,R_100,5
1700011588,1051.418,R_100,8
1700011589,1051.428,R_100,8
1700011590,1051.424,R_100,4
1700011591,1051.423,R_100,3
1700011592,1051.424,R_100,4
1700011593,1051.429,R_100,9
1700011594,1051.431,R_100,1
1700011595,1051.433,R_100,3
1700011596,1051.441,R_100,1
1700011597,1051.44,R_100,0
1700011598,1051.442,R_100,2
1700011599,1051.446,R_100,6
1700011600,1051.455,R_100,5
1700011601,1051.467,R_100,7
1700011602,1051.471,R_100,1
1700011603,1051.474,R_100,4
1700011604,1051.488,R_100,8
1700011605,1051.486,R_100,6
1700011606,1051.492,R_100,2
1700011607,1051.497,R_100,7
1700011608,1051.492,R_100,2
1700011609,1051.498,R_100,8
1700011610,1051.505,R_100,5
1700011611,1051.51,R_100,0
1700011612,1051.517,R_100,7
1700011613,1051.527,R_100,7
1700011614,1051.53,R_100,0
1700011615,1051.539,R_100,9
1700011616,1051.543,R_100,3
1700011617,1051.541,R_100,1
1700011618,1051.543,R_100,3
1700011619,1051.551,R_100,1
1700011620,1051.555,R_100,5
1700011621,1051.561,R_100,1
1700011622,1051.566,R_100,6
1700011623,1051.577,R_100,7
1700011624,1051.581,R_100,1
1700011625,1051.582,R_100,2
1700011626,1051.587,R_100,7
1700011627,1051.598,R_100,8
1700011628,1051.601,R_100,1
1700011629,1051.608,R_100,8
1700011630,1051.618,R_100,8
1700011631,1051.621,R_100,1
1700011632,1051.62,R_100,0
1700011633,1051.626,R_100,6
1700011634,1051.638,R_100,8
1700011635,1051.645,R_100,5
1700011636,1051.647,R_100,7
1700011637,1051.653,R_100,3
1700011638,1051.655,R_100,5
1700011639,1051.658,R_100,8
1700011640,1051.668,R_100,8
1700011641,1051.667,R_100,7
1700011642,1051.674,R_100,4
1700011643,1051.676,R_100,6
1700011644,1051.68,R_100,0
1700011645,1051.681,R_100,1
1700011646,1051.687,R_100,7
1700011647,1051.688,R_100,8
1700011648,1051.696,R_100,6
1700011649,1051.706,R_100,6
1700011650,1051.7,R_100,0
1700011651,1051.703,R_100,3
1700011652,1051.701,R_100,1
1700011653,1051.705,R_100,5
1700011654,1051.704,R_100,4
1700011655,1051.702,R_100,2
1700011656,1051.707,R_100,7
1700011657,1051.709,R_100,9
1700011658,1051.711,R_100,1
1700011659,1051.717,R_100,7
1700011660,1051.716,R_100,6
1700011661,1051.726,R_100,6
1700011662,1051.735,R_100,5
1700011663,1051.745,R_100,5
1700011664,1051.742,R_100,2
1700011665,1051.74,R_100,0
1700011666,1051.749,R_100,9
1700011667,1051.752,R_100,2
1700011668,1051.754,R_100,4
1700011669,1051.751,R_100,1
1700011670,1051.754,R_100,4
1700011671,1051.75,R_100,0
1700011672,1051.753,R_100,3
1700011673,1051.752,R_100,2
1700011674,1051.751,R_100,1
1700011675,1051.758,R_100,8
1700011676,1051.768,R_100,8
1700011677,1051.775,R_100,5
1700011678,1051.777,R_100,7
1700011679,1051.788,R_100,8
1700011680,1051.794,R_100,4
1700011681,1051.804,R_100,4
1700011682,1051.802,R_100,2
1700011683,1051.816,R_100,6
1700011684,1051.825,R_100,5
1700011685,1051.834,R_100,4
1700011686,1051.844,R_100,4
1700011687,1051.847,R_100,7
1700011688,1051.856,R_100,6
1700011689,1051.867,R_100,7
1700011690,1051.873,R_100,3
1700011691,1051.879,R_100,9
1700011692,1051.881,R_100,1
1700011693,1051.888,R_100,8
1700011694,1051.88,R_100,0
1700011695,1051.883,R_100,3
1700011696,1051.882,R_100,2
1700011697,1051.888,R_100,8
1700011698,1051.898,R_100,8
1700011699,1051.899,R_100,9
1700011700,1051.895,R_100,5
1700011701,1051.908,R_100,8
1700011702,1051.907,R_100,7
1700011703,1051.911,R_100,1
1700011704,1051.923,R_100,3
1700011705,1051.922,R_100,2
1700011706,1051.921,R_100,1
1700011707,1051.92,R_100,0
1700011708,1051.914,R_100,4
1700011709,1051.917,R_100,7
1700011710,1051.922,R_100,2
1700011711,1051.921,R_100,1
1700011712,1051.92,R_100,0
1700011713,1051.924,R_100,4
1700011714,1051.926,R_100,6
1700011715,1051.93,R_100,0
1700011716,1051.937,R_100,7
1700011717,1051.943,R_100,3
1700011718,1051.941,R_100,1
1700011719,1051.95,R_100,0
1700011720,1051.957,R_100,7
1700011721,1051.954,R_100,4
1700011722,1051.956,R_100,6
1700011723,1051.959,R_100,9
1700011724,1051.96,R_100,0
1700011725,1051.964,R_100,4
1700011726,1051.972,R_100,2
1700011727,1051.974,R_100,4
1700011728,1051.988,R_100,8
1700011729,1051.991,R_100,1
1700011730,1051.991,R_100,1
1700011731,1051.995,R_100,5
1700011732,1051.991,R_100,1
1700011733,1051.995,R_100,5
1700011734,1051.993,R_100,3
1700011735,1051.99,R_100,0
1700011736,1051.993,R_100,3
1700011737,1052.004,R_100,4
1700011738,1052.008,R_100,8
1700011739,1052.016,R_100,6
1700011740,1052.027,R_100,7
1700011741,1052.03,R_100,0
1700011742,1052.037,R_100,7
1700011743,1052.043,R_100,3
1700011744,1052.04,R_100,0
1700011745,1052.044,R_100,4
1700011746,1052.058,R_100,8
1700011747,1052.059,R_100,9
1700011748,1052.062,R_100,2
1700011749,1052.076,R_100,6
1700011750,1052.089,R_100,9
1700011751,1052.093,R_100,3
1700011752,1052.104,R_100,4
1700011753,1052.103,R_100,3
1700011754,1052.112,R_100,2
1700011755,1052.126,R_100,6
1700011756,1052.132,R_100,2
1700011757,1052.143,R_100,3
1700011758,1052.148,R_100,8
1700011759,1052.14,R_100,0
1700011760,1052.148,R_100,8
1700011761,1052.158,R_100,8
1700011762,1052.156,R_100,6
1700011763,1052.153,R_100,3
1700011764,1052.162,R_100,2
1700011765,1052.168,R_100,8
1700011766,1052.175,R_100,5
1700011767,1052.187,R_100,7
1700011768,1052.188,R_100,8
1700011769,1052.18,R_100,0
1700011770,1052.181,R_100,1
1700011771,1052.186,R_100,6
1700011772,1052.184,R_100,4
1700011773,1052.198,R_100,8
1700011774,1052.196,R_100,6
1700011775,1052.208,R_100,8
1700011776,1052.215,R_100,5
1700011777,1052.229,R_100,9
1700011778,1052.23,R_100,0
1700011779,1052.237,R_100,7
1700011780,1052.245,R_100,5
1700011781,1052.246,R_100,6
1700011782,1052.248,R_100,8
1700011783,1052.254,R_100,4
1700011784,1052.268,R_100,8
1700011785,1052.271,R_100,1
1700011786,1052.273,R_100,3
1700011787,1052.274,R_100,4
1700011788,1052.28,R_100,0
1700011789,1052.283,R_100,3
1700011790,1052.283,R_100,3
1700011791,1052.282,R_100,2
1700011792,1052.293,R_100,3
1700011793,1052.304,R_100,4
1700011794,1052.316,R_100,6
1700011795,1052.327,R_100,7
1700011796,1052.326,R_100,6
1700011797,1052.336,R_100,6
1700011798,1052.34,R_100,0
1700011799,1052.348,R_100,8
1700011800,1052.352,R_100,2
1700011801,1052.359,R_100,9
1700011802,1052.364,R_100,4
1700011803,1052.369,R_100,9
1700011804,1052.377,R_100,7
1700011805,1052.381,R_100,1
1700011806,1052.385,R_100,5
1700011807,1052.385,R_100,5
1700011808,1052.396,R_100,6
1700011809,1052.399,R_100,9
1700011810,1052.409,R_100,9
1700011811,1052.418,R_100,8
1700011812,1052.429,R_100,9
1700011813,1052.423,R_100,3
1700011814,1052.425,R_100,5
1700011815,1052.425,R_100,5
1700011816,1052.437,R_100,7
1700011817,1052.44,R_100,0
1700011818,1052.44,R_100,0
1700011819,1052.444,R_100,4
1700011820,1052.448,R_100,8
1700011821,1052.448,R_100,8
1700011822,1052.44,R_100,0
1700011823,1052.446,R_100,6
1700011824,1052.445,R_100,5
1700011825,1052.452,R_100,2
1700011826,1052.468,R_100,8
1700011827,1052.476,R_100,6
1700011828,1052.486,R_100,6
1700011829,1052.491,R_100,1
1700011830,1052.496,R_100,6
1700011831,1052.506,R_100,6
1700011832,1052.515,R_100,5
1700011833,1052.527,R_100,7
1700011834,1052.535,R_100,5
1700011835,1052.543,R_100,3
1700011836,1052.554,R_100,4
1700011837,1052.552,R_100,2
1700011838,1052.568,R_100,8
1700011839,1052.573,R_100,3
1700011840,1052.579,R_100,9
1700011841,1052.581,R_100,1
1700011842,1052.58,R_100,0
1700011843,1052.58,R_100,0
1700011844,1052.588,R_100,8
1700011845,1052.592,R_100,2
1700011846,1052.594,R_100,4
1700011847,1052.598,R_100,8
1700011848,1052.609,R_100,9
1700011849,1052.616,R_100,6
1700011850,1052.627,R_100,7
1700011851,1052.635,R_100,5
1700011852,1052.641,R_100,1
1700011853,1052.645,R_100,5
1700011854,1052.645,R_100,5
1700011855,1052.642,R_100,2
1700011856,1052.643,R_100,3
1700011857,1052.644,R_100,4
1700011858,1052.649,R_100,9
1700011859,1052.659,R_100,9
1700011860,1052.665,R_100,5
1700011861,1052.674,R_100,4
1700011862,1052.677,R_100,7
1700011863,1052.681,R_100,1
1700011864,1052.681,R_100,1
1700011865,1052.689,R_100,9
1700011866,1052.698,R_100,8
1700011867,1052.704,R_100,4
1700011868,1052.703,R_100,3
1700011869,1052.708,R_100,8
1700011870,1052.702,R_100,2
1700011871,1052.703,R_100,3
1700011872,1052.709,R_100,9
1700011873,1052.713,R_100,3
1700011874,1052.712,R_100,2
1700011875,1052.722,R_100,2
1700011876,1052.731,R_100,1
1700011877,1052.734,R_100,4
1700011878,1052.732,R_100,2
1700011879,1052.73,R_100,0
1700011880,1052.736,R_100,6
1700011881,1052.733,R_100,3
1700011882,1052.734,R_100,4
1700011883,1052.73,R_100,0
1700011884,1052.738,R_100,8
1700011885,1052.743,R_100,3
1700011886,1052.759,R_100,9
1700011887,1052.769,R_100,9
1700011888,1052.778,R_100,8
1700011889,1052.777,R_100,7
1700011890,1052.786,R_100,6
1700011891,1052.797,R_100,7
1700011892,1052.807,R_100,7
1700011893,1052.819,R_100,9
1700011894,1052.825,R_100,5
1700011895,1052.823,R_100,3
1700011896,1052.827,R_100,7
1700011897,1052.823,R_100,3
1700011898,1052.822,R_100,2
1700011899,1052.831,R_100,1
1700011900,1052.841,R_100,1
1700011901,1052.859,R_100,9
1700011902,1052.867,R_100,7
1700011903,1052.875,R_100,5
1700011904,1052.872,R_100,2
1700011905,1052.877,R_100,7
1700011906,1052.883,R_100,3
1700011907,1052.896,R_100,6
1700011908,1052.902,R_100,2
1700011909,1052.911,R_100,1
1700011910,1052.918,R_100,8
1700011911,1052.92,R_100,0
1700011912,1052.928,R_100,8
1700011913,1052.936,R_100,6
1700011914,1052.944,R_100,4
1700011915,1052.946,R_100,6
1700011916,1052.957,R_100,7
1700011917,1052.964,R_100,4
1700011918,1052.973,R_100,3
1700011919,1052.972,R_100,2
1700011920,1052.979,R_100,9
1700011921,1052.983,R_100,3
1700011922,1052.981,R_100,1
1700011923,1052.987,R_100,7
1700011924,1052.995,R_100,5
1700011925,1052.998,R_100,8
1700011926,1052.995,R_100,5
1700011927,1052.995,R_100,5
1700011928,1052.999,R_100,9
1700011929,1053.008,R_100,8
1700011930,1053.012,R_100,2
1700011931,1053.013,R_100,3
1700011932,1053.028,R_100,8
1700011933,1053.035,R_100,5
1700011934,1053.048,R_100,8
1700011935,1053.051,R_100,1
1700011936,1053.051,R_100,1
1700011937,1053.055,R_100,5
1700011938,1053.056,R_100,6
1700011939,1053.067,R_100,7
1700011940,1053.079,R_100,9
1700011941,1053.085,R_100,5
1700011942,1053.094,R_100,4
1700011943,1053.097,R_100,7
1700011944,1053.107,R_100,7
1700011945,1053.112,R_100,2
1700011946,1053.115,R_100,5
1700011947,1053.129,R_100,9
1700011948,1053.131,R_100,1
1700011949,1053.13,R_100,0
1700011950,1053.124,R_100,4
1700011951,1053.122,R_100,2
1700011952,1053.138,R_100,8
1700011953,1053.143,R_100,3
1700011954,1053.142,R_100,2
1700011955,1053.14,R_100,0
1700011956,1053.149,R_100,9
1700011957,1053.154,R_100,4
1700011958,1053.159,R_100,9
1700011959,1053.167,R_100,7
1700011960,1053.168,R_100,8
1700011961,1053.173,R_100,3
1700011962,1053.173,R_100,3
1700011963,1053.173,R_100,3
1700011964,1053.173,R_100,3
1700011965,1053.17,R_100,0
1700011966,1053.174,R_100,4
1700011967,1053.181,R_100,1
1700011968,1053.182,R_100,2
1700011969,1053.183,R_100,3
1700011970,1053.182,R_100,2
1700011971,1053.181,R_100,1
1700011972,1053.185,R_100,5
1700011973,1053.192,R_100,2
1700011974,1053.193,R_100,3
1700011975,1053.195,R_100,5
1700011976,1053.191,R_100,1
1700011977,1053.19,R_100,0
1700011978,1053.19,R_100,0
1700011979,1053.19,R_100,0
1700011980,1053.193,R_100,3
1700011981,1053.191,R_100,1
1700011982,1053.192,R_100,2
1700011983,1053.191,R_100,1
1700011984,1053.192,R_100,2
1700011985,1053.199,R_100,9
1700011986,1053.195,R_100,5
1700011987,1053.206,R_100,6
1700011988,1053.202,R_100,2
1700011989,1053.209,R_100,9
1700011990,1053.213,R_100,3
1700011991,1053.229,R_100,9
1700011992,1053.236,R_100,6
1700011993,1053.244,R_100,4
1700011994,1053.249,R_100,9
1700011995,1053.257,R_100,7
1700011996,1053.252,R_100,2
1700011997,1053.25,R_100,0
1700011998,1053.259,R_100,9
1700011999,1053.264,R_100,4
1700012000,1053.268,R_100,8
1700012001,1053.277,R_100,7
1700012002,1053.278,R_100,8
1700012003,1053.287,R_100,7
1700012004,1053.295,R_100,5
1700012005,1053.299,R_100,9
1700012006,1053.3,R_100,0
1700012007,1053.309,R_100,9
1700012008,1053.317,R_100,7
1700012009,1053.326,R_100,6
1700012010,1053.334,R_100,4
1700012011,1053.343,R_100,3
1700012012,1053.34,R_100,0
1700012013,1053.34,R_100,0
1700012014,1053.341,R_100,1
1700012015,1053.352,R_100,2
1700012016,1053.355,R_100,5
1700012017,1053.356,R_100,6
1700012018,1053.364,R_100,4
1700012019,1053.367,R_100,7
1700012020,1053.377,R_100,7
1700012021,1053.378,R_100,8
1700012022,1053.386,R_100,6
1700012023,1053.384,R_100,4
1700012024,1053.397,R_100,7
1700012025,1053.408,R_100,8
1700012026,1053.415,R_100,5
1700012027,1053.423,R_100,3
1700012028,1053.422,R_100,2
1700012029,1053.43,R_100,0
1700012030,1053.435,R_100,5
1700012031,1053.446,R_100,6
1700012032,1053.451,R_100,1
1700012033,1053.456,R_100,6
1700012034,1053.453,R_100,3
1700012035,1053.454,R_100,4
1700012036,1053.458,R_100,8
1700012037,1053.46,R_100,0
1700012038,1053.46,R_100,0
1700012039,1053.461,R_100,1
1700012040,1053.462,R_100,2
1700012041,1053.468,R_100,8
1700012042,1053.472,R_100,2
1700012043,1053.489,R_100,9
1700012044,1053.498,R_100,8
1700012045,1053.505,R_100,5
1700012046,1053.516,R_100,6
1700012047,1053.512,R_100,2
1700012048,1053.515,R_100,5
1700012049,1053.523,R_100,3
1700012050,1053.529,R_100,9
1700012051,1053.53,R_100,0
1700012052,1053.534,R_100,4
1700012053,1053.543,R_100,3
1700012054,1053.547,R_100,7
1700012055,1053.555,R_100,5
1700012056,1053.556,R_100,6
1700012057,1053.561,R_100,1
1700012058,1053.567,R_100,7
1700012059,1053.57,R_100,0
1700012060,1053.576,R_100,6
1700012061,1053.586,R_100,6
1700012062,1053.591,R_100,1
1700012063,1053.594,R_100,4
1700012064,1053.598,R_100,8
1700012065,1053.598,R_100,8
1700012066,1053.609,R_100,9
1700012067,1053.618,R_100,8
1700012068,1053.62,R_100,0
1700012069,1053.62,R_100,0
1700012070,1053.624,R_100,4
1700012071,1053.631,R_100,1
1700012072,1053.635,R_100,5
1700012073,1053.631,R_100,1
1700012074,1053.637,R_100,7
1700012075,1053.645,R_100,5
1700012076,1053.641,R_100,1
1700012077,1053.645,R_100,5
1700012078,1053.647,R_100,7
1700012079,1053.642,R_100,2
1700012080,1053.647,R_100,7
1700012081,1053.648,R_100,8
1700012082,1053.647,R_100,7
1700012083,1053.65,R_100,0
1700012084,1053.643,R_100,3
1700012085,1053.645,R_100,5
1700012086,1053.645,R_100,5
1700012087,1053.64,R_100,0
1700012088,1053.641,R_100,1
1700012089,1053.642,R_100,2
1700012090,1053.641,R_100,1
1700012091,1053.644,R_100,4
1700012092,1053.644,R_100,4
1700012093,1053.646,R_100,6
1700012094,1053.656,R_100,6
1700012095,1053.666,R_100,6
1700012096,1053.67,R_100,0
1700012097,1053.673,R_100,3
1700012098,1053.675,R_100,5
1700012099,1053.679,R_100,9
1700012100,1053.688,R_100,8
1700012101,1053.696,R_100,6
1700012102,1053.694,R_100,4
1700012103,1053.696,R_100,6
1700012104,1053.704,R_100,4
1700012105,1053.713,R_100,3
1700012106,1053.714,R_100,4
1700012107,1053.712,R_100,2
1700012108,1053.724,R_100,4
1700012109,1053.736,R_100,6
1700012110,1053.737,R_100,7
1700012111,1053.739,R_100,9
1700012112,1053.731,R_100,1
1700012113,1053.73,R_100,0
1700012114,1053.738,R_100,8
1700012115,1053.744,R_100,4
1700012116,1053.746,R_100,6
1700012117,1053.753,R_100,3
1700012118,1053.754,R_100,4
1700012119,1053.769,R_100,9
1700012120,1053.763,R_100,3
1700012121,1053.774,R_100,4
1700012122,1053.782,R_100,2
1700012123,1053.78,R_100,0
1700012124,1053.783,R_100,3
1700012125,1053.78,R_100,0
1700012126,1053.781,R_100,1
1700012127,1053.788,R_100,8
1700012128,1053.786,R_100,6
1700012129,1053.796,R_100,6
1700012130,1053.793,R_100,3
1700012131,1053.796,R_100,6
1700012132,1053.808,R_100,8
1700012133,1053.818,R_100,8
1700012134,1053.829,R_100,9
1700012135,1053.835,R_100,5
1700012136,1053.835,R_100,5
1700012137,1053.84,R_100,0
1700012138,1053.844,R_100,4
1700012139,1053.854,R_100,4
1700012140,1053.854,R_100,4
1700012141,1053.863,R_100,3
1700012142,1053.873,R_100,3
1700012143,1053.873,R_100,3
1700012144,1053.871,R_100,1
1700012145,1053.885,R_100,5
1700012146,1053.892,R_100,2
1700012147,1053.895,R_100,5
1700012148,1053.906,R_100,6
1700012149,1053.901,R_100,1
1700012150,1053.903,R_100,3
1700012151,1053.906,R_100,6
1700012152,1053.901,R_100,1
1700012153,1053.905,R_100,5
1700012154,1053.911,R_100,1
1700012155,1053.915,R_100,5
1700012156,1053.919,R_100,9
1700012157,1053.925,R_100,5
1700012158,1053.937,R_100,7
1700012159,1053.94,R_100,0
1700012160,1053.943,R_100,3
1700012161,1053.943,R_100,3
1700012162,1053.943,R_100,3
1700012163,1053.943,R_100,3
1700012164,1053.948,R_100,8
1700012165,1053.953,R_100,3
1700012166,1053.96,R_100,0
1700012167,1053.969,R_100,9
1700012168,1053.979,R_100,9
1700012169,1053.975,R_100,5
1700012170,1053.98,R_100,0
1700012171,1053.98,R_100,0
1700012172,1053.985,R_100,5
1700012173,1053.995,R_100,5
1700012174,1053.992,R_100,2
1700012175,1053.998,R_100,8
1700012176,1053.995,R_100,5
1700012177,1054.005,R_100,5
1700012178,1054.019,R_100,9
1700012179,1054.023,R_100,3
1700012180,1054.02,R_100,0
1700012181,1054.023,R_100,3
1700012182,1054.025,R_100,5
1700012183,1054.039,R_100,9
1700012184,1054.041,R_100,1
1700012185,1054.055,R_100,5
1700012186,1054.068,R_100,8
1700012187,1054.07,R_100,0
1700012188,1054.074,R_100,4
1700012189,1054.084,R_100,4
1700012190,1054.086,R_100,6
1700012191,1054.098,R_100,8
1700012192,1054.101,R_100,1
1700012193,1054.115,R_100,5
1700012194,1054.123,R_100,3
1700012195,1054.125,R_100,5
1700012196,1054.125,R_100,5
1700012197,1054.125,R_100,5
1700012198,1054.13,R_100,0
1700012199,1054.137,R_100,7
1700012200,1054.144,R_100,4
1700012201,1054.149,R_100,9
1700012202,1054.149,R_100,9
1700012203,1054.15,R_100,0
1700012204,1054.158,R_100,8
1700012205,1054.167,R_100,7
1700012206,1054.163,R_100,3
1700012207,1054.162,R_100,2
1700012208,1054.163,R_100,3
1700012209,1054.178,R_100,8
1700012210,1054.182,R_100,2
1700012211,1054.183,R_100,3
1700012212,1054.182,R_100,2
1700012213,1054.186,R_100,6
1700012214,1054.192,R_100,2
1700012215,1054.193,R_100,3
1700012216,1054.204,R_100,4
1700012217,1054.209,R_100,9
1700012218,1054.219,R_100,9
1700012219,1054.221,R_100,1
1700012220,1054.227,R_100,7
1700012221,1054.223,R_100,3
1700012222,1054.23,R_100,0
1700012223,1054.237,R_100,7
1700012224,1054.248,R_100,8
1700012225,1054.251,R_100,1
1700012226,1054.256,R_100,6
1700012227,1054.265,R_100,5
1700012228,1054.279,R_100,9
1700012229,1054.282,R_100,2
1700012230,1054.284,R_100,4
1700012231,1054.294,R_100,4
1700012232,1054.301,R_100,1
1700012233,1054.3,R_100,0
1700012234,1054.306,R_100,6
1700012235,1054.316,R_100,6
1700012236,1054.321,R_100,1
1700012237,1054.332,R_100,2
1700012238,1054.339,R_100,9
1700012239,1054.344,R_100,4
1700012240,1054.341,R_100,1
1700012241,1054.343,R_100,3
1700012242,1054.341,R_100,1
1700012243,1054.348,R_100,8
1700012244,1054.352,R_100,2
1700012245,1054.364,R_100,4
1700012246,1054.365,R_100,5
1700012247,1054.36,R_100,0
1700012248,1054.362,R_100,2
1700012249,1054.366,R_100,6
1700012250,1054.378,R_100,8
1700012251,1054.388,R_100,8
1700012252,1054.392,R_100,2
1700012253,1054.397,R_100,7
1700012254,1054.404,R_100,4
1700012255,1054.41,R_100,0
1700012256,1054.415,R_100,5
1700012257,1054.419,R_100,9
1700012258,1054.424,R_100,4
1700012259,1054.425,R_100,5
1700012260,1054.429,R_100,9
1700012261,1054.43,R_100,0
1700012262,1054.435,R_100,5
1700012263,1054.445,R_100,5
1700012264,1054.455,R_100,5
1700012265,1054.459,R_100,9
1700012266,1054.465,R_100,5
1700012267,1054.47,R_100,0
1700012268,1054.472,R_100,2
1700012269,1054.479,R_100,9
1700012270,1054.485,R_100,5
1700012271,1054.483,R_100,3
1700012272,1054.483,R_100,3
1700012273,1054.48,R_100,0
1700012274,1054.489,R_100,9
1700012275,1054.494,R_100,4
1700012276,1054.49,R_100,0
1700012277,1054.486,R_100,6
1700012278,1054.491,R_100,1
1700012279,1054.49,R_100,0
1700012280,1054.491,R_100,1
1700012281,1054.491,R_100,1
1700012282,1054.493,R_100,3
1700012283,1054.507,R_100,7
1700012284,1054.515,R_100,5
1700012285,1054.517,R_100,7
1700012286,1054.513,R_100,3
1700012287,1054.516,R_100,6
1700012288,1054.521,R_100,1
1700012289,1054.528,R_100,8
1700012290,1054.532,R_100,2
1700012291,1054.545,R_100,5
1700012292,1054.549,R_100,9
1700012293,1054.557,R_100,7
1700012294,1054.568,R_100,8
1700012295,1054.56,R_100,0
1700012296,1054.566,R_100,6
1700012297,1054.576,R_100,6
1700012298,1054.57,R_100,0
1700012299,1054.578,R_100,8
1700012300,1054.586,R_100,6
1700012301,1054.587,R_100,7
1700012302,1054.598,R_100,8
1700012303,1054.607,R_100,7
1700012304,1054.609,R_100,9
1700012305,1054.611,R_100,1
1700012306,1054.624,R_100,4
1700012307,1054.626,R_100,6
1700012308,1054.632,R_100,2
1700012309,1054.64,R_100,0
1700012310,1054.642,R_100,2
1700012311,1054.641,R_100,1
1700012312,1054.649,R_100,9
1700012313,1054.657,R_100,7
1700012314,1054.65,R_100,0
1700012315,1054.655,R_100,5
1700012316,1054.669,R_100,9
1700012317,1054.677,R_100,7
1700012318,1054.683,R_100,3
1700012319,1054.688,R_100,8
1700012320,1054.682,R_100,2
1700012321,1054.682,R_100,2
1700012322,1054.685,R_100,5
1700012323,1054.693,R_100,3
1700012324,1054.709,R_100,9
1700012325,1054.7,R_100,0
1700012326,1054.7,R_100,0
1700012327,1054.706,R_100,6
1700012328,1054.717,R_100,7
1700012329,1054.725,R_100,5
1700012330,1054.736,R_100,6
1700012331,1054.749,R_100,9
1700012332,1054.757,R_100,7
1700012333,1054.768,R_100,8
1700012334,1054.774,R_100,4
1700012335,1054.789,R_100,9
1700012336,1054.79,R_100,0
1700012337,1054.807,R_100,7
1700012338,1054.81,R_100,0
1700012339,1054.819,R_100,9
1700012340,1054.82,R_100,0
1700012341,1054.828,R_100,8
1700012342,1054.833,R_100,3
1700012343,1054.841,R_100,1
1700012344,1054.846,R_100,6
1700012345,1054.849,R_100,9
1700012346,1054.856,R_100,6
1700012347,1054.868,R_100,8
1700012348,1054.876,R_100,6
1700012349,1054.889,R_100,9
1700012350,1054.882,R_100,2
1700012351,1054.884,R_100,4
1700012352,1054.882,R_100,2
1700012353,1054.881,R_100,1
1700012354,1054.882,R_100,2
1700012355,1054.886,R_100,6
1700012356,1054.895,R_100,5
1700012357,1054.902,R_100,2
1700012358,1054.906,R_100,6
1700012359,1054.904,R_100,4
1700012360,1054.904,R_100,4
1700012361,1054.9,R_100,0
1700012362,1054.902,R_100,2
1700012363,1054.901,R_100,1
1700012364,1054.903,R_100,3
1700012365,1054.909,R_100,9
1700012366,1054.912,R_100,2
1700012367,1054.918,R_100,8
1700012368,1054.91,R_100,0
1700012369,1054.914,R_100,4
1700012370,1054.917,R_100,7
1700012371,1054.925,R_100,5
1700012372,1054.937,R_100,7
1700012373,1054.947,R_100,7
1700012374,1054.958,R_100,8
1700012375,1054.966,R_100,6
1700012376,1054.975,R_100,5
1700012377,1054.972,R_100,2
1700012378,1054.978,R_100,8
1700012379,1054.98,R_100,0
1700012380,1054.987,R_100,7
1700012381,1054.989,R_100,9
1700012382,1054.993,R_100,3
1700012383,1054.99,R_100,0
1700012384,1054.994,R_100,4
1700012385,1054.995,R_100,5
1700012386,1054.992,R_100,2
1700012387,1055.009,R_100,9
1700012388,1055.013,R_100,3
1700012389,1055.019,R_100,9
1700012390,1055.02,R_100,0
1700012391,1055.031,R_100,1
1700012392,1055.035,R_100,5
1700012393,1055.044,R_100,4
1700012394,1055.048,R_100,8
1700012395,1055.05,R_100,0
1700012396,1055.057,R_100,7
1700012397,1055.066,R_100,6
1700012398,1055.062,R_100,2
1700012399,1055.061,R_100,1
1700012400,1055.061,R_100,1
1700012401,1055.061,R_100,1
1700012402,1055.06,R_100,0
1700012403,1055.062,R_100,2
1700012404,1055.069,R_100,9
1700012405,1055.073,R_100,3
1700012406,1055.077,R_100,7
1700012407,1055.077,R_100,7
1700012408,1055.074,R_100,4
1700012409,1055.07,R_100,0
1700012410,1055.081,R_100,1
1700012411,1055.083,R_100,3
1700012412,1055.08,R_100,0
1700012413,1055.087,R_100,7
1700012414,1055.091,R_100,1
1700012415,1055.095,R_100,5
1700012416,1055.09,R_100,0
1700012417,1055.099,R_100,9
1700012418,1055.105,R_100,5
1700012419,1055.105,R_100,5
1700012420,1055.102,R_100,2
1700012421,1055.108,R_100,8
1700012422,1055.118,R_100,8
1700012423,1055.123,R_100,3
1700012424,1055.122,R_100,2
1700012425,1055.125,R_100,5
1700012426,1055.138,R_100,8
1700012427,1055.141,R_100,1
1700012428,1055.143,R_100,3
1700012429,1055.141,R_100,1
1700012430,1055.145,R_100,5
1700012431,1055.149,R_100,9
1700012432,1055.154,R_100,4
1700012433,1055.167,R_100,7
1700012434,1055.178,R_100,8
1700012435,1055.188,R_100,8
1700012436,1055.195,R_100,5
1700012437,1055.192,R_100,2
1700012438,1055.197,R_100,7
1700012439,1055.202,R_100,2
1700012440,1055.201,R_100,1
1700012441,1055.201,R_100,1
1700012442,1055.208,R_100,8
1700012443,1055.215,R_100,5
1700012444,1055.224,R_100,4
1700012445,1055.228,R_100,8
1700012446,1055.236,R_100,6
1700012447,1055.231,R_100,1
1700012448,1055.233,R_100,3
1700012449,1055.23,R_100,0
1700012450,1055.233,R_100,3
1700012451,1055.243,R_100,3
1700012452,1055.248,R_100,8
1700012453,1055.244,R_100,4
1700012454,1055.247,R_100,7
1700012455,1055.251,R_100,1
1700012456,1055.259,R_100,9
1700012457,1055.264,R_100,4
1700012458,1055.276,R_100,6
1700012459,1055.282,R_100,2
1700012460,1055.28,R_100,0
1700012461,1055.282,R_100,2
1700012462,1055.298,R_100,8
1700012463,1055.308,R_100,8
1700012464,1055.31,R_100,0
1700012465,1055.32,R_100,0
1700012466,1055.32,R_100,0
1700012467,1055.326,R_100,6
1700012468,1055.334,R_100,4
1700012469,1055.338,R_100,8
1700012470,1055.347,R_100,7
1700012471,1055.35,R_100,0
1700012472,1055.353,R_100,3
1700012473,1055.356,R_100,6
1700012474,1055.361,R_100,1
1700012475,1055.363,R_100,3
1700012476,1055.36,R_100,0
1700012477,1055.364,R_100,4
1700012478,1055.369,R_100,9
1700012479,1055.371,R_100,1
1700012480,1055.389,R_100,9
1700012481,1055.393,R_100,3
1700012482,1055.391,R_100,1
1700012483,1055.398,R_100,8
1700012484,1055.403,R_100,3
1700012485,1055.404,R_100,4
1700012486,1055.401,R_100,1
1700012487,1055.412,R_100,2
1700012488,1055.418,R_100,8
1700012489,1055.429,R_100,9
1700012490,1055.431,R_100,1
1700012491,1055.437,R_100,7
1700012492,1055.443,R_100,3
1700012493,1055.448,R_100,8
1700012494,1055.453,R_100,3
1700012495,1055.469,R_100,9
1700012496,1055.468,R_100,8
1700012497,1055.472,R_100,2
1700012498,1055.475,R_100,5
1700012499,1055.483,R_100,3
1700012500,1055.484,R_100,4
1700012501,1055.499,R_100,9
1700012502,1055.503,R_100,3
1700012503,1055.514,R_100,4
1700012504,1055.512,R_100,2
1700012505,1055.51,R_100,0
1700012506,1055.514,R_100,4
1700012507,1055.523,R_100,3
1700012508,1055.524,R_100,4
1700012509,1055.529,R_100,9
1700012510,1055.533,R_100,3
1700012511,1055.535,R_100,5
1700012512,1055.549,R_100,9
1700012513,1055.552,R_100,2
1700012514,1055.558,R_100,8
1700012515,1055.562,R_100,2
1700012516,1055.57,R_100,0
1700012517,1055.577,R_100,7
1700012518,1055.572,R_100,2
1700012519,1055.589,R_100,9
1700012520,1055.583,R_100,3
1700012521,1055.588,R_100,8
1700012522,1055.59,R_100,0
1700012523,1055.593,R_100,3
1700012524,1055.596,R_100,6
1700012525,1055.593,R_100,3
1700012526,1055.59,R_100,0
1700012527,1055.598,R_100,8
1700012528,1055.597,R_100,7
1700012529,1055.597,R_100,7
1700012530,1055.591,R_100,1
1700012531,1055.601,R_100,1
1700012532,1055.601,R_100,1
1700012533,1055.609,R_100,9
1700012534,1055.611,R_100,1
1700012535,1055.615,R_100,5
1700012536,1055.624,R_100,4
1700012537,1055.632,R_100,2
1700012538,1055.636,R_100,6
1700012539,1055.632,R_100,2
1700012540,1055.632,R_100,2
1700012541,1055.64,R_100,0
1700012542,1055.644,R_100,4
1700012543,1055.642,R_100,2
1700012544,1055.643,R_100,3
1700012545,1055.646,R_100,6
1700012546,1055.645,R_100,5
1700012547,1055.647,R_100,7
1700012548,1055.647,R_100,7
1700012549,1055.65,R_100,0
1700012550,1055.656,R_100,6
1700012551,1055.66,R_100,0
1700012552,1055.669,R_100,9
1700012553,1055.679,R_100,9
1700012554,1055.684,R_100,4
1700012555,1055.692,R_100,2
1700012556,1055.696,R_100,6
1700012557,1055.705,R_100,5
1700012558,1055.716,R_100,6
1700012559,1055.72,R_100,0
1700012560,1055.722,R_100,2
1700012561,1055.725,R_100,5
1700012562,1055.733,R_100,3
1700012563,1055.732,R_100,2
1700012564,1055.736,R_100,6
1700012565,1055.733,R_100,3
1700012566,1055.733,R_100,3
1700012567,1055.73,R_100,0
1700012568,1055.738,R_100,8
1700012569,1055.741,R_100,1
1700012570,1055.748,R_100,8
1700012571,1055.741,R_100,1
1700012572,1055.748,R_100,8
1700012573,1055.745,R_100,5
1700012574,1055.741,R_100,1
1700012575,1055.748,R_100,8
1700012576,1055.745,R_100,5
1700012577,1055.74,R_100,0
1700012578,1055.743,R_100,3
1700012579,1055.744,R_100,4
1700012580,1055.759,R_100,9
1700012581,1055.762,R_100,2
1700012582,1055.765,R_100,5
1700012583,1055.771,R_100,1
1700012584,1055.779,R_100,9
1700012585,1055.788,R_100,8
1700012586,1055.78,R_100,0
1700012587,1055.781,R_100,1
1700012588,1055.787,R_100,7
1700012589,1055.793,R_100,3
1700012590,1055.797,R_100,7
1700012591,1055.795,R_100,5
1700012592,1055.792,R_100,2
1700012593,1055.808,R_100,8
1700012594,1055.811,R_100,1
1700012595,1055.818,R_100,8
1700012596,1055.822,R_100,2
1700012597,1055.836,R_100,6
1700012598,1055.839,R_100,9
1700012599,1055.84,R_100,0
1700012600,1055.843,R_100,3
1700012601,1055.856,R_100,6
1700012602,1055.869,R_100,9
1700012603,1055.872,R_100,2
1700012604,1055.887,R_100,7
1700012605,1055.899,R_100,9
1700012606,1055.896,R_100,6
1700012607,1055.902,R_100,2
1700012608,1055.907,R_100,7
1700012609,1055.914,R_100,4
1700012610,1055.917,R_100,7
1700012611,1055.924,R_100,4
1700012612,1055.923,R_100,3
1700012613,1055.931,R_100,1
1700012614,1055.934,R_100,4
1700012615,1055.932,R_100,2
1700012616,1055.933,R_100,3
1700012617,1055.933,R_100,3
1700012618,1055.93,R_100,0
1700012619,1055.935,R_100,5
1700012620,1055.94,R_100,0
1700012621,1055.948,R_100,8
1700012622,1055.952,R_100,2
1700012623,1055.95,R_100,0
1700012624,1055.951,R_100,1
1700012625,1055.956,R_100,6
1700012626,1055.954,R_100,4
1700012627,1055.957,R_100,7
1700012628,1055.96,R_100,0
1700012629,1055.969,R_100,9
1700012630,1055.974,R_100,4
1700012631,1055.979,R_100,9
1700012632,1055.984,R_100,4
1700012633,1055.991,R_100,1
1700012634,1055.999,R_100,9
1700012635,1055.999,R_100,9
1700012636,1056.009,R_100,9
1700012637,1056.019,R_100,9
1700012638,1056.028,R_100,8
1700012639,1056.033,R_100,3
1700012640,1056.036,R_100,6
1700012641,1056.043,R_100,3
1700012642,1056.049,R_100,9
1700012643,1056.058,R_100,8
1700012644,1056.064,R_100,4
1700012645,1056.071,R_100,1
1700012646,1056.076,R_100,6
1700012647,1056.077,R_100,7
1700012648,1056.075,R_100,5
1700012649,1056.089,R_100,9
1700012650,1056.094,R_100,4
1700012651,1056.091,R_100,1
1700012652,1056.092,R_100,2
1700012653,1056.106,R_100,6
1700012654,1056.104,R_100,4
1700012655,1056.106,R_100,6
1700012656,1056.105,R_100,5
1700012657,1056.11,R_100,0
1700012658,1056.128,R_100,8
1700012659,1056.138,R_100,8
1700012660,1056.141,R_100,1
1700012661,1056.142,R_100,2
1700012662,1056.149,R_100,9
1700012663,1056.157,R_100,7
1700012664,1056.162,R_100,2
1700012665,1056.166,R_100,6
1700012666,1056.165,R_100,5
1700012667,1056.173,R_100,3
1700012668,1056.181,R_100,1
1700012669,1056.184,R_100,4
1700012670,1056.196,R_100,6
1700012671,1056.208,R_100,8
1700012672,1056.211,R_100,1
1700012673,1056.217,R_100,7
1700012674,1056.225,R_100,5
1700012675,1056.236,R_100,6
1700012676,1056.24,R_100,0
1700012677,1056.249,R_100,9
1700012678,1056.252,R_100,2
1700012679,1056.25,R_100,0
1700012680,1056.255,R_100,5
1700012681,1056.251,R_100,1
1700012682,1056.255,R_100,5
1700012683,1056.259,R_100,9
1700012684,1056.268,R_100,8
1700012685,1056.274,R_100,4
1700012686,1056.281,R_100,1
1700012687,1056.286,R_100,6
1700012688,1056.293,R_100,3
1700012689,1056.3,R_100,0
1700012690,1056.301,R_100,1
1700012691,1056.305,R_100,5
1700012692,1056.311,R_100,1
1700012693,1056.318,R_100,8
1700012694,1056.326,R_100,6
1700012695,1056.339,R_100,9
1700012696,1056.343,R_100,3
1700012697,1056.355,R_100,5
1700012698,1056.352,R_100,2
1700012699,1056.356,R_100,6
1700012700,1056.361,R_100,1
1700012701,1056.368,R_100,8
1700012702,1056.377,R_100,7
1700012703,1056.38,R_100,0
1700012704,1056.384,R_100,4
1700012705,1056.386,R_100,6
1700012706,1056.397,R_100,7
1700012707,1056.4,R_100,0
1700012708,1056.403,R_100,3
1700012709,1056.412,R_100,2
1700012710,1056.412,R_100,2
1700012711,1056.421,R_100,1
1700012712,1056.424,R_100,4
1700012713,1056.42,R_100,0
1700012714,1056.423,R_100,3
1700012715,1056.428,R_100,8
1700012716,1056.437,R_100,7
1700012717,1056.448,R_100,8
1700012718,1056.449,R_100,9
1700012719,1056.452,R_100,2
1700012720,1056.451,R_100,1
1700012721,1056.462,R_100,2
1700012722,1056.462,R_100,2
1700012723,1056.464,R_100,4
1700012724,1056.467,R_100,7
1700012725,1056.473,R_100,3
1700012726,1056.478,R_100,8
1700012727,1056.485,R_100,5
1700012728,1056.48,R_100,0
1700012729,1056.48,R_100,0
1700012730,1056.482,R_100,2
1700012731,1056.489,R_100,9
1700012732,1056.493,R_100,3
1700012733,1056.493,R_100,3
1700012734,1056.507,R_100,7
1700012735,1056.505,R_100,5
1700012736,1056.51,R_100,0
1700012737,1056.519,R_100,9
1700012738,1056.521,R_100,1
1700012739,1056.532,R_100,2
1700012740,1056.531,R_100,1
1700012741,1056.536,R_100,6
1700012742,1056.53,R_100,0
1700012743,1056.533,R_100,3
1700012744,1056.533,R_100,3
1700012745,1056.548,R_100,8
1700012746,1056.554,R_100,4
1700012747,1056.565,R_100,5
1700012748,1056.563,R_100,3
1700012749,1056.571,R_100,1
1700012750,1056.57,R_100,0
1700012751,1056.576,R_100,6
1700012752,1056.581,R_100,1
1700012753,1056.586,R_100,6
1700012754,1056.58,R_100,0
1700012755,1056.585,R_100,5
1700012756,1056.599,R_100,9
1700012757,1056.604,R_100,4
1700012758,1056.601,R_100,1
1700012759,1056.603,R_100,3
1700012760,1056.602,R_100,2
1700012761,1056.607,R_100,7
1700012762,1056.613,R_100,3
1700012763,1056.616,R_100,6
1700012764,1056.618,R_100,8
1700012765,1056.624,R_100,4
1700012766,1056.622,R_100,2
1700012767,1056.621,R_100,1
1700012768,1056.628,R_100,8
1700012769,1056.635,R_100,5
1700012770,1056.639,R_100,9
1700012771,1056.634,R_100,4
1700012772,1056.638,R_100,8
1700012773,1056.646,R_100,6
1700012774,1056.652,R_100,2
1700012775,1056.659,R_100,9
1700012776,1056.66,R_100,0
1700012777,1056.664,R_100,4
1700012778,1056.662,R_100,2
1700012779,1056.667,R_100,7
1700012780,1056.679,R_100,9
1700012781,1056.686,R_100,6
1700012782,1056.692,R_100,2
1700012783,1056.695,R_100,5
1700012784,1056.704,R_100,4
1700012785,1056.708,R_100,8
1700012786,1056.712,R_100,2
1700012787,1056.715,R_100,5
1700012788,1056.713,R_100,3
1700012789,1056.711,R_100,1
1700012790,1056.718,R_100,8
1700012791,1056.721,R_100,1
1700012792,1056.721,R_100,1
1700012793,1056.728,R_100,8
1700012794,1056.729,R_100,9
1700012795,1056.731,R_100,1
1700012796,1056.735,R_100,5
1700012797,1056.732,R_100,2
1700012798,1056.739,R_100,9
1700012799,1056.737,R_100,7
1700012800,1056.747,R_100,7
1700012801,1056.746,R_100,6
1700012802,1056.754,R_100,4
1700012803,1056.766,R_100,6
1700012804,1056.771,R_100,1
1700012805,1056.77,R_100,0
1700012806,1056.775,R_100,5
1700012807,1056.788,R_100,8
1700012808,1056.799,R_100,9
1700012809,1056.801,R_100,1
1700012810,1056.806,R_100,6
1700012811,1056.813,R_100,3
1700012812,1056.826,R_100,6
1700012813,1056.834,R_100,4
1700012814,1056.845,R_100,5
1700012815,1056.844,R_100,4
1700012816,1056.848,R_100,8
1700012817,1056.849,R_100,9
1700012818,1056.847,R_100,7
1700012819,1056.858,R_100,8
1700012820,1056.864,R_100,4
1700012821,1056.861,R_100,1
1700012822,1056.877,R_100,7
1700012823,1056.873,R_100,3
1700012824,1056.87,R_100,0
1700012825,1056.872,R_100,2
1700012826,1056.876,R_100,6
1700012827,1056.877,R_100,7
1700012828,1056.883,R_100,3
1700012829,1056.884,R_100,4
1700012830,1056.893,R_100,3
1700012831,1056.897,R_100,7
1700012832,1056.892,R_100,2
1700012833,1056.909,R_100,9
1700012834,1056.914,R_100,4
1700012835,1056.91,R_100,0
1700012836,1056.914,R_100,4
1700012837,1056.918,R_100,8
1700012838,1056.921,R_100,1
1700012839,1056.935,R_100,5
1700012840,1056.943,R_100,3
1700012841,1056.948,R_100,8
1700012842,1056.953,R_100,3
1700012843,1056.951,R_100,1
1700012844,1056.953,R_100,3
1700012845,1056.955,R_100,5
1700012846,1056.959,R_100,9
1700012847,1056.95,R_100,0
1700012848,1056.957,R_100,7
1700012849,1056.957,R_100,7
1700012850,1056.964,R_100,4
1700012851,1056.977,R_100,7
1700012852,1056.974,R_100,4
1700012853,1056.988,R_100,8
1700012854,1056.983,R_100,3
1700012855,1056.987,R_100,7
1700012856,1056.988,R_100,8
1700012857,1056.98,R_100,0
1700012858,1056.986,R_100,6
1700012859,1056.983,R_100,3
1700012860,1056.983,R_100,3
1700012861,1056.989,R_100,9
1700012862,1056.995,R_100,5
1700012863,1057.001,R_100,1
1700012864,1057.002,R_100,2
1700012865,1057.002,R_100,2
1700012866,1057.01,R_100,0
1700012867,1057.017,R_100,7
1700012868,1057.023,R_100,3
1700012869,1057.022,R_100,2
1700012870,1057.025,R_100,5
1700012871,1057.026,R_100,6
1700012872,1057.037,R_100,7
1700012873,1057.039,R_100,9
1700012874,1057.042,R_100,2
1700012875,1057.046,R_100,6
1700012876,1057.047,R_100,7
1700012877,1057.058,R_100,8
1700012878,1057.068,R_100,8
1700012879,1057.079,R_100,9
1700012880,1057.083,R_100,3
1700012881,1057.087,R_100,7
1700012882,1057.09,R_100,0
1700012883,1057.09,R_100,0
1700012884,1057.096,R_100,6
1700012885,1057.099,R_100,9
1700012886,1057.103,R_100,3
1700012887,1057.107,R_100,7
1700012888,1057.116,R_100,6
1700012889,1057.122,R_100,2
1700012890,1057.121,R_100,1
1700012891,1057.127,R_100,7
1700012892,1057.131,R_100,1
1700012893,1057.137,R_100,7
1700012894,1057.132,R_100,2
1700012895,1057.13,R_100,0
1700012896,1057.13,R_100,0
1700012897,1057.136,R_100,6
1700012898,1057.138,R_100,8
1700012899,1057.147,R_100,7
1700012900,1057.151,R_100,1
1700012901,1057.153,R_100,3
1700012902,1057.15,R_100,0
1700012903,1057.155,R_100,5
1700012904,1057.159,R_100,9
1700012905,1057.161,R_100,1
1700012906,1057.166,R_100,6
1700012907,1057.16,R_100,0
1700012908,1057.165,R_100,5
1700012909,1057.166,R_100,6
1700012910,1057.172,R_100,2
1700012911,1057.179,R_100,9
1700012912,1057.182,R_100,2
1700012913,1057.189,R_100,9
1700012914,1057.193,R_100,3
1700012915,1057.194,R_100,4
1700012916,1057.193,R_100,3
1700012917,1057.195,R_100,5
1700012918,1057.209,R_100,9
1700012919,1057.209,R_100,9
1700012920,1057.215,R_100,5
1700012921,1057.229,R_100,9
1700012922,1057.231,R_100,1
1700012923,1057.237,R_100,7
1700012924,1057.248,R_100,8
1700012925,1057.252,R_100,2
1700012926,1057.258,R_100,8
1700012927,1057.268,R_100,8
1700012928,1057.266,R_100,6
1700012929,1057.273,R_100,3
1700012930,1057.275,R_100,5
1700012931,1057.272,R_100,2
1700012932,1057.277,R_100,7
1700012933,1057.289,R_100,9
1700012934,1057.29,R_100,0
1700012935,1057.297,R_100,7
1700012936,1057.305,R_100,5
1700012937,1057.309,R_100,9
1700012938,1057.319,R_100,9
1700012939,1057.32,R_100,0
1700012940,1057.324,R_100,4
1700012941,1057.325,R_100,5
1700012942,1057.325,R_100,5
1700012943,1057.326,R_100,6
1700012944,1057.337,R_100,7
1700012945,1057.342,R_100,2
1700012946,1057.343,R_100,3
1700012947,1057.341,R_100,1
1700012948,1057.34,R_100,0
1700012949,1057.349,R_100,9
1700012950,1057.354,R_100,4
1700012951,1057.353,R_100,3
1700012952,1057.355,R_100,5
1700012953,1057.351,R_100,1
1700012954,1057.369,R_100,9
1700012955,1057.37,R_100,0
1700012956,1057.374,R_100,4
1700012957,1057.377,R_100,7
1700012958,1057.384,R_100,4
1700012959,1057.396,R_100,6
1700012960,1057.394,R_100,4
1700012961,1057.397,R_100,7
1700012962,1057.391,R_100,1
1700012963,1057.396,R_100,6
1700012964,1057.399,R_100,9
1700012965,1057.405,R_100,5
1700012966,1057.4,R_100,0
1700012967,1057.401,R_100,1
1700012968,1057.405,R_100,5
1700012969,1057.41,R_100,0
1700012970,1057.419,R_100,9
1700012971,1057.422,R_100,2
1700012972,1057.422,R_100,2
1700012973,1057.427,R_100,7
1700012974,1057.421,R_100,1
1700012975,1057.428,R_100,8
1700012976,1057.439,R_100,9
1700012977,1057.441,R_100,1
1700012978,1057.448,R_100,8
1700012979,1057.448,R_100,8
1700012980,1057.459,R_100,9
1700012981,1057.455,R_100,5
1700012982,1057.453,R_100,3
1700012983,1057.457,R_100,7
1700012984,1057.455,R_100,5
1700012985,1057.464,R_100,4
1700012986,1057.475,R_100,5
1700012987,1057.477,R_100,7
1700012988,1057.48,R_100,0
1700012989,1057.483,R_100,3
1700012990,1057.487,R_100,7
1700012991,1057.481,R_100,1
1700012992,1057.488,R_100,8
1700012993,1057.49,R_100,0
1700012994,1057.499,R_100,9
1700012995,1057.507,R_100,7
1700012996,1057.505,R_100,5
1700012997,1057.513,R_100,3
1700012998,1057.515,R_100,5
1700012999,1057.512,R_100,2
1700013000,1057.529,R_100,9
1700013001,1057.535,R_100,5
1700013002,1057.545,R_100,5
1700013003,1057.557,R_100,7
1700013004,1057.555,R_100,5
1700013005,1057.558,R_100,8
1700013006,1057.562,R_100,2
1700013007,1057.567,R_100,7
1700013008,1057.567,R_100,7
1700013009,1057.564,R_100,4
1700013010,1057.571,R_100,1
1700013011,1057.578,R_100,8
1700013012,1057.589,R_100,9
1700013013,1057.586,R_100,6
1700013014,1057.594,R_100,4
1700013015,1057.59,R_100,0
1700013016,1057.591,R_100,1
1700013017,1057.606,R_100,6
1700013018,1057.609,R_100,9
1700013019,1057.616,R_100,6
1700013020,1057.619,R_100,9
1700013021,1057.627,R_100,7
1700013022,1057.638,R_100,8
1700013023,1057.642,R_100,2
1700013024,1057.642,R_100,2
1700013025,1057.641,R_100,1
1700013026,1057.65,R_100,0
1700013027,1057.658,R_100,8
1700013028,1057.663,R_100,3
1700013029,1057.675,R_100,5
1700013030,1057.677,R_100,7
1700013031,1057.684,R_100,4
1700013032,1057.694,R_100,4
1700013033,1057.7,R_100,0
1700013034,1057.709,R_100,9
1700013035,1057.709,R_100,9
1700013036,1057.718,R_100,8
1700013037,1057.725,R_100,5
1700013038,1057.737,R_100,7
1700013039,1057.74,R_100,0
1700013040,1057.747,R_100,7
1700013041,1057.754,R_100,4
1700013042,1057.751,R_100,1
1700013043,1057.753,R_100,3
1700013044,1057.765,R_100,5
1700013045,1057.761,R_100,1
1700013046,1057.764,R_100,4
1700013047,1057.761,R_100,1
1700013048,1057.765,R_100,5
1700013049,1057.774,R_100,4
1700013050,1057.789,R_100,9
1700013051,1057.793,R_100,3
1700013052,1057.794,R_100,4
1700013053,1057.805,R_100,5
1700013054,1057.814,R_100,4
1700013055,1057.81,R_100,0
1700013056,1057.818,R_100,8
1700013057,1057.821,R_100,1
1700013058,1057.823,R_100,3
1700013059,1057.837,R_100,7
1700013060,1057.841,R_100,1
1700013061,1057.854,R_100,4
1700013062,1057.86,R_100,0
1700013063,1057.866,R_100,6
1700013064,1057.86,R_100,0
1700013065,1057.863,R_100,3
1700013066,1057.861,R_100,1
1700013067,1057.863,R_100,3
1700013068,1057.867,R_100,7
1700013069,1057.871,R_100,1
1700013070,1057.887,R_100,7
1700013071,1057.893,R_100,3
1700013072,1057.903,R_100,3
1700013073,1057.914,R_100,4
1700013074,1057.918,R_100,8
1700013075,1057.925,R_100,5
1700013076,1057.922,R_100,2
1700013077,1057.925,R_100,5
1700013078,1057.924,R_100,4
1700013079,1057.921,R_100,1
1700013080,1057.924,R_100,4
1700013081,1057.929,R_100,9
1700013082,1057.93,R_100,0
1700013083,1057.931,R_100,1
1700013084,1057.937,R_100,7
1700013085,1057.942,R_100,2
1700013086,1057.947,R_100,7
1700013087,1057.946,R_100,6
1700013088,1057.956,R_100,6
1700013089,1057.958,R_100,8
1700013090,1057.963,R_100,3
1700013091,1057.976,R_100,6
1700013092,1057.976,R_100,6
1700013093,1057.984,R_100,4
1700013094,1057.991,R_100,1
1700013095,1057.998,R_100,8
1700013096,1058.001,R_100,1
1700013097,1058.001,R_100,1
1700013098,1058.001,R_100,1
1700013099,1058.009,R_100,9
1700013100,1058.018,R_100,8
1700013101,1058.017,R_100,7
1700013102,1058.022,R_100,2
1700013103,1058.036,R_100,6
1700013104,1058.034,R_100,4
1700013105,1058.039,R_100,9
1700013106,1058.047,R_100,7
1700013107,1058.053,R_100,3
1700013108,1058.063,R_100,3
1700013109,1058.06,R_100,0
1700013110,1058.062,R_100,2
1700013111,1058.071,R_100,1
1700013112,1058.071,R_100,1
1700013113,1058.073,R_100,3
1700013114,1058.08,R_100,0
1700013115,1058.084,R_100,4
1700013116,1058.088,R_100,8
1700013117,1058.081,R_100,1
1700013118,1058.095,R_100,5
1700013119,1058.093,R_100,3
1700013120,1058.09,R_100,0
1700013121,1058.095,R_100,5
1700013122,1058.1,R_100,0
1700013123,1058.103,R_100,3
1700013124,1058.114,R_100,4
1700013125,1058.111,R_100,1
1700013126,1058.115,R_100,5
1700013127,1058.112,R_100,2
1700013128,1058.116,R_100,6
1700013129,1058.117,R_100,7
1700013130,1058.129,R_100,9
1700013131,1058.138,R_100,8
1700013132,1058.135,R_100,5
1700013133,1058.13,R_100,0
1700013134,1058.139,R_100,9
1700013135,1058.131,R_100,1
1700013136,1058.13,R_100,0
1700013137,1058.129,R_100,9
1700013138,1058.13,R_100,0
1700013139,1058.138,R_100,8
1700013140,1058.144,R_100,4
1700013141,1058.149,R_100,9
1700013142,1058.158,R_100,8
1700013143,1058.164,R_100,4
1700013144,1058.163,R_100,3
1700013145,1058.16,R_100,0
1700013146,1058.169,R_100,9
1700013147,1058.179,R_100,9
1700013148,1058.188,R_100,8
1700013149,1058.195,R_100,5
1700013150,1058.203,R_100,3
1700013151,1058.205,R_100,5
1700013152,1058.215,R_100,5
1700013153,1058.213,R_100,3
1700013154,1058.218,R_100,8
1700013155,1058.212,R_100,2
1700013156,1058.224,R_100,4
1700013157,1058.229,R_100,9
1700013158,1058.233,R_100,3
1700013159,1058.236,R_100,6
1700013160,1058.245,R_100,5
1700013161,1058.246,R_100,6
1700013162,1058.249,R_100,9
1700013163,1058.252,R_100,2
1700013164,1058.252,R_100,2
1700013165,1058.251,R_100,1
1700013166,1058.258,R_100,8
1700013167,1058.262,R_100,2
1700013168,1058.265,R_100,5
1700013169,1058.267,R_100,7
1700013170,1058.273,R_100,3
1700013171,1058.283,R_100,3
1700013172,1058.293,R_100,3
1700013173,1058.296,R_100,6
1700013174,1058.292,R_100,2
1700013175,1058.29,R_100,0
1700013176,1058.294,R_100,4
1700013177,1058.309,R_100,9
1700013178,1058.312,R_100,2
1700013179,1058.314,R_100,4
1700013180,1058.326,R_100,6
1700013181,1058.334,R_100,4
1700013182,1058.336,R_100,6
1700013183,1058.344,R_100,4
1700013184,1058.343,R_100,3
1700013185,1058.352,R_100,2
1700013186,1058.35,R_100,0
1700013187,1058.356,R_100,6
1700013188,1058.367,R_100,7
1700013189,1058.362,R_100,2
1700013190,1058.365,R_100,5
1700013191,1058.374,R_100,4
1700013192,1058.373,R_100,3
1700013193,1058.384,R_100,4
1700013194,1058.395,R_100,5
1700013195,1058.398,R_100,8
1700013196,1058.399,R_100,9
1700013197,1058.4,R_100,0
1700013198,1058.408,R_100,8
1700013199,1058.415,R_100,5
1700013200,1058.424,R_100,4
1700013201,1058.431,R_100,1
1700013202,1058.434,R_100,4
1700013203,1058.431,R_100,1
1700013204,1058.436,R_100,6
1700013205,1058.441,R_100,1
1700013206,1058.446,R_100,6
1700013207,1058.442,R_100,2
1700013208,1058.446,R_100,6
1700013209,1058.442,R_100,2
1700013210,1058.442,R_100,2
1700013211,1058.448,R_100,8
1700013212,1058.451,R_100,1
1700013213,1058.459,R_100,9
1700013214,1058.46,R_100,0
1700013215,1058.465,R_100,5
1700013216,1058.477,R_100,7
1700013217,1058.486,R_100,6
1700013218,1058.491,R_100,1
1700013219,1058.501,R_100,1
1700013220,1058.505,R_100,5
1700013221,1058.507,R_100,7
1700013222,1058.516,R_100,6
1700013223,1058.524,R_100,4
1700013224,1058.533,R_100,3
1700013225,1058.536,R_100,6
1700013226,1058.546,R_100,6
1700013227,1058.557,R_100,7
1700013228,1058.56,R_100,0
1700013229,1058.565,R_100,5
1700013230,1058.578,R_100,8
1700013231,1058.586,R_100,6
1700013232,1058.597,R_100,7
1700013233,1058.604,R_100,4
1700013234,1058.612,R_100,2
1700013235,1058.618,R_100,8
1700013236,1058.62,R_100,0
1700013237,1058.624,R_100,4
1700013238,1058.629,R_100,9
1700013239,1058.63,R_100,0
1700013240,1058.637,R_100,7
1700013241,1058.644,R_100,4
1700013242,1058.653,R_100,3
1700013243,1058.661,R_100,1
1700013244,1058.661,R_100,1
1700013245,1058.66,R_100,0
1700013246,1058.668,R_100,8
1700013247,1058.671,R_100,1
1700013248,1058.674,R_100,4
1700013249,1058.681,R_100,1
1700013250,1058.689,R_100,9
1700013251,1058.695,R_100,5
1700013252,1058.692,R_100,2
1700013253,1058.697,R_100,7
1700013254,1058.703,R_100,3
1700013255,1058.708,R_100,8
1700013256,1058.711,R_100,1
1700013257,1058.717,R_100,7
1700013258,1058.721,R_100,1
1700013259,1058.726,R_100,6
1700013260,1058.731,R_100,1
1700013261,1058.732,R_100,2
1700013262,1058.737,R_100,7
1700013263,1058.745,R_100,5
1700013264,1058.75,R_100,0
1700013265,1058.756,R_100,6
1700013266,1058.755,R_100,5
1700013267,1058.751,R_100,1
1700013268,1058.755,R_100,5
1700013269,1058.766,R_100,6
1700013270,1058.776,R_100,6
1700013271,1058.783,R_100,3
1700013272,1058.789,R_100,9
1700013273,1058.794,R_100,4
1700013274,1058.796,R_100,6
1700013275,1058.799,R_100,9
1700013276,1058.8,R_100,0
1700013277,1058.808,R_100,8
1700013278,1058.811,R_100,1
1700013279,1058.821,R_100,1
1700013280,1058.825,R_100,5
1700013281,1058.835,R_100,5
1700013282,1058.832,R_100,2
1700013283,1058.837,R_100,7
1700013284,1058.842,R_100,2
1700013285,1058.84,R_100,0
1700013286,1058.845,R_100,5
1700013287,1058.841,R_100,1
1700013288,1058.853,R_100,3
1700013289,1058.866,R_100,6
1700013290,1058.879,R_100,9
1700013291,1058.888,R_100,8
1700013292,1058.89,R_100,0
1700013293,1058.899,R_100,9
1700013294,1058.909,R_100,9
1700013295,1058.91,R_100,0
1700013296,1058.91,R_100,0
1700013297,1058.911,R_100,1
1700013298,1058.913,R_100,3
1700013299,1058.917,R_100,7
1700013300,1058.92,R_100,0
1700013301,1058.928,R_100,8
1700013302,1058.923,R_100,3
1700013303,1058.922,R_100,2
1700013304,1058.92,R_100,0
1700013305,1058.921,R_100,1
1700013306,1058.929,R_100,9
1700013307,1058.937,R_100,7
1700013308,1058.937,R_100,7
1700013309,1058.941,R_100,1
1700013310,1058.943,R_100,3
1700013311,1058.948,R_100,8
1700013312,1058.953,R_100,3
1700013313,1058.956,R_100,6
1700013314,1058.95,R_100,0
1700013315,1058.95,R_100,0
1700013316,1058.959,R_100,9
1700013317,1058.966,R_100,6
1700013318,1058.976,R_100,6
1700013319,1058.988,R_100,8
1700013320,1058.991,R_100,1
1700013321,1058.999,R_100,9
1700013322,1059.007,R_100,7
1700013323,1059.006,R_100,6
1700013324,1059.013,R_100,3
1700013325,1059.016,R_100,6
1700013326,1059.015,R_100,5
1700013327,1059.026,R_100,6
1700013328,1059.036,R_100,6
1700013329,1059.047,R_100,7
1700013330,1059.059,R_100,9
1700013331,1059.058,R_100,8
1700013332,1059.061,R_100,1
1700013333,1059.069,R_100,9
1700013334,1059.077,R_100,7
1700013335,1059.082,R_100,2
1700013336,1059.087,R_100,7
1700013337,1059.096,R_100,6
1700013338,1059.107,R_100,7
1700013339,1059.115,R_100,5
1700013340,1059.126,R_100,6
1700013341,1059.139,R_100,9
1700013342,1059.137,R_100,7
1700013343,1059.136,R_100,6
1700013344,1059.134,R_100,4
1700013345,1059.133,R_100,3
1700013346,1059.137,R_100,7
1700013347,1059.142,R_100,2
1700013348,1059.149,R_100,9
1700013349,1059.157,R_100,7
1700013350,1059.16,R_100,0
1700013351,1059.164,R_100,4
1700013352,1059.167,R_100,7
1700013353,1059.161,R_100,1
1700013354,1059.164,R_100,4
1700013355,1059.176,R_100,6
1700013356,1059.178,R_100,8
1700013357,1059.17,R_100,0
1700013358,1059.171,R_100,1
1700013359,1059.17,R_100,0
1700013360,1059.171,R_100,1
1700013361,1059.17,R_100,0
1700013362,1059.175,R_100,5
1700013363,1059.188,R_100,8
1700013364,1059.196,R_100,6
1700013365,1059.199,R_100,9
1700013366,1059.207,R_100,7
1700013367,1059.212,R_100,2
1700013368,1059.218,R_100,8
1700013369,1059.228,R_100,8
1700013370,1059.231,R_100,1
1700013371,1059.236,R_100,6
1700013372,1059.246,R_100,6
1700013373,1059.241,R_100,1
1700013374,1059.245,R_100,5
1700013375,1059.245,R_100,5
1700013376,1059.243,R_100,3
1700013377,1059.24,R_100,0
1700013378,1059.244,R_100,4
1700013379,1059.257,R_100,7
1700013380,1059.266,R_100,6
1700013381,1059.271,R_100,1
1700013382,1059.271,R_100,1
1700013383,1059.274,R_100,4
1700013384,1059.279,R_100,9
1700013385,1059.285,R_100,5
1700013386,1059.299,R_100,9
1700013387,1059.304,R_100,4
1700013388,1059.302,R_100,2
1700013389,1059.309,R_100,9
1700013390,1059.318,R_100,8
1700013391,1059.324,R_100,4
1700013392,1059.332,R_100,2
1700013393,1059.332,R_100,2
1700013394,1059.335,R_100,5
1700013395,1059.342,R_100,2
1700013396,1059.344,R_100,4
1700013397,1059.353,R_100,3
1700013398,1059.351,R_100,1
1700013399,1059.35,R_100,0
1700013400,1059.352,R_100,2
1700013401,1059.352,R_100,2
1700013402,1059.367,R_100,7
1700013403,1059.373,R_100,3
1700013404,1059.379,R_100,9
1700013405,1059.384,R_100,4
1700013406,1059.399,R_100,9
1700013407,1059.393,R_100,3
1700013408,1059.397,R_100,7
1700013409,1059.407,R_100,7
1700013410,1059.405,R_100,5
1700013411,1059.414,R_100,4
1700013412,1059.425,R_100,5
1700013413,1059.43,R_100,0
1700013414,1059.436,R_100,6
1700013415,1059.448,R_100,8
1700013416,1059.452,R_100,2
1700013417,1059.461,R_100,1
1700013418,1059.466,R_100,6
1700013419,1059.467,R_100,7
1700013420,1059.479,R_100,9
1700013421,1059.485,R_100,5
1700013422,1059.484,R_100,4
1700013423,1059.48,R_100,0
1700013424,1059.483,R_100,3
1700013425,1059.481,R_100,1
1700013426,1059.483,R_100,3
1700013427,1059.495,R_100,5
1700013428,1059.498,R_100,8
1700013429,1059.503,R_100,3
1700013430,1059.501,R_100,1
1700013431,1059.505,R_100,5
1700013432,1059.519,R_100,9
1700013433,1059.512,R_100,2
1700013434,1059.524,R_100,4
1700013435,1059.521,R_100,1
1700013436,1059.524,R_100,4
1700013437,1059.529,R_100,9
1700013438,1059.535,R_100,5
1700013439,1059.535,R_100,5
1700013440,1059.535,R_100,5
1700013441,1059.544,R_100,4
1700013442,1059.544,R_100,4
1700013443,1059.557,R_100,7
1700013444,1059.567,R_100,7
1700013445,1059.573,R_100,3
1700013446,1059.57,R_100,0
1700013447,1059.572,R_100,2
1700013448,1059.579,R_100,9
1700013449,1059.587,R_100,7
1700013450,1059.586,R_100,6
1700013451,1059.592,R_100,2
1700013452,1059.597,R_100,7
1700013453,1059.604,R_100,4
1700013454,1059.618,R_100,8
1700013455,1059.625,R_100,5
1700013456,1059.622,R_100,2
1700013457,1059.622,R_100,2
1700013458,1059.625,R_100,5
1700013459,1059.638,R_100,8
1700013460,1059.647,R_100,7
1700013461,1059.648,R_100,8
1700013462,1059.658,R_100,8
1700013463,1059.668,R_100,8
1700013464,1059.678,R_100,8
1700013465,1059.683,R_100,3
1700013466,1059.689,R_100,9
1700013467,1059.692,R_100,2
1700013468,1059.691,R_100,1
1700013469,1059.693,R_100,3
1700013470,1059.693,R_100,3
1700013471,1059.699,R_100,9
1700013472,1059.706,R_100,6
1700013473,1059.712,R_100,2
1700013474,1059.728,R_100,8
1700013475,1059.735,R_100,5
1700013476,1059.735,R_100,5
1700013477,1059.74,R_100,0
1700013478,1059.743,R_100,3
1700013479,1059.758,R_100,8
1700013480,1059.769,R_100,9
1700013481,1059.779,R_100,9
1700013482,1059.77,R_100,0
1700013483,1059.779,R_100,9
1700013484,1059.782,R_100,2
1700013485,1059.798,R_100,8
1700013486,1059.805,R_100,5
1700013487,1059.809,R_100,9
1700013488,1059.818,R_100,8
1700013489,1059.823,R_100,3
1700013490,1059.831,R_100,1
1700013491,1059.834,R_100,4
1700013492,1059.831,R_100,1
1700013493,1059.835,R_100,5
1700013494,1059.844,R_100,4
1700013495,1059.854,R_100,4
1700013496,1059.868,R_100,8
1700013497,1059.861,R_100,1
1700013498,1059.868,R_100,8
1700013499,1059.877,R_100,7
1700013500,1059.887,R_100,7
1700013501,1059.881,R_100,1
1700013502,1059.887,R_100,7
1700013503,1059.884,R_100,4
1700013504,1059.881,R_100,1
1700013505,1059.883,R_100,3
1700013506,1059.88,R_100,0
1700013507,1059.881,R_100,1
1700013508,1059.881,R_100,1
1700013509,1059.889,R_100,9
1700013510,1059.899,R_100,9
1700013511,1059.905,R_100,5
1700013512,1059.907,R_100,7
1700013513,1059.913,R_100,3
1700013514,1059.914,R_100,4
1700013515,1059.925,R_100,5
1700013516,1059.93,R_100,0
1700013517,1059.938,R_100,8
1700013518,1059.947,R_100,7
1700013519,1059.942,R_100,2
1700013520,1059.946,R_100,6
1700013521,1059.943,R_100,3
1700013522,1059.943,R_100,3
1700013523,1059.941,R_100,1
1700013524,1059.947,R_100,7
1700013525,1059.951,R_100,1
1700013526,1059.958,R_100,8
1700013527,1059.965,R_100,5
1700013528,1059.966,R_100,6
1700013529,1059.97,R_100,0
1700013530,1059.977,R_100,7
1700013531,1059.982,R_100,2
1700013532,1059.981,R_100,1
1700013533,1059.985,R_100,5
1700013534,1059.988,R_100,8
1700013535,1059.995,R_100,5
1700013536,1059.99,R_100,0
1700013537,1059.992,R_100,2
1700013538,1059.992,R_100,2
1700013539,1059.993,R_100,3
1700013540,1060.009,R_100,9
1700013541,1060.019,R_100,9
1700013542,1060.022,R_100,2
1700013543,1060.026,R_100,6
1700013544,1060.029,R_100,9
1700013545,1060.027,R_100,7
1700013546,1060.027,R_100,7
1700013547,1060.031,R_100,1
1700013548,1060.03,R_100,0
1700013549,1060.035,R_100,5
1700013550,1060.045,R_100,5
1700013551,1060.059,R_100,9
1700013552,1060.063,R_100,3
1700013553,1060.078,R_100,8
1700013554,1060.083,R_100,3
1700013555,1060.082,R_100,2
1700013556,1060.089,R_100,9
1700013557,1060.09,R_100,0
1700013558,1060.094,R_100,4
1700013559,1060.105,R_100,5
1700013560,1060.118,R_100,8
1700013561,1060.121,R_100,1
1700013562,1060.124,R_100,4
1700013563,1060.134,R_100,4
1700013564,1060.134,R_100,4
1700013565,1060.13,R_100,0
1700013566,1060.135,R_100,5
1700013567,1060.132,R_100,2
1700013568,1060.134,R_100,4
1700013569,1060.137,R_100,7
1700013570,1060.146,R_100,6
1700013571,1060.156,R_100,6
1700013572,1060.161,R_100,1
1700013573,1060.16,R_100,0
1700013574,1060.165,R_100,5
1700013575,1060.16,R_100,0
1700013576,1060.169,R_100,9
1700013577,1060.176,R_100,6
1700013578,1060.174,R_100,4
1700013579,1060.173,R_100,3
1700013580,1060.172,R_100,2
1700013581,1060.173,R_100,3
1700013582,1060.176,R_100,6
1700013583,1060.185,R_100,5
1700013584,1060.188,R_100,8
1700013585,1060.195,R_100,5
1700013586,1060.19,R_100,0
1700013587,1060.196,R_100,6
1700013588,1060.206,R_100,6
1700013589,1060.209,R_100,9
1700013590,1060.211,R_100,1
1700013591,1060.219,R_100,9
1700013592,1060.227,R_100,7
1700013593,1060.226,R_100,6
1700013594,1060.224,R_100,4
1700013595,1060.223,R_100,3
1700013596,1060.232,R_100,2
1700013597,1060.249,R_100,9
1700013598,1060.25,R_100,0
1700013599,1060.252,R_100,2
1700013600,1060.252,R_100,2
1700013601,1060.261,R_100,1
1700013602,1060.262,R_100,2
1700013603,1060.262,R_100,2
1700013604,1060.268,R_100,8
1700013605,1060.277,R_100,7
1700013606,1060.27,R_100,0
1700013607,1060.276,R_100,6
1700013608,1060.28,R_100,0
1700013609,1060.287,R_100,7
1700013610,1060.294,R_100,4
1700013611,1060.309,R_100,9
1700013612,1060.31,R_100,0
1700013613,1060.311,R_100,1
1700013614,1060.326,R_100,6
1700013615,1060.323,R_100,3
1700013616,1060.334,R_100,4
1700013617,1060.344,R_100,4
1700013618,1060.347,R_100,7
1700013619,1060.356,R_100,6
1700013620,1060.364,R_100,4
1700013621,1060.362,R_100,2
1700013622,1060.364,R_100,4
1700013623,1060.377,R_100,7
1700013624,1060.388,R_100,8
1700013625,1060.391,R_100,1
1700013626,1060.393,R_100,3
1700013627,1060.397,R_100,7
1700013628,1060.402,R_100,2
1700013629,1060.411,R_100,1
1700013630,1060.417,R_100,7
1700013631,1060.414,R_100,4
1700013632,1060.428,R_100,8
1700013633,1060.425,R_100,5
1700013634,1060.435,R_100,5
1700013635,1060.441,R_100,1
1700013636,1060.448,R_100,8
1700013637,1060.459,R_100,9
1700013638,1060.465,R_100,5
1700013639,1060.478,R_100,8
1700013640,1060.471,R_100,1
1700013641,1060.47,R_100,0
1700013642,1060.465,R_100,5
1700013643,1060.464,R_100,4
1700013644,1060.465,R_100,5
1700013645,1060.468,R_100,8
1700013646,1060.474,R_100,4
1700013647,1060.481,R_100,1
1700013648,1060.48,R_100,0
1700013649,1060.484,R_100,4
1700013650,1060.486,R_100,6
1700013651,1060.493,R_100,3
1700013652,1060.496,R_100,6
1700013653,1060.506,R_100,6
1700013654,1060.504,R_100,4
1700013655,1060.502,R_100,2
1700013656,1060.504,R_100,4
1700013657,1060.506,R_100,6
1700013658,1060.519,R_100,9
1700013659,1060.524,R_100,4
1700013660,1060.521,R_100,1
1700013661,1060.527,R_100,7
1700013662,1060.524,R_100,4
1700013663,1060.528,R_100,8
1700013664,1060.538,R_100,8
1700013665,1060.548,R_100,8
1700013666,1060.55,R_100,0
1700013667,1060.558,R_100,8
1700013668,1060.552,R_100,2
1700013669,1060.551,R_100,1
1700013670,1060.568,R_100,8
1700013671,1060.576,R_100,6
1700013672,1060.582,R_100,2
1700013673,1060.591,R_100,1
1700013674,1060.59,R_100,0
1700013675,1060.599,R_100,9
1700013676,1060.605,R_100,5
1700013677,1060.606,R_100,6
1700013678,1060.615,R_100,5
1700013679,1060.619,R_100,9
1700013680,1060.627,R_100,7
1700013681,1060.626,R_100,6
1700013682,1060.622,R_100,2
1700013683,1060.628,R_100,8
1700013684,1060.633,R_100,3
1700013685,1060.632,R_100,2
1700013686,1060.632,R_100,2
1700013687,1060.633,R_100,3
1700013688,1060.633,R_100,3
1700013689,1060.635,R_100,5
1700013690,1060.635,R_100,5
1700013691,1060.637,R_100,7
1700013692,1060.642,R_100,2
1700013693,1060.641,R_100,1
1700013694,1060.653,R_100,3
1700013695,1060.663,R_100,3
1700013696,1060.669,R_100,9
1700013697,1060.678,R_100,8
1700013698,1060.688,R_100,8
1700013699,1060.696,R_100,6
1700013700,1060.699,R_100,9
1700013701,1060.703,R_100,3
1700013702,1060.703,R_100,3
1700013703,1060.718,R_100,8
1700013704,1060.728,R_100,8
1700013705,1060.723,R_100,3
1700013706,1060.728,R_100,8
1700013707,1060.736,R_100,6
1700013708,1060.734,R_100,4
1700013709,1060.73,R_100,0
1700013710,1060.739,R_100,9
1700013711,1060.744,R_100,4
1700013712,1060.746,R_100,6
1700013713,1060.743,R_100,3
1700013714,1060.747,R_100,7
1700013715,1060.755,R_100,5
1700013716,1060.766,R_100,6
1700013717,1060.762,R_100,2
1700013718,1060.775,R_100,5
1700013719,1060.772,R_100,2
1700013720,1060.772,R_100,2
1700013721,1060.77,R_100,0
1700013722,1060.773,R_100,3
1700013723,1060.78,R_100,0
1700013724,1060.783,R_100,3
1700013725,1060.78,R_100,0
1700013726,1060.789,R_100,9
1700013727,1060.795,R_100,5
1700013728,1060.795,R_100,5
1700013729,1060.795,R_100,5
1700013730,1060.804,R_100,4
1700013731,1060.8,R_100,0
1700013732,1060.807,R_100,7
1700013733,1060.817,R_100,7
1700013734,1060.829,R_100,9
1700013735,1060.833,R_100,3
1700013736,1060.843,R_100,3
1700013737,1060.855,R_100,5
1700013738,1060.853,R_100,3
1700013739,1060.853,R_100,3
1700013740,1060.853,R_100,3
1700013741,1060.859,R_100,9
1700013742,1060.86,R_100,0
1700013743,1060.872,R_100,2
1700013744,1060.874,R_100,4
1700013745,1060.876,R_100,6
1700013746,1060.887,R_100,7
1700013747,1060.893,R_100,3
1700013748,1060.895,R_100,5
1700013749,1060.897,R_100,7
1700013750,1060.9,R_100,0
1700013751,1060.901,R_100,1
1700013752,1060.906,R_100,6
1700013753,1060.909,R_100,9
1700013754,1060.915,R_100,5
1700013755,1060.913,R_100,3
1700013756,1060.916,R_100,6
1700013757,1060.924,R_100,4
1700013758,1060.922,R_100,2
1700013759,1060.92,R_100,0
1700013760,1060.927,R_100,7
1700013761,1060.927,R_100,7
1700013762,1060.923,R_100,3
1700013763,1060.923,R_100,3
1700013764,1060.922,R_100,2
1700013765,1060.929,R_100,9
1700013766,1060.921,R_100,1
1700013767,1060.928,R_100,8
1700013768,1060.92,R_100,0
1700013769,1060.928,R_100,8
1700013770,1060.931,R_100,1
1700013771,1060.936,R_100,6
1700013772,1060.935,R_100,5
1700013773,1060.933,R_100,3
1700013774,1060.935,R_100,5
1700013775,1060.949,R_100,9
1700013776,1060.951,R_100,1
1700013777,1060.958,R_100,8
1700013778,1060.961,R_100,1
1700013779,1060.967,R_100,7
1700013780,1060.976,R_100,6
1700013781,1060.976,R_100,6
1700013782,1060.972,R_100,2
1700013783,1060.971,R_100,1
1700013784,1060.979,R_100,9
1700013785,1060.987,R_100,7
1700013786,1060.997,R_100,7
1700013787,1061.001,R_100,1
1700013788,1061.003,R_100,3
1700013789,1061.019,R_100,9
1700013790,1061.017,R_100,7
1700013791,1061.024,R_100,4
1700013792,1061.032,R_100,2
1700013793,1061.038,R_100,8
1700013794,1061.048,R_100,8
1700013795,1061.05,R_100,0
1700013796,1061.055,R_100,5
1700013797,1061.05,R_100,0
1700013798,1061.05,R_100,0
1700013799,1061.059,R_100,9
1700013800,1061.062,R_100,2
1700013801,1061.066,R_100,6
1700013802,1061.075,R_100,5
1700013803,1061.086,R_100,6
1700013804,1061.087,R_100,7
1700013805,1061.098,R_100,8
1700013806,1061.1,R_100,0
1700013807,1061.101,R_100,1
1700013808,1061.101,R_100,1
1700013809,1061.101,R_100,1
1700013810,1061.105,R_100,5
1700013811,1061.112,R_100,2
1700013812,1061.116,R_100,6
1700013813,1061.122,R_100,2
1700013814,1061.127,R_100,7
1700013815,1061.138,R_100,8
1700013816,1061.137,R_100,7
1700013817,1061.142,R_100,2
1700013818,1061.151,R_100,1
1700013819,1061.156,R_100,6
1700013820,1061.163,R_100,3
1700013821,1061.168,R_100,8
1700013822,1061.178,R_100,8
1700013823,1061.184,R_100,4
1700013824,1061.193,R_100,3
1700013825,1061.192,R_100,2
1700013826,1061.19,R_100,0
1700013827,1061.192,R_100,2
1700013828,1061.194,R_100,4
1700013829,1061.2,R_100,0
1700013830,1061.203,R_100,3
1700013831,1061.207,R_100,7
1700013832,1061.211,R_100,1
1700013833,1061.21,R_100,0
1700013834,1061.217,R_100,7
1700013835,1061.227,R_100,7
1700013836,1061.232,R_100,2
1700013837,1061.232,R_100,2
1700013838,1061.238,R_100,8
1700013839,1061.242,R_100,2
1700013840,1061.242,R_100,2
1700013841,1061.249,R_100,9
1700013842,1061.259,R_100,9
1700013843,1061.264,R_100,4
1700013844,1061.271,R_100,1
1700013845,1061.278,R_100,8
1700013846,1061.285,R_100,5
1700013847,1061.287,R_100,7
1700013848,1061.291,R_100,1
1700013849,1061.294,R_100,4
1700013850,1061.304,R_100,4
1700013851,1061.302,R_100,2
1700013852,1061.302,R_100,2
1700013853,1061.307,R_100,7
1700013854,1061.311,R_100,1
1700013855,1061.318,R_100,8
1700013856,1061.329,R_100,9
1700013857,1061.332,R_100,2
1700013858,1061.34,R_100,0
1700013859,1061.34,R_100,0
1700013860,1061.342,R_100,2
1700013861,1061.34,R_100,0
1700013862,1061.344,R_100,4
1700013863,1061.357,R_100,7
1700013864,1061.369,R_100,9
1700013865,1061.371,R_100,1
1700013866,1061.383,R_100,3
1700013867,1061.388,R_100,8
1700013868,1061.389,R_100,9
1700013869,1061.385,R_100,5
1700013870,1061.382,R_100,2
1700013871,1061.393,R_100,3
1700013872,1061.391,R_100,1
1700013873,1061.396,R_100,6
1700013874,1061.398,R_100,8
1700013875,1061.408,R_100,8
1700013876,1061.418,R_100,8
1700013877,1061.421,R_100,1
1700013878,1061.421,R_100,1
1700013879,1061.426,R_100,6
1700013880,1061.424,R_100,4
1700013881,1061.42,R_100,0
1700013882,1061.425,R_100,5
1700013883,1061.42,R_100,0
1700013884,1061.424,R_100,4
1700013885,1061.428,R_100,8
1700013886,1061.436,R_100,6
1700013887,1061.43,R_100,0
1700013888,1061.432,R_100,2
1700013889,1061.438,R_100,8
1700013890,1061.447,R_100,7
1700013891,1061.454,R_100,4
1700013892,1061.464,R_100,4
1700013893,1061.465,R_100,5
1700013894,1061.464,R_100,4
1700013895,1061.479,R_100,9
1700013896,1061.486,R_100,6
1700013897,1061.49,R_100,0
1700013898,1061.493,R_100,3
1700013899,1061.504,R_100,4
1700013900,1061.503,R_100,3
1700013901,1061.506,R_100,6
1700013902,1061.519,R_100,9
1700013903,1061.522,R_100,2
1700013904,1061.523,R_100,3
1700013905,1061.522,R_100,2
1700013906,1061.526,R_100,6
1700013907,1061.533,R_100,3
1700013908,1061.53,R_100,0
1700013909,1061.534,R_100,4
1700013910,1061.537,R_100,7
1700013911,1061.532,R_100,2
1700013912,1061.549,R_100,9
1700013913,1061.55,R_100,0
1700013914,1061.558,R_100,8
1700013915,1061.564,R_100,4
1700013916,1061.568,R_100,8
1700013917,1061.573,R_100,3
1700013918,1061.572,R_100,2
1700013919,1061.586,R_100,6
1700013920,1061.592,R_100,2
1700013921,1061.603,R_100,3
1700013922,1061.601,R_100,1
1700013923,1061.601,R_100,1
1700013924,1061.608,R_100,8
1700013925,1061.614,R_100,4
1700013926,1061.614,R_100,4
1700013927,1061.622,R_100,2
1700013928,1061.625,R_100,5
1700013929,1061.624,R_100,4
1700013930,1061.628,R_100,8
1700013931,1061.631,R_100,1
1700013932,1061.636,R_100,6
1700013933,1061.638,R_100,8
1700013934,1061.642,R_100,2
1700013935,1061.643,R_100,3
1700013936,1061.64,R_100,0
1700013937,1061.64,R_100,0
1700013938,1061.641,R_100,1
1700013939,1061.646,R_100,6
1700013940,1061.657,R_100,7
1700013941,1061.657,R_100,7
1700013942,1061.665,R_100,5
1700013943,1061.673,R_100,3
1700013944,1061.674,R_100,4
1700013945,1061.682,R_100,2
1700013946,1061.682,R_100,2
1700013947,1061.687,R_100,7
1700013948,1061.698,R_100,8
1700013949,1061.705,R_100,5
1700013950,1061.704,R_100,4
1700013951,1061.708,R_100,8
1700013952,1061.718,R_100,8
1700013953,1061.721,R_100,1
1700013954,1061.724,R_100,4
1700013955,1061.724,R_100,4
1700013956,1061.727,R_100,7
1700013957,1061.726,R_100,6
1700013958,1061.732,R_100,2
1700013959,1061.73,R_100,0
1700013960,1061.736,R_100,6
1700013961,1061.738,R_100,8
1700013962,1061.749,R_100,9
1700013963,1061.749,R_100,9
1700013964,1061.754,R_100,4
1700013965,1061.753,R_100,3
1700013966,1061.757,R_100,7
1700013967,1061.75,R_100,0
1700013968,1061.758,R_100,8
1700013969,1061.76,R_100,0
1700013970,1061.767,R_100,7
1700013971,1061.762,R_100,2
1700013972,1061.76,R_100,0
1700013973,1061.768,R_100,8
1700013974,1061.76,R_100,0
1700013975,1061.777,R_100,7
1700013976,1061.781,R_100,1
1700013977,1061.787,R_100,7
1700013978,1061.787,R_100,7
1700013979,1061.798,R_100,8
1700013980,1061.804,R_100,4
1700013981,1061.802,R_100,2
1700013982,1061.806,R_100,6
1700013983,1061.813,R_100,3
1700013984,1061.824,R_100,4
1700013985,1061.826,R_100,6
1700013986,1061.826,R_100,6
1700013987,1061.836,R_100,6
1700013988,1061.843,R_100,3
1700013989,1061.858,R_100,8
1700013990,1061.863,R_100,3
1700013991,1061.879,R_100,9
1700013992,1061.888,R_100,8
1700013993,1061.882,R_100,2
1700013994,1061.881,R_100,1
1700013995,1061.884,R_100,4
1700013996,1061.88,R_100,0
1700013997,1061.883,R_100,3
1700013998,1061.896,R_100,6
1700013999,1061.907,R_100,7
1700014000,1061.913,R_100,3
1700014001,1061.914,R_100,4
1700014002,1061.923,R_100,3
1700014003,1061.931,R_100,1
1700014004,1061.939,R_100,9
1700014005,1061.948,R_100,8
1700014006,1061.954,R_100,4
1700014007,1061.962,R_100,2
1700014008,1061.976,R_100,6
1700014009,1061.971,R_100,1
1700014010,1061.988,R_100,8
1700014011,1061.991,R_100,1
1700014012,1062.006,R_100,6
1700014013,1062.009,R_100,9
1700014014,1062.016,R_100,6
1700014015,1062.014,R_100,4
1700014016,1062.015,R_100,5
1700014017,1062.024,R_100,4
1700014018,1062.027,R_100,7
1700014019,1062.037,R_100,7
1700014020,1062.045,R_100,5
1700014021,1062.055,R_100,5
1700014022,1062.051,R_100,1
1700014023,1062.056,R_100,6
1700014024,1062.065,R_100,5
1700014025,1062.067,R_100,7
1700014026,1062.072,R_100,2
1700014027,1062.074,R_100,4
1700014028,1062.076,R_100,6
1700014029,1062.076,R_100,6
1700014030,1062.084,R_100,4
1700014031,1062.088,R_100,8
1700014032,1062.094,R_100,4
1700014033,1062.103,R_100,3
1700014034,1062.108,R_100,8
1700014035,1062.119,R_100,9
1700014036,1062.123,R_100,3
1700014037,1062.123,R_100,3
1700014038,1062.122,R_100,2
1700014039,1062.129,R_100,9
1700014040,1062.122,R_100,2
1700014041,1062.125,R_100,5
1700014042,1062.124,R_100,4
1700014043,1062.134,R_100,4
1700014044,1062.135,R_100,5
1700014045,1062.138,R_100,8
1700014046,1062.141,R_100,1
1700014047,1062.143,R_100,3
1700014048,1062.15,R_100,0
1700014049,1062.155,R_100,5
1700014050,1062.159,R_100,9
1700014051,1062.153,R_100,3
1700014052,1062.153,R_100,3
1700014053,1062.168,R_100,8
1700014054,1062.179,R_100,9
1700014055,1062.184,R_100,4
1700014056,1062.181,R_100,1
1700014057,1062.189,R_100,9
1700014058,1062.191,R_100,1
1700014059,1062.194,R_100,4
1700014060,1062.196,R_100,6
1700014061,1062.203,R_100,3
1700014062,1062.205,R_100,5
1700014063,1062.218,R_100,8
1700014064,1062.228,R_100,8
1700014065,1062.229,R_100,9
1700014066,1062.235,R_100,5
1700014067,1062.243,R_100,3
1700014068,1062.257,R_100,7
1700014069,1062.251,R_100,1
1700014070,1062.258,R_100,8
1700014071,1062.263,R_100,3
1700014072,1062.266,R_100,6
1700014073,1062.27,R_100,0
1700014074,1062.278,R_100,8
1700014075,1062.284,R_100,4
1700014076,1062.289,R_100,9
1700014077,1062.291,R_100,1
1700014078,1062.291,R_100,1
1700014079,1062.291,R_100,1
1700014080,1062.292,R_100,2
1700014081,1062.304,R_100,4
1700014082,1062.311,R_100,1
1700014083,1062.31,R_100,0
1700014084,1062.318,R_100,8
1700014085,1062.322,R_100,2
1700014086,1062.321,R_100,1
1700014087,1062.328,R_100,8
1700014088,1062.334,R_100,4
1700014089,1062.334,R_100,4
1700014090,1062.341,R_100,1
1700014091,1062.343,R_100,3
1700014092,1062.359,R_100,9
1700014093,1062.364,R_100,4
1700014094,1062.378,R_100,8
1700014095,1062.388,R_100,8
1700014096,1062.388,R_100,8
1700014097,1062.383,R_100,3
1700014098,1062.381,R_100,1
1700014099,1062.389,R_100,9
1700014100,1062.394,R_100,4
1700014101,1062.396,R_100,6
1700014102,1062.396,R_100,6
1700014103,1062.404,R_100,4
1700014104,1062.414,R_100,4
1700014105,1062.417,R_100,7
1700014106,1062.415,R_100,5
1700014107,1062.414,R_100,4
1700014108,1062.424,R_100,4
1700014109,1062.437,R_100,7
1700014110,1062.449,R_100,9
1700014111,1062.452,R_100,2
1700014112,1062.456,R_100,6
1700014113,1062.459,R_100,9
1700014114,1062.467,R_100,7
1700014115,1062.464,R_100,4
1700014116,1062.47,R_100,0
1700014117,1062.476,R_100,6
1700014118,1062.481,R_100,1
1700014119,1062.482,R_100,2
1700014120,1062.493,R_100,3
1700014121,1062.501,R_100,1
1700014122,1062.501,R_100,1
1700014123,1062.5,R_100,0
1700014124,1062.508,R_100,8
1700014125,1062.514,R_100,4
1700014126,1062.516,R_100,6
1700014127,1062.524,R_100,4
1700014128,1062.533,R_100,3
1700014129,1062.537,R_100,7
1700014130,1062.548,R_100,8
1700014131,1062.554,R_100,4
1700014132,1062.567,R_100,7
1700014133,1062.573,R_100,3
1700014134,1062.574,R_100,4
1700014135,1062.571,R_100,1
1700014136,1062.579,R_100,9
1700014137,1062.585,R_100,5
1700014138,1062.58,R_100,0
1700014139,1062.584,R_100,4
1700014140,1062.597,R_100,7
1700014141,1062.6,R_100,0
1700014142,1062.609,R_100,9
1700014143,1062.619,R_100,9
1700014144,1062.621,R_100,1
1700014145,1062.621,R_100,1
1700014146,1062.626,R_100,6
1700014147,1062.637,R_100,7
1700014148,1062.633,R_100,3
1700014149,1062.632,R_100,2
1700014150,1062.639,R_100,9
1700014151,1062.641,R_100,1
1700014152,1062.643,R_100,3
1700014153,1062.653,R_100,3
1700014154,1062.661,R_100,1
1700014155,1062.667,R_100,7
1700014156,1062.671,R_100,1
1700014157,1062.685,R_100,5
1700014158,1062.689,R_100,9
1700014159,1062.699,R_100,9
1700014160,1062.702,R_100,2
1700014161,1062.707,R_100,7
1700014162,1062.719,R_100,9
1700014163,1062.728,R_100,8
1700014164,1062.72,R_100,0
1700014165,1062.722,R_100,2
1700014166,1062.722,R_100,2
1700014167,1062.721,R_100,1
1700014168,1062.722,R_100,2
1700014169,1062.728,R_100,8
1700014170,1062.726,R_100,6
1700014171,1062.723,R_100,3
1700014172,1062.721,R_100,1
1700014173,1062.729,R_100,9
1700014174,1062.734,R_100,4
1700014175,1062.741,R_100,1
1700014176,1062.744,R_100,4
1700014177,1062.752,R_100,2
1700014178,1062.752,R_100,2
1700014179,1062.751,R_100,1
1700014180,1062.759,R_100,9
1700014181,1062.764,R_100,4
1700014182,1062.775,R_100,5
1700014183,1062.788,R_100,8
1700014184,1062.795,R_100,5
1700014185,1062.801,R_100,1
1700014186,1062.819,R_100,9
1700014187,1062.822,R_100,2
1700014188,1062.825,R_100,5
1700014189,1062.827,R_100,7
1700014190,1062.83,R_100,0
1700014191,1062.837,R_100,7
1700014192,1062.848,R_100,8
1700014193,1062.856,R_100,6
1700014194,1062.852,R_100,2
1700014195,1062.853,R_100,3
1700014196,1062.869,R_100,9
1700014197,1062.871,R_100,1
1700014198,1062.874,R_100,4
1700014199,1062.884,R_100,4
1700014200,1062.894,R_100,4
1700014201,1062.892,R_100,2
1700014202,1062.896,R_100,6
1700014203,1062.901,R_100,1
1700014204,1062.908,R_100,8
1700014205,1062.915,R_100,5
1700014206,1062.91,R_100,0
1700014207,1062.914,R_100,4
1700014208,1062.919,R_100,9
1700014209,1062.928,R_100,8
1700014210,1062.935,R_100,5
1700014211,1062.947,R_100,7
1700014212,1062.955,R_100,5
1700014213,1062.962,R_100,2
1700014214,1062.968,R_100,8
1700014215,1062.971,R_100,1
1700014216,1062.973,R_100,3
1700014217,1062.973,R_100,3
1700014218,1062.977,R_100,7
1700014219,1062.971,R_100,1
1700014220,1062.971,R_100,1
1700014221,1062.973,R_100,3
1700014222,1062.978,R_100,8
1700014223,1062.98,R_100,0
1700014224,1062.982,R_100,2
1700014225,1062.983,R_100,3
1700014226,1062.992,R_100,2
1700014227,1062.994,R_100,4
1700014228,1063.007,R_100,7
1700014229,1063.007,R_100,7
1700014230,1063.012,R_100,2
1700014231,1063.011,R_100,1
1700014232,1063.01,R_100,0
1700014233,1063.017,R_100,7
1700014234,1063.024,R_100,4
1700014235,1063.022,R_100,2
1700014236,1063.02,R_100,0
1700014237,1063.024,R_100,4
1700014238,1063.036,R_100,6
1700014239,1063.031,R_100,1
1700014240,1063.03,R_100,0
1700014241,1063.032,R_100,2
1700014242,1063.049,R_100,9
1700014243,1063.051,R_100,1
1700014244,1063.058,R_100,8
1700014245,1063.061,R_100,1
1700014246,1063.065,R_100,5
1700014247,1063.069,R_100,9
1700014248,1063.074,R_100,4
1700014249,1063.076,R_100,6
1700014250,1063.078,R_100,8
1700014251,1063.083,R_100,3
1700014252,1063.089,R_100,9
1700014253,1063.091,R_100,1
1700014254,1063.094,R_100,4
1700014255,1063.1,R_100,0
1700014256,1063.106,R_100,6
1700014257,1063.111,R_100,1
1700014258,1063.118,R_100,8
1700014259,1063.12,R_100,0
1700014260,1063.126,R_100,6
1700014261,1063.138,R_100,8
1700014262,1063.149,R_100,9
1700014263,1063.154,R_100,4
1700014264,1063.166,R_100,6
1700014265,1063.162,R_100,2
1700014266,1063.169,R_100,9
1700014267,1063.169,R_100,9
1700014268,1063.174,R_100,4
1700014269,1063.184,R_100,4
1700014270,1063.184,R_100,4
1700014271,1063.198,R_100,8
1700014272,1063.19,R_100,0
1700014273,1063.194,R_100,4
1700014274,1063.195,R_100,5
1700014275,1063.204,R_100,4
1700014276,1063.209,R_100,9
1700014277,1063.211,R_100,1
1700014278,1063.216,R_100,6
1700014279,1063.227,R_100,7
1700014280,1063.236,R_100,6
1700014281,1063.24,R_100,0
1700014282,1063.24,R_100,0
1700014283,1063.244,R_100,4
1700014284,1063.241,R_100,1
1700014285,1063.243,R_100,3
1700014286,1063.242,R_100,2
1700014287,1063.249,R_100,9
1700014288,1063.249,R_100,9
1700014289,1063.258,R_100,8
1700014290,1063.262,R_100,2
1700014291,1063.268,R_100,8
1700014292,1063.274,R_100,4
1700014293,1063.274,R_100,4
1700014294,1063.288,R_100,8
1700014295,1063.281,R_100,1
1700014296,1063.282,R_100,2
1700014297,1063.282,R_100,2
1700014298,1063.286,R_100,6
1700014299,1063.286,R_100,6
1700014300,1063.294,R_100,4
1700014301,1063.305,R_100,5
1700014302,1063.309,R_100,9
1700014303,1063.314,R_100,4
1700014304,1063.322,R_100,2
1700014305,1063.328,R_100,8
1700014306,1063.337,R_100,7
1700014307,1063.343,R_100,3
1700014308,1063.34,R_100,0
1700014309,1063.342,R_100,2
1700014310,1063.347,R_100,7
1700014311,1063.355,R_100,5
1700014312,1063.366,R_100,6
1700014313,1063.374,R_100,4
1700014314,1063.387,R_100,7
1700014315,1063.393,R_100,3
1700014316,1063.395,R_100,5
1700014317,1063.401,R_100,1
1700014318,1063.408,R_100,8
1700014319,1063.412,R_100,2
1700014320,1063.414,R_100,4
1700014321,1063.41,R_100,0
1700014322,1063.416,R_100,6
1700014323,1063.424,R_100,4
1700014324,1063.435,R_100,5
1700014325,1063.44,R_100,0
1700014326,1063.44,R_100,0
1700014327,1063.448,R_100,8
1700014328,1063.456,R_100,6
1700014329,1063.467,R_100,7
1700014330,1063.478,R_100,8
1700014331,1063.487,R_100,7
1700014332,1063.481,R_100,1
1700014333,1063.481,R_100,1
1700014334,1063.485,R_100,5
1700014335,1063.495,R_100,5
1700014336,1063.491,R_100,1
1700014337,1063.494,R_100,4
1700014338,1063.499,R_100,9
1700014339,1063.494,R_100,4
1700014340,1063.501,R_100,1
1700014341,1063.507,R_100,7
1700014342,1063.518,R_100,8
1700014343,1063.515,R_100,5
1700014344,1063.525,R_100,5
1700014345,1063.526,R_100,6
1700014346,1063.522,R_100,2
1700014347,1063.529,R_100,9
1700014348,1063.535,R_100,5
1700014349,1063.546,R_100,6
1700014350,1063.543,R_100,3
1700014351,1063.554,R_100,4
1700014352,1063.563,R_100,3
1700014353,1063.561,R_100,1
1700014354,1063.561,R_100,1
1700014355,1063.564,R_100,4
1700014356,1063.566,R_100,6
1700014357,1063.575,R_100,5
1700014358,1063.589,R_100,9
1700014359,1063.591,R_100,1
1700014360,1063.593,R_100,3
1700014361,1063.601,R_100,1
1700014362,1063.608,R_100,8
1700014363,1063.614,R_100,4
1700014364,1063.623,R_100,3
1700014365,1063.624,R_100,4
1700014366,1063.623,R_100,3
1700014367,1063.628,R_100,8
1700014368,1063.627,R_100,7
1700014369,1063.63,R_100,0
1700014370,1063.635,R_100,5
1700014371,1063.634,R_100,4
1700014372,1063.636,R_100,6
1700014373,1063.642,R_100,2
1700014374,1063.64,R_100,0
1700014375,1063.642,R_100,2
1700014376,1063.647,R_100,7
1700014377,1063.647,R_100,7
1700014378,1063.658,R_100,8
1700014379,1063.65,R_100,0
1700014380,1063.655,R_100,5
1700014381,1063.654,R_100,4
1700014382,1063.654,R_100,4
1700014383,1063.665,R_100,5
1700014384,1063.663,R_100,3
1700014385,1063.669,R_100,9
1700014386,1063.673,R_100,3
1700014387,1063.675,R_100,5
1700014388,1063.687,R_100,7
1700014389,1063.687,R_100,7
1700014390,1063.686,R_100,6
1700014391,1063.695,R_100,5
1700014392,1063.693,R_100,3
1700014393,1063.692,R_100,2
1700014394,1063.698,R_100,8
1700014395,1063.7,R_100,0
1700014396,1063.705,R_100,5
1700014397,1063.714,R_100,4
1700014398,1063.717,R_100,7
1700014399,1063.72,R_100,0
1700014400,1063.728,R_100,8
1700014401,1063.732,R_100,2
1700014402,1063.731,R_100,1
1700014403,1063.739,R_100,9
1700014404,1063.749,R_100,9
1700014405,1063.757,R_100,7
1700014406,1063.766,R_100,6
1700014407,1063.772,R_100,2
1700014408,1063.777,R_100,7
1700014409,1063.786,R_100,6
1700014410,1063.79,R_100,0
1700014411,1063.79,R_100,0
1700014412,1063.803,R_100,3
1700014413,1063.805,R_100,5
1700014414,1063.817,R_100,7
1700014415,1063.825,R_100,5
1700014416,1063.837,R_100,7
1700014417,1063.834,R_100,4
1700014418,1063.849,R_100,9
1700014419,1063.857,R_100,7
1700014420,1063.853,R_100,3
1700014421,1063.854,R_100,4
1700014422,1063.853,R_100,3
1700014423,1063.856,R_100,6
1700014424,1063.867,R_100,7
1700014425,1063.877,R_100,7
1700014426,1063.886,R_100,6
1700014427,1063.883,R_100,3
1700014428,1063.898,R_100,8
1700014429,1063.897,R_100,7
1700014430,1063.907,R_100,7
1700014431,1063.901,R_100,1
1700014432,1063.907,R_100,7
1700014433,1063.919,R_100,9
1700014434,1063.928,R_100,8
1700014435,1063.93,R_100,0
1700014436,1063.927,R_100,7
1700014437,1063.925,R_100,5
1700014438,1063.925,R_100,5
1700014439,1063.922,R_100,2
1700014440,1063.924,R_100,4
1700014441,1063.938,R_100,8
1700014442,1063.94,R_100,0
1700014443,1063.948,R_100,8
1700014444,1063.953,R_100,3
1700014445,1063.953,R_100,3
1700014446,1063.959,R_100,9
1700014447,1063.969,R_100,9
1700014448,1063.97,R_100,0
1700014449,1063.969,R_100,9
1700014450,1063.972,R_100,2
1700014451,1063.985,R_100,5
1700014452,1063.984,R_100,4
1700014453,1063.986,R_100,6
1700014454,1063.988,R_100,8
1700014455,1063.991,R_100,1
1700014456,1063.992,R_100,2
1700014457,1063.999,R_100,9
1700014458,1063.998,R_100,8
1700014459,1064.003,R_100,3
1700014460,1064.004,R_100,4
1700014461,1064.006,R_100,6
1700014462,1064.015,R_100,5
1700014463,1064.017,R_100,7
1700014464,1064.024,R_100,4
1700014465,1064.034,R_100,4
1700014466,1064.037,R_100,7
1700014467,1064.041,R_100,1
1700014468,1064.055,R_100,5
1700014469,1064.056,R_100,6
1700014470,1064.054,R_100,4
1700014471,1064.057,R_100,7
1700014472,1064.066,R_100,6
1700014473,1064.061,R_100,1
1700014474,1064.064,R_100,4
1700014475,1064.067,R_100,7
1700014476,1064.073,R_100,3
1700014477,1064.074,R_100,4
1700014478,1064.07,R_100,0
1700014479,1064.076,R_100,6
1700014480,1064.074,R_100,4
1700014481,1064.07,R_100,0
1700014482,1064.071,R_100,1
1700014483,1064.087,R_100,7
1700014484,1064.095,R_100,5
1700014485,1064.101,R_100,1
1700014486,1064.112,R_100,2
1700014487,1064.115,R_100,5
1700014488,1064.122,R_100,2
1700014489,1064.127,R_100,7
1700014490,1064.138,R_100,8
1700014491,1064.134,R_100,4
1700014492,1064.149,R_100,9
1700014493,1064.142,R_100,2
1700014494,1064.147,R_100,7
1700014495,1064.149,R_100,9
1700014496,1064.157,R_100,7
1700014497,1064.165,R_100,5
1700014498,1064.164,R_100,4
1700014499,1064.161,R_100,1
1700014500,1064.163,R_100,3
1700014501,1064.168,R_100,8
1700014502,1064.178,R_100,8
1700014503,1064.179,R_100,9
1700014504,1064.184,R_100,4
1700014505,1064.182,R_100,2
1700014506,1064.185,R_100,5
1700014507,1064.193,R_100,3
1700014508,1064.209,R_100,9
1700014509,1064.219,R_100,9
1700014510,1064.227,R_100,7
1700014511,1064.229,R_100,9
1700014512,1064.23,R_100,0
1700014513,1064.238,R_100,8
1700014514,1064.235,R_100,5
1700014515,1064.231,R_100,1
1700014516,1064.237,R_100,7
1700014517,1064.23,R_100,0
1700014518,1064.237,R_100,7
1700014519,1064.246,R_100,6
1700014520,1064.244,R_100,4
1700014521,1064.249,R_100,9
1700014522,1064.254,R_100,4
1700014523,1064.257,R_100,7
1700014524,1064.253,R_100,3
1700014525,1064.254,R_100,4
1700014526,1064.254,R_100,4
1700014527,1064.268,R_100,8
1700014528,1064.272,R_100,2
1700014529,1064.272,R_100,2
1700014530,1064.279,R_100,9
1700014531,1064.28,R_100,0
1700014532,1064.289,R_100,9
1700014533,1064.294,R_100,4
1700014534,1064.296,R_100,6
1700014535,1064.293,R_100,3
1700014536,1064.298,R_100,8
1700014537,1064.306,R_100,6
1700014538,1064.318,R_100,8
1700014539,1064.326,R_100,6
1700014540,1064.323,R_100,3
1700014541,1064.334,R_100,4
1700014542,1064.338,R_100,8
1700014543,1064.344,R_100,4
1700014544,1064.352,R_100,2
1700014545,1064.355,R_100,5
1700014546,1064.368,R_100,8
1700014547,1064.371,R_100,1
1700014548,1064.387,R_100,7
1700014549,1064.38,R_100,0
1700014550,1064.388,R_100,8
1700014551,1064.396,R_100,6
1700014552,1064.408,R_100,8
1700014553,1064.408,R_100,8
1700014554,1064.419,R_100,9
1700014555,1064.411,R_100,1
1700014556,1064.417,R_100,7
1700014557,1064.425,R_100,5
1700014558,1064.421,R_100,1
1700014559,1064.422,R_100,2
1700014560,1064.426,R_100,6
1700014561,1064.437,R_100,7
1700014562,1064.433,R_100,3
1700014563,1064.439,R_100,9
1700014564,1064.443,R_100,3
1700014565,1064.443,R_100,3
1700014566,1064.441,R_100,1
1700014567,1064.449,R_100,9
1700014568,1064.459,R_100,9
1700014569,1064.466,R_100,6
1700014570,1064.469,R_100,9
1700014571,1064.478,R_100,8
1700014572,1064.488,R_100,8
1700014573,1064.492,R_100,2
1700014574,1064.491,R_100,1
1700014575,1064.491,R_100,1
1700014576,1064.493,R_100,3
1700014577,1064.499,R_100,9
1700014578,1064.501,R_100,1
1700014579,1064.509,R_100,9
1700014580,1064.512,R_100,2
1700014581,1064.519,R_100,9
1700014582,1064.521,R_100,1
1700014583,1064.525,R_100,5
1700014584,1064.536,R_100,6
1700014585,1064.54,R_100,0
1700014586,1064.547,R_100,7
1700014587,1064.552,R_100,2
1700014588,1064.564,R_100,4
1700014589,1064.566,R_100,6
1700014590,1064.573,R_100,3
1700014591,1064.574,R_100,4
1700014592,1064.587,R_100,7
1700014593,1064.596,R_100,6
1700014594,1064.594,R_100,4
1700014595,1064.596,R_100,6
1700014596,1064.601,R_100,1
1700014597,1064.603,R_100,3
1700014598,1064.609,R_100,9
1700014599,1064.615,R_100,5
1700014600,1064.629,R_100,9
1700014601,1064.632,R_100,2
1700014602,1064.631,R_100,1
1700014603,1064.636,R_100,6
1700014604,1064.642,R_100,2
1700014605,1064.644,R_100,4
1700014606,1064.644,R_100,4
1700014607,1064.648,R_100,8
1700014608,1064.647,R_100,7
1700014609,1064.657,R_100,7
1700014610,1064.665,R_100,5
1700014611,1064.665,R_100,5
1700014612,1064.673,R_100,3
1700014613,1064.671,R_100,1
1700014614,1064.672,R_100,2
1700014615,1064.674,R_100,4
1700014616,1064.678,R_100,8
1700014617,1064.684,R_100,4
1700014618,1064.687,R_100,7
1700014619,1064.695,R_100,5
1700014620,1064.705,R_100,5
1700014621,1064.7,R_100,0
1700014622,1064.703,R_100,3
1700014623,1064.701,R_100,1
1700014624,1064.7,R_100,0
1700014625,1064.707,R_100,7
1700014626,1064.703,R_100,3
1700014627,1064.701,R_100,1
1700014628,1064.702,R_100,2
1700014629,1064.703,R_100,3
1700014630,1064.701,R_100,1
1700014631,1064.701,R_100,1
1700014632,1064.705,R_100,5
1700014633,1064.706,R_100,6
1700014634,1064.719,R_100,9
1700014635,1064.728,R_100,8
1700014636,1064.736,R_100,6
1700014637,1064.744,R_100,4
1700014638,1064.752,R_100,2
1700014639,1064.75,R_100,0
1700014640,1064.757,R_100,7
1700014641,1064.762,R_100,2
1700014642,1064.763,R_100,3
1700014643,1064.772,R_100,2
1700014644,1064.774,R_100,4
1700014645,1064.785,R_100,5
1700014646,1064.791,R_100,1
1700014647,1064.799,R_100,9
1700014648,1064.8,R_100,0
1700014649,1064.801,R_100,1
1700014650,1064.807,R_100,7
1700014651,1064.817,R_100,7
1700014652,1064.825,R_100,5
1700014653,1064.836,R_100,6
1700014654,1064.843,R_100,3
1700014655,1064.856,R_100,6
1700014656,1064.859,R_100,9
1700014657,1064.864,R_100,4
1700014658,1064.872,R_100,2
1700014659,1064.874,R_100,4
1700014660,1064.879,R_100,9
1700014661,1064.88,R_100,0
1700014662,1064.883,R_100,3
1700014663,1064.897,R_100,7
1700014664,1064.9,R_100,0
1700014665,1064.909,R_100,9
1700014666,1064.911,R_100,1
1700014667,1064.912,R_100,2
1700014668,1064.91,R_100,0
1700014669,1064.917,R_100,7
1700014670,1064.924,R_100,4
1700014671,1064.92,R_100,0
1700014672,1064.928,R_100,8
1700014673,1064.932,R_100,2
1700014674,1064.933,R_100,3
1700014675,1064.942,R_100,2
1700014676,1064.952,R_100,2
1700014677,1064.951,R_100,1
1700014678,1064.959,R_100,9
1700014679,1064.967,R_100,7
1700014680,1064.976,R_100,6
1700014681,1064.986,R_100,6
1700014682,1064.99,R_100,0
1700014683,1064.997,R_100,7
1700014684,1065.002,R_100,2
1700014685,1065.016,R_100,6
1700014686,1065.025,R_100,5
1700014687,1065.031,R_100,1
1700014688,1065.033,R_100,3
1700014689,1065.041,R_100,1
1700014690,1065.049,R_100,9
1700014691,1065.052,R_100,2
1700014692,1065.058,R_100,8
1700014693,1065.068,R_100,8
1700014694,1065.073,R_100,3
1700014695,1065.076,R_100,6
1700014696,1065.083,R_100,3
1700014697,1065.097,R_100,7
1700014698,1065.099,R_100,9
1700014699,1065.107,R_100,7
1700014700,1065.117,R_100,7
1700014701,1065.115,R_100,5
1700014702,1065.118,R_100,8
1700014703,1065.117,R_100,7
1700014704,1065.116,R_100,6
1700014705,1065.12,R_100,0
1700014706,1065.124,R_100,4
1700014707,1065.123,R_100,3
1700014708,1065.123,R_100,3
1700014709,1065.123,R_100,3
1700014710,1065.126,R_100,6
1700014711,1065.123,R_100,3
1700014712,1065.131,R_100,1
1700014713,1065.13,R_100,0
1700014714,1065.135,R_100,5
1700014715,1065.138,R_100,8
1700014716,1065.146,R_100,6
1700014717,1065.155,R_100,5
1700014718,1065.157,R_100,7
1700014719,1065.157,R_100,7
1700014720,1065.167,R_100,7
1700014721,1065.179,R_100,9
1700014722,1065.184,R_100,4
1700014723,1065.183,R_100,3
1700014724,1065.181,R_100,1
1700014725,1065.18,R_100,0
1700014726,1065.185,R_100,5
1700014727,1065.199,R_100,9
1700014728,1065.193,R_100,3
1700014729,1065.191,R_100,1
1700014730,1065.19,R_100,0
1700014731,1065.198,R_100,8
1700014732,1065.195,R_100,5
1700014733,1065.192,R_100,2
1700014734,1065.196,R_100,6
1700014735,1065.194,R_100,4
1700014736,1065.191,R_100,1
1700014737,1065.194,R_100,4
1700014738,1065.195,R_100,5
1700014739,1065.192,R_100,2
1700014740,1065.196,R_100,6
1700014741,1065.196,R_100,6
1700014742,1065.196,R_100,6
1700014743,1065.207,R_100,7
1700014744,1065.219,R_100,9
1700014745,1065.213,R_100,3
1700014746,1065.218,R_100,8
1700014747,1065.22,R_100,0
1700014748,1065.222,R_100,2
1700014749,1065.229,R_100,9
1700014750,1065.233,R_100,3
1700014751,1065.234,R_100,4
1700014752,1065.23,R_100,0
1700014753,1065.231,R_100,1
1700014754,1065.238,R_100,8
1700014755,1065.245,R_100,5
1700014756,1065.253,R_100,3
1700014757,1065.255,R_100,5
1700014758,1065.258,R_100,8
1700014759,1065.268,R_100,8
1700014760,1065.279,R_100,9
1700014761,1065.287,R_100,7
1700014762,1065.299,R_100,9
1700014763,1065.304,R_100,4
1700014764,1065.312,R_100,2
1700014765,1065.31,R_100,0
1700014766,1065.317,R_100,7
1700014767,1065.323,R_100,3
1700014768,1065.327,R_100,7
1700014769,1065.321,R_100,1
1700014770,1065.323,R_100,3
1700014771,1065.326,R_100,6
1700014772,1065.339,R_100,9
1700014773,1065.344,R_100,4
1700014774,1065.345,R_100,5
1700014775,1065.353,R_100,3
1700014776,1065.355,R_100,5
1700014777,1065.356,R_100,6
1700014778,1065.352,R_100,2
1700014779,1065.355,R_100,5
1700014780,1065.355,R_100,5
1700014781,1065.356,R_100,6
1700014782,1065.367,R_100,7
1700014783,1065.375,R_100,5
1700014784,1065.374,R_100,4
1700014785,1065.373,R_100,3
1700014786,1065.374,R_100,4
1700014787,1065.379,R_100,9
1700014788,1065.384,R_100,4
1700014789,1065.387,R_100,7
1700014790,1065.389,R_100,9
1700014791,1065.385,R_100,5
1700014792,1065.381,R_100,1
1700014793,1065.386,R_100,6
1700014794,1065.389,R_100,9
1700014795,1065.396,R_100,6
1700014796,1065.392,R_100,2
1700014797,1065.39,R_100,0
1700014798,1065.399,R_100,9
1700014799,1065.407,R_100,7
1700014800,1065.418,R_100,8
1700014801,1065.41,R_100,0
1700014802,1065.41,R_100,0
1700014803,1065.418,R_100,8
1700014804,1065.428,R_100,8
1700014805,1065.437,R_100,7
1700014806,1065.448,R_100,8
1700014807,1065.446,R_100,6
1700014808,1065.442,R_100,2
1700014809,1065.446,R_100,6
1700014810,1065.452,R_100,2
1700014811,1065.455,R_100,5
1700014812,1065.453,R_100,3
1700014813,1065.454,R_100,4
1700014814,1065.454,R_100,4
1700014815,1065.455,R_100,5
1700014816,1065.461,R_100,1
1700014817,1065.466,R_100,6
1700014818,1065.472,R_100,2
1700014819,1065.477,R_100,7
1700014820,1065.478,R_100,8
1700014821,1065.473,R_100,3
1700014822,1065.472,R_100,2
1700014823,1065.479,R_100,9
1700014824,1065.488,R_100,8
1700014825,1065.495,R_100,5
1700014826,1065.493,R_100,3
1700014827,1065.502,R_100,2
1700014828,1065.508,R_100,8
1700014829,1065.51,R_100,0
1700014830,1065.514,R_100,4
1700014831,1065.529,R_100,9
1700014832,1065.529,R_100,9
1700014833,1065.534,R_100,4
1700014834,1065.53,R_100,0
1700014835,1065.531,R_100,1
1700014836,1065.534,R_100,4
1700014837,1065.534,R_100,4
1700014838,1065.547,R_100,7
1700014839,1065.549,R_100,9
1700014840,1065.557,R_100,7
1700014841,1065.564,R_100,4
1700014842,1065.576,R_100,6
1700014843,1065.57,R_100,0
1700014844,1065.572,R_100,2
1700014845,1065.573,R_100,3
1700014846,1065.575,R_100,5
1700014847,1065.584,R_100,4
1700014848,1065.585,R_100,5
1700014849,1065.59,R_100,0
1700014850,1065.597,R_100,7
1700014851,1065.605,R_100,5
1700014852,1065.603,R_100,3
1700014853,1065.61,R_100,0
1700014854,1065.611,R_100,1
1700014855,1065.612,R_100,2
1700014856,1065.617,R_100,7
1700014857,1065.626,R_100,6
1700014858,1065.622,R_100,2
1700014859,1065.629,R_100,9
1700014860,1065.636,R_100,6
1700014861,1065.645,R_100,5
1700014862,1065.646,R_100,6
1700014863,1065.655,R_100,5
1700014864,1065.655,R_100,5
1700014865,1065.659,R_100,9
1700014866,1065.666,R_100,6
1700014867,1065.676,R_100,6
1700014868,1065.687,R_100,7
1700014869,1065.695,R_100,5
1700014870,1065.695,R_100,5
1700014871,1065.705,R_100,5
1700014872,1065.7,R_100,0
1700014873,1065.708,R_100,8
1700014874,1065.711,R_100,1
1700014875,1065.715,R_100,5
1700014876,1065.713,R_100,3
1700014877,1065.718,R_100,8
1700014878,1065.723,R_100,3
1700014879,1065.728,R_100,8
1700014880,1065.734,R_100,4
1700014881,1065.738,R_100,8
1700014882,1065.747,R_100,7
1700014883,1065.749,R_100,9
1700014884,1065.751,R_100,1
1700014885,1065.759,R_100,9
1700014886,1065.761,R_100,1
1700014887,1065.768,R_100,8
1700014888,1065.779,R_100,9
1700014889,1065.785,R_100,5
1700014890,1065.788,R_100,8
1700014891,1065.797,R_100,7
1700014892,1065.805,R_100,5
1700014893,1065.817,R_100,7
1700014894,1065.818,R_100,8
1700014895,1065.818,R_100,8
1700014896,1065.823,R_100,3
1700014897,1065.83,R_100,0
1700014898,1065.839,R_100,9
1700014899,1065.842,R_100,2
1700014900,1065.841,R_100,1
1700014901,1065.848,R_100,8
1700014902,1065.854,R_100,4
1700014903,1065.856,R_100,6
1700014904,1065.85,R_100,0
1700014905,1065.859,R_100,9
1700014906,1065.86,R_100,0
1700014907,1065.865,R_100,5
1700014908,1065.862,R_100,2
1700014909,1065.867,R_100,7
1700014910,1065.872,R_100,2
1700014911,1065.87,R_100,0
1700014912,1065.872,R_100,2
1700014913,1065.873,R_100,3
1700014914,1065.871,R_100,1
1700014915,1065.878,R_100,8
1700014916,1065.872,R_100,2
1700014917,1065.888,R_100,8
1700014918,1065.89,R_100,0
1700014919,1065.896,R_100,6
1700014920,1065.906,R_100,6
1700014921,1065.91,R_100,0
1700014922,1065.919,R_100,9
1700014923,1065.911,R_100,1
1700014924,1065.917,R_100,7
1700014925,1065.927,R_100,7
1700014926,1065.933,R_100,3
1700014927,1065.938,R_100,8
1700014928,1065.93,R_100,0
1700014929,1065.939,R_100,9
1700014930,1065.947,R_100,7
1700014931,1065.956,R_100,6
1700014932,1065.956,R_100,6
1700014933,1065.96,R_100,0
1700014934,1065.961,R_100,1
1700014935,1065.963,R_100,3
1700014936,1065.96,R_100,0
1700014937,1065.957,R_100,7
1700014938,1065.969,R_100,9
1700014939,1065.97,R_100,0
1700014940,1065.972,R_100,2
1700014941,1065.976,R_100,6
1700014942,1065.98,R_100,0
1700014943,1065.986,R_100,6
1700014944,1065.999,R_100,9
1700014945,1066.009,R_100,9
1700014946,1066.018,R_100,8
1700014947,1066.023,R_100,3
1700014948,1066.022,R_100,2
1700014949,1066.025,R_100,5
1700014950,1066.026,R_100,6
1700014951,1066.037,R_100,7
1700014952,1066.036,R_100,6
1700014953,1066.031,R_100,1
1700014954,1066.032,R_100,2
1700014955,1066.037,R_100,7
1700014956,1066.045,R_100,5
1700014957,1066.056,R_100,6
1700014958,1066.069,R_100,9
1700014959,1066.071,R_100,1
1700014960,1066.089,R_100,9
1700014961,1066.081,R_100,1
1700014962,1066.081,R_100,1
1700014963,1066.083,R_100,3
1700014964,1066.086,R_100,6
1700014965,1066.099,R_100,9
1700014966,1066.102,R_100,2
1700014967,1066.102,R_100,2
1700014968,1066.109,R_100,9
1700014969,1066.114,R_100,4
1700014970,1066.118,R_100,8
1700014971,1066.123,R_100,3
1700014972,1066.123,R_100,3
1700014973,1066.122,R_100,2
1700014974,1066.126,R_100,6
1700014975,1066.131,R_100,1
1700014976,1066.132,R_100,2
1700014977,1066.137,R_100,7
1700014978,1066.144,R_100,4
1700014979,1066.152,R_100,2
1700014980,1066.152,R_100,2
1700014981,1066.159,R_100,9
1700014982,1066.162,R_100,2
1700014983,1066.165,R_100,5
1700014984,1066.162,R_100,2
1700014985,1066.168,R_100,8
1700014986,1066.163,R_100,3
1700014987,1066.162,R_100,2
1700014988,1066.164,R_100,4
1700014989,1066.166,R_100,6
1700014990,1066.173,R_100,3
1700014991,1066.179,R_100,9
1700014992,1066.176,R_100,6
1700014993,1066.186,R_100,6
1700014994,1066.184,R_100,4
1700014995,1066.186,R_100,6
1700014996,1066.196,R_100,6
1700014997,1066.19,R_100,0
1700014998,1066.197,R_100,7
1700014999,1066.201,R_100,1
